Name,Set code,Set name,Collector number,Foil,Rarity,Quantity,ManaBox ID,Scryfall ID,Purchase price,Misprint,Altered,Signed,Condition,Language,Proxy,Purchase price currency,Added
Aang's Journey,TLA,Avatar: The Last Airbender,1,normal,common,1,108119,5e51f727-5a9b-4bc7-83a9-dbcf1c933e15,0.07,false,false,false,near_mint,en,false,EUR,2026-09-14T12:19:12.813Z
Abandon Attachments,TLA,Avatar: The Last Airbender,205,normal,common,1,108228,74ca45a4-97ab-4255-9129-884e8b42b984,0.39,false,false,false,near_mint,en,false,EUR,2026-09-14T12:19:12.813Z
Abjure,WTH,Weatherlight,31,normal,common,1,37266,fbad9449-d09c-4fd0-b2ad-2aa3a29e03bf,1.85,false,false,false,near_mint,en,false,EUR,2026-09-14T12:19:12.813Z
About Face,ULG,Urza's Legacy,73,normal,common,1,35447,85e71828-095b-4729-ab11-c6c39ba29aab,0.29,false,false,false,near_mint,en,false,EUR,2026-09-14T12:19:12.813Z
Abrade,SOC,Secrets of Strixhaven Commander,234,normal,uncommon,1,111857,1add1757-c1f8-448a-b279-c6940fb7ad5f,0.15,false,false,false,near_mint,en,false,EUR,2026-09-14T12:19:12.813Z
Abraded Bluffs,OTJ,Outlaws of Thunder Junction,251,normal,common,1,93074,19e96521-b4ce-4a36-a887-200e05ccc804,0.2,false,false,false,near_mint,en,false,EUR,2026-09-14T12:19:12.813Z
Abundant Growth,ECC,Lorwyn Eclipsed Commander,97,normal,common,1,110555,88b8b051-3f05-4cc1-9506-732faa25553a,0.2,false,false,false,near_mint,en,false,EUR,2026-09-14T12:19:12.813Z
Abundant Harvest,CMM,Commander Masters,269,normal,common,1,84357,516e137a-d9d9-4ba7-89fb-e680ddb2c2d1,0.1,false,false,false,near_mint,en,false,EUR,2026-09-14T12:19:12.813Z
Abundant Maw,INR,Innistrad Remastered,1,normal,common,1,102769,c5620c22-910c-4d33-a5e9-4c4eac8c6304,0.06,false,false,false,near_mint,en,false,EUR,2026-09-14T12:19:12.813Z
Abzan Runemark,FRF,Fate Reforged,3,normal,common,1,12123,fe356261-3126-41f1-ae71-b69ca5641f84,0.05,false,false,false,near_mint,en,false,EUR,2026-09-14T12:19:12.813Z
Accumulated Knowledge,A25,Masters 25,40,normal,common,1,2676,ad88e5ee-0eee-47af-a7b4-9bac044e1c8c,0.35,false,false,false,near_mint,en,false,EUR,2026-09-14T12:19:12.813Z
Accursed Marauder,MH3,Modern Horizons 3,80,normal,common,1,94858,5da14d86-0780-4821-a799-96f64b377df4,0.33,false,false,false,near_mint,en,false,EUR,2026-09-14T12:19:12.813Z
Acorn Harvest,TOR,Torment,118,normal,common,1,31623,32987720-cc0c-416b-b79b-217d3b37542d,0.93,false,false,false,near_mint,en,false,EUR,2026-09-14T12:19:12.813Z
Active Volcano,CHR,Chronicles,43,normal,common,1,39383,56adb184-f261-40e1-bdf3-e85d7d13faa2,0.13,false,false,false,near_mint,en,false,EUR,2026-09-14T12:19:12.813Z
Adaptive Snapjaw,GTC,Gatecrash,113,normal,common,1,16711,0d3c0c43-2d6d-49b8-a112-07611a23ae69,0.07,false,false,false,near_mint,en,false,EUR,2026-09-14T12:19:12.813Z
Advanced Stitchwing,2X2,Double Masters 2022,36,normal,common,1,70032,044b2bfc-a5cc-4505-831d-5e1e3a6fdb3c,0.1,false,false,false,near_mint,en,false,EUR,2026-09-14T12:19:12.813Z
Adventure Awaits,ZNR,Zendikar Rising,177,normal,common,1,54776,db50f988-da46-4b9b-9cc5-78497df2df8b,0.09,false,false,false,near_mint,en,false,EUR,2026-09-14T12:19:12.813Z
Adventurer's Inn,FIN,Final Fantasy,271,normal,common,1,105754,f0da2ee1-986e-4cbf-92eb-d96fdb572ca5,0.12,false,false,false,near_mint,en,false,EUR,2026-09-14T12:19:12.813Z
Adventuring Gear,FDN,Foundations,249,normal,uncommon,1,100358,361f9b99-5b5d-40da-b4b9-5ad90f6280ee,0.11,false,false,false,near_mint,en,false,EUR,2026-09-14T12:19:12.813Z
Adventurous Impulse,IKO,Ikoria: Lair of Behemoths,142,normal,common,1,49935,30811fb2-5767-4106-9a8d-6091f61969c6,0.06,false,false,false,near_mint,en,false,EUR,2026-09-14T12:19:12.813Z
Aerial Volley,ORI,Magic Origins,168,normal,common,1,10774,c5178301-f766-48d3-af07-6bd6f822c725,0.12,false,false,false,near_mint,en,false,EUR,2026-09-14T12:19:12.813Z
Aether Chaser,AER,Aether Revolt,76,normal,common,1,6338,290cde84-d97a-4737-aff2-c443a4e43f7d,0.09,false,false,false,near_mint,en,false,EUR,2026-09-14T12:19:12.813Z
Aether Poisoner,AER,Aether Revolt,51,normal,common,1,6363,c9b217f1-1621-40d1-8a98-24c1f7cba800,0.04,false,false,false,near_mint,en,false,EUR,2026-09-14T12:19:12.813Z
Aether Spike,MH3,Modern Horizons 3,50,normal,common,1,94833,012f5195-10ab-4b32-a5de-a79341cd536a,0.08,false,false,false,near_mint,en,false,EUR,2026-09-14T12:19:12.813Z
Aetherflame Wall,TSP,Time Spiral,142,normal,common,1,26758,93b14f08-dd93-4a9f-a616-8f8d0b26b966,0.06,false,false,false,near_mint,en,false,EUR,2026-09-14T12:19:12.813Z
Aethersnipe,2X2,Double Masters 2022,37,normal,common,1,70129,2cc9b5ee-4d6d-42ea-8b13-b8a7059781c9,0.06,false,false,false,near_mint,en,false,EUR,2026-09-14T12:19:12.813Z
Aethertow,MM3,Modern Masters 2017,205,normal,common,1,6008,c0b34ecd-6dd4-49b0-ab49-3c11f70e0c4a,0.05,false,false,false,near_mint,en,false,EUR,2026-09-14T12:19:12.813Z
Agate-Blade Assassin,BLB,Bloomburrow,82,normal,common,1,96017,39ebb84a-1c52-4b07-9bd0-b360523b3a5b,0.08,false,false,false,near_mint,en,false,EUR,2026-09-14T12:19:12.813Z
Aggressive Sabotage,DMU,Dominaria United,78,normal,common,1,71682,ac809fca-664a-4e7d-a39f-2bc1dea0fbd8,0.03,false,false,false,near_mint,en,false,EUR,2026-09-14T12:19:12.813Z
Agony Warp,2X2,Double Masters 2022,168,normal,common,1,70241,5890a23e-1da0-432b-8dc8-85b92dee9ba1,0.12,false,false,false,near_mint,en,false,EUR,2026-09-14T12:19:12.813Z
Ahriman,FIN,Final Fantasy,87,normal,common,1,106517,162a415c-5465-497e-8f4e-c6f09681641d,0.06,false,false,false,near_mint,en,false,EUR,2026-09-14T12:19:12.813Z
Ainok Wayfarer,TDM,Tarkir: Dragonstorm,134,normal,common,1,105133,57695a9b-8f72-4ccc-a946-5d5037b09b8f,0.07,false,false,false,near_mint,en,false,EUR,2026-09-14T12:19:12.813Z
Airbending Lesson,TLA,Avatar: The Last Airbender,8,normal,common,1,108292,e2bcd0a6-e94d-4a21-a334-a57459c1b8cc,0.09,false,false,false,near_mint,en,false,EUR,2026-09-14T12:19:12.813Z
Airlift Chaplain,BRO,The Brothers' War,2,normal,common,1,75570,7ad55575-6053-43b1-9496-bcb1ea25e2a1,0.07,false,false,false,near_mint,en,false,EUR,2026-09-14T12:19:12.813Z
Airship Crash,FIN,Final Fantasy,171,normal,common,1,106680,ec91c4e4-711f-464d-bc83-e6813f4fdcdb,0.05,false,false,false,near_mint,en,false,EUR,2026-09-14T12:19:12.813Z
Airship Engine Room,TLA,Avatar: The Last Airbender,265,normal,common,1,109375,0b98ba34-f251-4bd0-9d75-1d4445be5cfd,0.1,false,false,false,near_mint,en,false,EUR,2026-09-14T12:19:12.813Z
Ajani's Presence,JOU,Journey into Nyx,2,normal,common,1,14647,e77e2fd5-5c46-4f6b-ac43-ec23fab57a1a,0.2,false,false,false,near_mint,en,false,EUR,2026-09-14T12:19:12.813Z
Akki Avalanchers,CHK,Champions of Kamigawa,151,normal,common,1,29075,bfef6acb-a11c-4a3f-9cfb-9394dece2675,0.06,false,false,false,near_mint,en,false,EUR,2026-09-14T12:19:12.813Z
Akoum Hellhound,ZNR,Zendikar Rising,133,normal,common,1,54520,3a5ad1c8-3d70-43ed-9539-2aa6289c5c4a,0.06,false,false,false,near_mint,en,false,EUR,2026-09-14T12:19:12.813Z
Akroan Crusader,UMA,Ultimate Masters,121,normal,common,1,43388,73d295ac-3c83-47db-a324-aa4907bcefdd,0.13,false,false,false,near_mint,en,false,EUR,2026-09-14T12:19:12.813Z
Akroan Skyguard,BNG,Born of the Gods,3,normal,common,1,14957,d55e85c3-234e-49c4-a307-96fb4497eea8,0.21,false,false,false,near_mint,en,false,EUR,2026-09-14T12:19:12.813Z
Alchemist's Greeting,INR,Innistrad Remastered,140,normal,common,1,102847,f36e2146-b6a9-4b61-9ccf-969a2c79b747,0.07,false,false,false,near_mint,en,false,EUR,2026-09-14T12:19:12.813Z
Alchemist's Retrieval,VOW,Innistrad: Crimson Vow,47,normal,common,1,64462,edbf9d4f-6027-40b8-81c1-7f001a9119dd,0.06,false,false,false,near_mint,en,false,EUR,2026-09-14T12:19:12.813Z
Alexi's Cloak,PCY,Prophecy,29,normal,common,1,33651,457a5613-d1d4-4112-8484-f40120079b7b,0.37,false,false,false,near_mint,en,false,EUR,2026-09-14T12:19:12.813Z
Alley Assailant,MKM,Murders at Karlov Manor,76,normal,common,1,91293,edf238c9-61de-4f3a-b82f-05af46e5e81b,0.03,false,false,false,near_mint,en,false,EUR,2026-09-14T12:19:12.813Z
Alms of the Vein,SOI,Shadows over Innistrad,98,normal,common,1,8898,79b80948-a3cd-4962-8fce-d58f2db7e68e,1.0,false,false,false,near_mint,en,false,EUR,2026-09-14T12:19:12.813Z
Alpine Meadow,KHM,Kaldheim,248,normal,common,1,56964,8702d6b9-bb01-4841-a76d-4a576066c772,0.29,false,false,false,near_mint,en,false,EUR,2026-09-14T12:19:12.813Z
Alpine Watchdog,M21,Core Set 2021,2,normal,common,1,50984,c392a7e5-6ff5-4c2f-9590-f8811a724f44,0.16,false,false,false,near_mint,en,false,EUR,2026-09-14T12:19:12.813Z
Altar of the Pantheon,THB,Theros Beyond Death,231,normal,common,1,46831,e1f2a587-443d-4626-a6f6-9a26838a42b1,0.11,false,false,false,near_mint,en,false,EUR,2026-09-14T12:19:12.813Z
Altar's Reap,CMA,Commander Anthology,45,normal,common,1,5241,1db55625-25a5-46eb-9d9c-9b3ed219359f,0.18,false,false,false,near_mint,en,false,EUR,2026-09-14T12:19:12.813Z
Amazing Acrobatics,SPM,Marvel's Spider-Man,25,normal,common,1,108554,9a2f6d84-3d83-4f48-9906-11f681171930,0.08,false,false,false,near_mint,en,false,EUR,2026-09-14T12:19:12.813Z
Ambush Paratrooper,BRO,The Brothers' War,3,normal,common,1,75793,cfa00c0e-163d-4f59-b8b9-3ee9143d27bb,0.08,false,false,false,near_mint,en,false,EUR,2026-09-14T12:19:12.813Z
Ambush Viper,INR,Innistrad Remastered,186,normal,common,1,102491,37f9be6b-ae6e-4708-9749-83bebd351102,0.11,false,false,false,near_mint,en,false,EUR,2026-09-14T12:19:12.813Z
Ambush Wolf,FDN,Foundations,98,normal,common,1,101492,2903832c-318e-42ab-bf58-c682ec2f7afd,0.09,false,false,false,near_mint,en,false,EUR,2026-09-14T12:19:12.813Z
An Offer You Can't Refuse,FDN,Foundations,160,normal,uncommon,1,100948,a829747f-cf9b-4d81-ba66-9f0630ed4565,2.79,false,false,false,near_mint,en,false,EUR,2026-09-14T12:19:12.813Z
Ancestral Anger,SOS,Secrets of Strixhaven,106,normal,common,1,112627,6c5a93d6-d4ab-4062-bb3c-1b5330bf15ad,0.07,false,false,false,near_mint,en,false,EUR,2026-09-14T12:19:12.813Z
Ancestral Mask,WOC,Wilds of Eldraine Commander,119,normal,common,1,85253,0d75292c-cc03-4c40-be01-a8dba66b761c,2.31,false,false,false,near_mint,en,false,EUR,2026-09-14T12:19:12.813Z
Anchovy & Banana Pizza,TMT,Teenage Mutant Ninja Turtles,57,normal,common,1,111568,44443ad2-ef8c-4106-ba1b-ee3fb6fd8b17,0.07,false,false,false,near_mint,en,false,EUR,2026-09-14T12:19:12.813Z
Ancient Den,EOC,Edge of Eternities Commander,148,normal,common,1,107338,d9a7b0f6-97f9-4937-865c-e25c142c3ed7,1.56,false,false,false,near_mint,en,false,EUR,2026-09-14T12:19:12.813Z
Ancient Grudge,TSR,Time Spiral Remastered,151,normal,common,1,57677,5f28d4a2-6c75-44c2-93ac-e7159c1c623f,0.2,false,false,false,near_mint,en,false,EUR,2026-09-14T12:19:12.813Z
Ancient Stirrings,M3C,Modern Horizons 3 Commander,219,normal,common,1,95021,c381f0dd-b009-4405-93f4-75a90bacbfcd,0.27,false,false,false,near_mint,en,false,EUR,2026-09-14T12:19:12.813Z
Angelic Curator,MH2,Modern Horizons 2,262,normal,uncommon,1,59489,332352c2-98f2-4eb8-b49a-026a39df227b,0.1,false,false,false,near_mint,en,false,EUR,2026-09-14T12:19:12.813Z
Angelic Gift,AFC,Forgotten Realms Commander,64,normal,common,1,60723,5a2122c0-5fb4-4767-b969-c61bd959d604,0.19,false,false,false,near_mint,en,false,EUR,2026-09-14T12:19:12.813Z
Angelic Intervention,MOM,March of the Machine,5,normal,common,1,81301,09fb5876-5b47-4a05-be57-7ad3890c8953,0.1,false,false,false,near_mint,en,false,EUR,2026-09-14T12:19:12.813Z
Angelic Purge,INR,Innistrad Remastered,9,normal,common,1,102832,ed2fe361-2885-4fc9-a10f-960cc1ac0fbf,0.07,false,false,false,near_mint,en,false,EUR,2026-09-14T12:19:12.813Z
Angelic Renewal,UMA,Ultimate Masters,10,normal,common,1,43489,a03fc1f1-31f6-4e52-87d0-e3d18ea60d3b,0.25,false,false,false,near_mint,en,false,EUR,2026-09-14T12:19:12.813Z
Angelsong,DVD,Duel Decks Anthology: Divine vs. Demonic,15,normal,common,1,12463,dfdf70c7-49e2-4f6a-99e2-075aa826de60,0.41,false,false,false,near_mint,en,false,EUR,2026-09-14T12:19:12.813Z
Annihilating Glare,ONE,Phyrexia: All Will Be One,80,normal,common,1,78816,be5d0b95-ec12-4e8e-99a0-7aca457f9107,0.1,false,false,false,near_mint,en,false,EUR,2026-09-14T12:19:12.813Z
Annoyed Altisaur,MH3,Modern Horizons 3,284,normal,uncommon,1,94853,4aa9354d-3496-47f4-81c9-aead15efb8bb,0.14,false,false,false,near_mint,en,false,EUR,2026-09-14T12:19:12.813Z
Annul,EOE,Edge of Eternities,46,normal,uncommon,1,107271,4feeebea-aa55-4599-ab5a-4e41a54d0dfd,0.25,false,false,false,near_mint,en,false,EUR,2026-09-14T12:19:12.813Z
Anoint with Affliction,ONE,Phyrexia: All Will Be One,81,normal,common,1,78961,f7dc55a8-290f-4666-90ce-aa632e87c5e7,0.24,false,false,false,near_mint,en,false,EUR,2026-09-14T12:19:12.813Z
Anointer Priest,AKH,Amonkhet,3,normal,common,1,5682,4f922231-bf41-47d3-8fa3-13b9baf4a0f3,0.07,false,false,false,near_mint,en,false,EUR,2026-09-14T12:19:12.813Z
Ant-Man's Army,MSH,Marvel Super Heroes,161,normal,common,1,113743,61a89566-06c1-404f-8217-e5276e2dc5a2,0.03,false,false,false,near_mint,en,false,EUR,2026-09-14T12:19:12.813Z
Anticipate,IKO,Ikoria: Lair of Behemoths,40,normal,common,1,50037,46b6dfb2-ffe4-44fb-bfd9-df11bc3193df,0.09,false,false,false,near_mint,en,false,EUR,2026-09-14T12:19:12.813Z
Aphotic Wisps,SHM,Shadowmoor,55,normal,common,1,24811,52fd47e7-02c5-4f91-bb3b-697c4c53232a,0.34,false,false,false,near_mint,en,false,EUR,2026-09-14T12:19:12.813Z
Apostle's Blessing,MM2,Modern Masters 2015,8,normal,common,1,11209,fdfbc07e-d726-4d42-9394-6aa0f5fc3a3a,0.45,false,false,false,near_mint,en,false,EUR,2026-09-14T12:19:12.813Z
"April O'Neil, Kunoichi Trainee",TMT,Teenage Mutant Ninja Turtles,3,normal,common,1,111587,8b1982ea-686b-4acd-b677-47571430efb0,0.05,false,false,false,near_mint,en,false,EUR,2026-09-14T12:19:12.813Z
Aquamoeba,DMR,Dominaria Remastered,38,normal,common,1,77940,62721a55-37c6-4c05-aedf-0aa203045afa,0.11,false,false,false,near_mint,en,false,EUR,2026-09-14T12:19:12.813Z
Aquastrand Spider,MM2,Modern Masters 2015,140,normal,common,1,11077,af9dd8d6-013a-4018-9186-988f5e8d0ab9,0.11,false,false,false,near_mint,en,false,EUR,2026-09-14T12:19:12.813Z
Aqueous Form,CMR,Commander Legends,56,normal,common,1,56189,c859f7cb-ac12-490e-b769-6f019791f2a5,0.43,false,false,false,near_mint,en,false,EUR,2026-09-14T12:19:12.813Z
Aquitect's Defenses,ECL,Lorwyn Eclipsed,44,normal,common,1,110799,9af9a907-fd2e-4ae0-ac7b-529074b79a14,0.06,false,false,false,near_mint,en,false,EUR,2026-09-14T12:19:12.813Z
Arachnoid Adaptation,MOM,March of the Machine,175,normal,common,1,81400,8278069a-bd92-40ee-b7d5-e740dddb00fa,0.08,false,false,false,near_mint,en,false,EUR,2026-09-14T12:19:12.813Z
Arashin Cleric,FRF,Fate Reforged,5,normal,common,1,12121,10aeac19-6892-448e-9e5f-302051a089fc,0.16,false,false,false,near_mint,en,false,EUR,2026-09-14T12:19:12.813Z
Arbor Elf,A25,Masters 25,160,normal,common,1,2556,4b81165e-f091-4211-8b47-5ea6868b0d4c,0.68,false,false,false,near_mint,en,false,EUR,2026-09-14T12:19:12.813Z
Arboreal Grazer,TDC,Tarkir: Dragonstorm Commander,245,normal,common,1,104838,9eb7b2ae-a364-485b-ae75-10dbb0af5541,0.21,false,false,false,near_mint,en,false,EUR,2026-09-14T12:19:12.813Z
Arc Lightning,KTK,Khans of Tarkir,97,normal,uncommon,1,13301,35c7c392-6782-40c8-bb24-6aad24f14660,0.11,false,false,false,near_mint,en,false,EUR,2026-09-14T12:19:12.813Z
Arcane Denial,SOC,Secrets of Strixhaven Commander,187,normal,common,1,111918,4931aa7c-b77b-4002-bfb1-b75a1bac1deb,2.05,false,false,false,near_mint,en,false,EUR,2026-09-14T12:19:12.813Z
Arcane Investigator,AFR,Adventures in the Forgotten Realms,46,normal,common,1,60464,dc457520-9947-4f65-bbe7-9b95bd2c23af,0.07,false,false,false,near_mint,en,false,EUR,2026-09-14T12:19:12.813Z
Arcbound Mouser,MH2,Modern Horizons 2,3,normal,common,1,59704,9d66e724-49ee-4f08-a160-584350de1d95,0.09,false,false,false,near_mint,en,false,EUR,2026-09-14T12:19:12.813Z
Arcbound Prototype,MH2,Modern Horizons 2,4,normal,common,1,59432,1cb0a1a4-9216-47f8-a4e3-20fe0de6a518,0.09,false,false,false,near_mint,en,false,EUR,2026-09-14T12:19:12.813Z
Arcbound Stinger,MMA,Modern Masters,199,normal,common,1,16110,db438720-5bfb-4cd9-b565-434839045f60,0.18,false,false,false,near_mint,en,false,EUR,2026-09-14T12:19:12.813Z
Arcbound Tracker,MH2,Modern Horizons 2,112,normal,common,1,59658,881175c4-fee5-4c39-ad25-145ef73569ce,0.09,false,false,false,near_mint,en,false,EUR,2026-09-14T12:19:12.813Z
Arcbound Worker,MMA,Modern Masters,201,normal,common,1,16108,fdfc2453-5a2b-4104-bf82-84f935de7b99,0.2,false,false,false,near_mint,en,false,EUR,2026-09-14T12:19:12.813Z
Archaeomancer,UMA,Ultimate Masters,45,normal,common,1,43454,cc258713-6ce3-44e0-9b4b-8fa7d1d093a1,0.49,false,false,false,near_mint,en,false,EUR,2026-09-14T12:19:12.813Z
Archaeomender,JMP,Jumpstart,9,normal,common,1,51161,22bb8779-ac19-43d6-b818-86eb8ee2f87d,0.18,false,false,false,near_mint,en,false,EUR,2026-09-14T12:19:12.813Z
Architects of Will,ARC,Archenemy,77,normal,common,1,21467,6f614bb4-92e3-4ae0-9f2f-294434706c48,0.74,false,false,false,near_mint,en,false,EUR,2026-09-14T12:19:12.813Z
Archon's Glory,WOE,Wilds of Eldraine,2,normal,common,1,85796,e71768e7-4ef7-4fb2-838b-eb3a7f662d38,0.06,false,false,false,near_mint,en,false,EUR,2026-09-14T12:19:12.813Z
Arctic Treeline,KHM,Kaldheim,249,normal,common,1,57045,b20e3117-f1e4-4449-ae9d-0b66abfc717d,0.38,false,false,false,near_mint,en,false,EUR,2026-09-14T12:19:12.813Z
Ardent Elementalist,MID,Innistrad: Midnight Hunt,128,normal,common,1,63507,f58592f7-1df5-428d-9dde-e6acd9a5d1d5,0.14,false,false,false,near_mint,en,false,EUR,2026-09-14T12:19:12.813Z
Ardent Recruit,MBS,Mirrodin Besieged,2,normal,common,1,20139,69c42dac-f0b3-41aa-b3b2-f203e265131d,0.27,false,false,false,near_mint,en,false,EUR,2026-09-14T12:19:12.813Z
Ardenvale Tactician // Dizzying Swoop,ELD,Throne of Eldraine,5,normal,common,1,46333,c7d5e394-8e41-442e-ae97-a478a61e1b9d,0.09,false,false,false,near_mint,en,false,EUR,2026-09-14T12:19:12.813Z
Argivian Phalanx,DMU,Dominaria United,5,normal,common,1,71694,afbadc37-1b4f-4237-a3c0-772bafb18aa0,0.05,false,false,false,near_mint,en,false,EUR,2026-09-14T12:19:12.813Z
Argivian Restoration,2XM,Double Masters,42,normal,common,1,52115,3f14b3a6-5490-4a50-9449-542e23f1d6b1,0.1,false,false,false,near_mint,en,false,EUR,2026-09-14T12:19:12.813Z
Argothian Pixies,CHR,Chronicles,57,normal,common,1,39369,78276d53-7c01-45b4-a136-a9f3674e1f26,0.36,false,false,false,near_mint,en,false,EUR,2026-09-14T12:19:12.813Z
Armadillo Cloak,EMA,Eternal Masters,195,normal,uncommon,1,8480,fa232c65-dbb4-4414-bd95-b3bbd321c653,1.83,false,false,false,near_mint,en,false,EUR,2026-09-14T12:19:12.813Z
Armor of Shadows,CLB,Commander Legends: Battle for Baldur's Gate,112,normal,common,1,68947,32f5d5be-777f-4e7b-b18c-ce4a9cedb7d0,0.19,false,false,false,near_mint,en,false,EUR,2026-09-14T12:19:12.813Z
Armored Armadillo,OTJ,Outlaws of Thunder Junction,3,normal,common,1,93094,263232df-69b8-4205-93ad-c724fe57ec11,0.1,false,false,false,near_mint,en,false,EUR,2026-09-14T12:19:12.813Z
Armory of Iroas,CMR,Commander Legends,299,normal,common,1,55726,703a03ac-5bb5-4e36-ab9b-a5c007ffc03d,0.13,false,false,false,near_mint,en,false,EUR,2026-09-14T12:19:12.813Z
Arms of Hadar,CLB,Commander Legends: Battle for Baldur's Gate,113,normal,common,1,69329,db1fd431-8f6d-4ca5-bc0c-53881c500da1,2.45,false,false,false,near_mint,en,false,EUR,2026-09-14T12:19:12.813Z
Arrest,MM2,Modern Masters 2015,9,normal,common,1,11208,9fc0be19-e041-4347-a51c-7e93a3d9e712,0.07,false,false,false,near_mint,en,false,EUR,2026-09-14T12:19:12.813Z
Arrogant Wurm,TOR,Torment,120,normal,uncommon,1,31621,11b849c7-c91d-4c67-a357-f7d17f9b187a,5.39,false,false,false,near_mint,en,false,EUR,2026-09-14T12:19:12.813Z
Artful Dodge,DKA,Dark Ascension,27,normal,common,1,18510,de6ce6aa-e19f-4299-9807-e68920e63c73,1.28,false,false,false,near_mint,en,false,EUR,2026-09-14T12:19:12.813Z
Artifact Blast,ATQ,Antiquities,22,normal,common,1,41503,1506d99d-7b2e-4101-84a5-c950dadb263a,2.38,false,false,false,near_mint,en,false,EUR,2026-09-14T12:19:12.813Z
Artifact Ward,ATQ,Antiquities,3,normal,common,1,41522,b3a5101a-ec66-4658-950c-9ad49c29b836,0.69,false,false,false,near_mint,en,false,EUR,2026-09-14T12:19:12.813Z
Artificer's Assistant,DOM,Dominaria,44,normal,common,1,2232,deadf867-b999-49b2-88d8-91da975a3cc5,0.15,false,false,false,near_mint,en,false,EUR,2026-09-14T12:19:12.813Z
Ascendant Dustspeaker,SOS,Secrets of Strixhaven,8,normal,common,1,112702,de3de40b-a7ac-455e-add2-4e451b602d17,0.03,false,false,false,near_mint,en,false,EUR,2026-09-14T12:19:12.813Z
Asgardian Citadel,MSH,Marvel Super Heroes,258,normal,common,1,114013,d5f88c3d-b17b-46aa-a573-449350f95d46,0.09,false,false,false,near_mint,en,false,EUR,2026-09-14T12:19:12.813Z
Ash Barrens,TDC,Tarkir: Dragonstorm Commander,339,normal,common,1,105054,f5314520-b8af-4416-b57c-74388542ecb6,0.17,false,false,false,near_mint,en,false,EUR,2026-09-14T12:19:12.813Z
Ashen-Skin Zubera,CHK,Champions of Kamigawa,101,normal,common,1,29125,40cee88d-849d-4715-ad88-7cdb855a3088,0.18,false,false,false,near_mint,en,false,EUR,2026-09-14T12:19:12.813Z
Ashes to Ashes,5ED,Fifth Edition,141,normal,uncommon,1,37865,7240709d-a469-4801-82bd-f5db50859763,0.46,false,false,false,near_mint,en,false,EUR,2026-09-14T12:19:12.813Z
Ashnod's Altar,CMM,Commander Masters,368,normal,uncommon,1,84257,3c0f7157-a375-499c-92c7-d47d2e95dbad,14.04,false,false,false,near_mint,en,false,EUR,2026-09-14T12:19:12.813Z
Aspect of Hydra,BNG,Born of the Gods,117,normal,common,1,14843,19353629-07be-47e2-a7d5-3a5e5e1120c8,0.27,false,false,false,near_mint,en,false,EUR,2026-09-14T12:19:12.813Z
Aspect of Lamprey,THB,Theros Beyond Death,85,normal,common,1,46977,27157f01-8aed-4485-9f0f-9e7486492e6e,0.05,false,false,false,near_mint,en,false,EUR,2026-09-14T12:19:12.813Z
Assault Strobe,SOM,Scars of Mirrodin,82,normal,common,1,20950,9b505c78-5dbd-483d-92bb-5144060e962f,0.59,false,false,false,near_mint,en,false,EUR,2026-09-14T12:19:12.813Z
Assault Zeppelid,DIS,Dissension,103,normal,common,1,27322,12bf6443-c941-418a-a766-05bba088a117,0.04,false,false,false,near_mint,en,false,EUR,2026-09-14T12:19:12.813Z
Atlantis Attacks,MSH,Marvel Super Heroes,46,normal,common,1,113653,40bc4380-055d-4913-93cb-280c9c1d1a87,0.04,false,false,false,near_mint,en,false,EUR,2026-09-14T12:19:12.813Z
Attended Knight,MM3,Modern Masters 2017,1,normal,common,1,6212,eac22a3b-4536-4372-a854-bc7f0919830b,0.09,false,false,false,near_mint,en,false,EUR,2026-09-14T12:19:12.813Z
Attercop,HOB,The Hobbit,116,normal,common,1,115206,81263d5d-e402-4813-9458-161112da27ab,0.07,false,false,false,near_mint,en,false,EUR,2026-09-14T12:19:12.813Z
Attune with Aether,DRC,Aetherdrift Commander,109,normal,common,1,103008,442c3621-3d4c-4145-b63d-81cd2564374b,0.11,false,false,false,near_mint,en,false,EUR,2026-09-14T12:19:12.813Z
Audacious Thief,M20,Core Set 2020,84,normal,common,1,45377,e1ff5e66-4718-43c3-8a58-1a0a8e788f83,0.13,false,false,false,near_mint,en,false,EUR,2026-09-14T12:19:12.813Z
Augur il-Vec,FUT,Future Sight,2,normal,common,1,26335,1c1fdf86-22aa-4c18-a971-8ff1fd8b3de1,0.12,false,false,false,near_mint,en,false,EUR,2026-09-14T12:19:12.813Z
Augur of Bolas,WAR,War of the Spark,41,normal,uncommon,1,44363,d19fbfe6-69bb-452a-be3c-b9c625e23193,0.27,false,false,false,near_mint,en,false,EUR,2026-09-14T12:19:12.813Z
Augur of Skulls,FUT,Future Sight,63,normal,common,1,26274,945404d5-9e44-45e7-84fd-5f8c893e7d27,0.16,false,false,false,near_mint,en,false,EUR,2026-09-14T12:19:12.813Z
Augury Raven,KHM,Kaldheim,44,normal,common,1,57031,a9947cfd-91d6-479e-a7f6-2a2050f020f3,0.06,false,false,false,near_mint,en,false,EUR,2026-09-14T12:19:12.813Z
Auntie's Sentence,ECL,Lorwyn Eclipsed,85,normal,common,1,110856,e64bfe16-7362-4982-9136-1f4e0d335441,0.07,false,false,false,near_mint,en,false,EUR,2026-09-14T12:19:12.813Z
Aura Flux,ULG,Urza's Legacy,27,normal,common,1,35493,a6be1542-70b8-4e97-a951-100966dc46ce,0.34,false,false,false,near_mint,en,false,EUR,2026-09-14T12:19:12.813Z
Aura Gnarlid,WOC,Wilds of Eldraine Commander,120,normal,common,1,85417,59ae8d4f-a808-4802-a55b-04a3a911b9e0,0.23,false,false,false,near_mint,en,false,EUR,2026-09-14T12:19:12.813Z
Auramancer,DSC,Duskmourn: House of Horror Commander,97,normal,common,1,99355,d0957032-6d98-4cac-889b-890e9bfe1f86,0.17,false,false,false,near_mint,en,false,EUR,2026-09-14T12:19:12.813Z
Auriok Glaivemaster,DST,Darksteel,1,normal,common,1,29660,97cce4d4-bff2-4dbb-bc12-1a726ad82dd4,0.11,false,false,false,near_mint,en,false,EUR,2026-09-14T12:19:12.813Z
Auriok Sunchaser,SOM,Scars of Mirrodin,4,normal,common,1,21028,e274a8b3-2d92-43d9-a436-d3f6f619ca95,0.18,false,false,false,near_mint,en,false,EUR,2026-09-14T12:19:12.813Z
Aurochs Herd,CSP,Coldsnap,103,normal,common,1,27138,d757b3ad-b808-4506-934e-727e065f66c1,0.09,false,false,false,near_mint,en,false,EUR,2026-09-14T12:19:12.813Z
Aurora Eidolon,DIS,Dissension,1,normal,common,1,27424,51bb3d0b-8630-4373-b863-bc831cf08098,0.36,false,false,false,near_mint,en,false,EUR,2026-09-14T12:19:12.813Z
Avacyn's Pilgrim,MIC,Midnight Hunt Commander,132,normal,common,1,63658,a390a7df-b8da-41aa-93e5-2c0db938a27e,0.93,false,false,false,near_mint,en,false,EUR,2026-09-14T12:19:12.813Z
Avatar Enthusiasts,TLA,Avatar: The Last Airbender,11,normal,common,1,108124,7292e5f2-d5a1-4e39-8f75-eba471819f04,0.05,false,false,false,near_mint,en,false,EUR,2026-09-14T12:19:12.813Z
Aven Fogbringer,JUD,Judgment,34,normal,common,1,31564,c0ee9e09-c4b1-4133-90a3-350677f0b72a,0.14,false,false,false,near_mint,en,false,EUR,2026-09-14T12:19:12.813Z
Aven Riftwatcher,TSR,Time Spiral Remastered,6,normal,common,1,57560,261691c8-371d-49b6-9c9b-50ece5984aa2,0.05,false,false,false,near_mint,en,false,EUR,2026-09-14T12:19:12.813Z
Avenging Hunter,CLB,Commander Legends: Battle for Baldur's Gate,215,normal,common,1,69373,f4072640-0f9b-4f0a-84cc-eda415cc92e7,8.4,false,false,false,near_mint,en,false,EUR,2026-09-14T12:19:12.813Z
Aviary Mechanic,KLD,Kaladesh,6,normal,common,1,7637,b97b0767-4308-4e5d-bc12-6cf8d8724797,0.14,false,false,false,near_mint,en,false,EUR,2026-09-14T12:19:12.813Z
Avishkar Raceway,DFT,Aetherdrift,249,normal,common,1,102894,08a6b378-c7fa-4226-a310-4ee7e550b4d6,0.1,false,false,false,near_mint,en,false,EUR,2026-09-14T12:19:12.813Z
Avoid Fate,TSB,Time Spiral Timeshifted,73,normal,special,1,26948,04c9f48d-2213-4f95-8eac-b23bd2d95e34,4.15,false,false,false,near_mint,en,false,EUR,2026-09-14T12:19:12.813Z
Awesome Presence,ALL,Alliances,23b,normal,common,1,38822,0aa8a120-5c13-4852-bdc8-80ae50a6e3d3,0.21,false,false,false,near_mint,en,false,EUR,2026-09-14T12:19:12.813Z
Axebane Guardian,TDC,Tarkir: Dragonstorm Commander,248,normal,common,1,105043,f0282af2-9b3f-4335-92ea-9db9267e8cd2,0.28,false,false,false,near_mint,en,false,EUR,2026-09-14T12:19:12.813Z
Azorius Chancery,DSC,Duskmourn: House of Horror Commander,261,normal,uncommon,1,99152,50ef0ac3-e911-4d67-a751-8d86160ae843,0.17,false,false,false,near_mint,en,false,EUR,2026-09-14T12:19:12.813Z
Azorius Cluestone,DGM,Dragon's Maze,136,normal,common,1,16329,09eeb301-bc28-4515-ad69-0b1b5164a5bc,0.12,false,false,false,near_mint,en,false,EUR,2026-09-14T12:19:12.813Z
Azorius Guildgate,FDN,Foundations,683,normal,common,1,101375,f98a7264-0a83-42c8-a94d-05ad4c234242,0.14,false,false,false,near_mint,en,false,EUR,2026-09-14T12:19:12.813Z
Azorius Signet,TDC,Tarkir: Dragonstorm Commander,312,normal,uncommon,1,104586,41c50b99-4a29-4bef-8d41-c548c8a61dac,0.29,false,false,false,near_mint,en,false,EUR,2026-09-14T12:19:12.813Z
Azula Always Lies,TLA,Avatar: The Last Airbender,84,normal,common,1,108194,416b9207-a2af-44d1-9b87-4943f6e46d42,0.04,false,false,false,near_mint,en,false,EUR,2026-09-14T12:19:12.813Z
Azure Fleet Admiral,LCC,The Lost Caverns of Ixalan Commander,144,normal,common,1,88808,adb04bab-a10a-40da-813e-6afa68956efc,0.18,false,false,false,near_mint,en,false,EUR,2026-09-14T12:19:12.813Z
Badgermole,TLA,Avatar: The Last Airbender,166,normal,common,1,108260,aabbd420-b7fc-496f-9168-bad823d51d9e,0.07,false,false,false,near_mint,en,false,EUR,2026-09-14T12:19:12.813Z
Bagel and Schmear,SPM,Marvel's Spider-Man,161,normal,common,1,108544,7f927f72-fc9b-444f-9e0e-78a5e8e7bcaa,0.04,false,false,false,near_mint,en,false,EUR,2026-09-14T12:19:12.813Z
Bake into a Pie,FDN,Foundations,169,normal,common,1,101494,2ab0e660-86a3-4b92-82fa-77dcb5db947d,0.05,false,false,false,near_mint,en,false,EUR,2026-09-14T12:19:12.813Z
Bakersbane Duo,BLB,Bloomburrow,163,normal,common,1,96035,5309354f-1ff4-4fa9-9141-01ea2f7588ab,0.1,false,false,false,near_mint,en,false,EUR,2026-09-14T12:19:12.813Z
Balamb T-Rexaur,FIN,Final Fantasy,173,normal,common,1,106456,e5857b1b-73bc-458e-b26b-7ed8bef785f3,0.07,false,false,false,near_mint,en,false,EUR,2026-09-14T12:19:12.813Z
Balduvian Shaman,ICE,Ice Age,59,normal,common,1,39750,74859723-8ddf-4ee6-a0a7-87192c84e8ad,0.09,false,false,false,near_mint,en,false,EUR,2026-09-14T12:19:12.813Z
Baleful Strix,OTC,Outlaws of Thunder Junction Commander,215,normal,rare,1,93828,be8439e6-f779-49f0-806a-b04995697a6a,3.85,false,false,false,near_mint,en,false,EUR,2026-09-14T12:19:12.813Z
Balemurk Leech,DSK,Duskmourn: House of Horror,84,normal,common,1,99016,f0621b32-95c5-4f70-96cf-d46d20efc85d,0.07,false,false,false,near_mint,en,false,EUR,2026-09-14T12:19:12.813Z
Ballyrush Banneret,FDN,Foundations,567,normal,common,1,101003,b18a7daa-a112-4728-9123-594366694915,0.2,false,false,false,near_mint,en,false,EUR,2026-09-14T12:19:12.813Z
Balustrade Spy,RVR,Ravnica Remastered,66,normal,common,1,89602,24c852a5-4f38-464b-89b6-2100cf405ff5,0.13,false,false,false,near_mint,en,false,EUR,2026-09-14T12:19:12.813Z
Banehound,WAR,War of the Spark,77,normal,common,1,44327,b9e03567-c95a-40b8-a75a-971076093f57,0.15,false,false,false,near_mint,en,false,EUR,2026-09-14T12:19:12.813Z
Banishing Betrayal,SOS,Secrets of Strixhaven,38,normal,common,1,111688,1ae9d2f3-7a9f-433a-aa1f-14337ae6f9d4,0.06,false,false,false,near_mint,en,false,EUR,2026-09-14T12:19:12.813Z
Banishing Knack,EVE,Eventide,17,normal,common,1,24534,371a769a-ddae-47f6-b2c2-957de5c18417,0.83,false,false,false,near_mint,en,false,EUR,2026-09-14T12:19:12.813Z
Banishing Light,EOE,Edge of Eternities,6,normal,common,1,107153,c45f11cd-a0aa-4d14-aa21-57f0969f3e2b,0.04,false,false,false,near_mint,en,false,EUR,2026-09-14T12:19:12.813Z
Bannerhide Krushok,MH2,Modern Horizons 2,149,normal,common,1,59413,1271251b-7d79-4cb4-80bb-98574aa63249,0.2,false,false,false,near_mint,en,false,EUR,2026-09-14T12:19:12.813Z
Banners Raised,AVR,Avacyn Restored,127,normal,common,1,18151,a7792df3-e2ab-4e60-abee-f24b72807107,0.08,false,false,false,near_mint,en,false,EUR,2026-09-14T12:19:12.813Z
Bant Sureblade,ARB,Alara Reborn,143,normal,common,1,23365,162feb2b-e641-4338-bcf1-1f7e7a11bb9d,0.16,false,false,false,near_mint,en,false,EUR,2026-09-14T12:19:12.813Z
Barbed Batterfist,ONE,Phyrexia: All Will Be One,121,normal,common,1,78898,de1d02d1-91dc-47d6-bdbe-87602428abfb,0.11,false,false,false,near_mint,en,false,EUR,2026-09-14T12:19:12.813Z
Barbed Sextant,CST,Coldsnap Theme Decks,312,normal,common,1,27041,326e178c-29dd-4c2d-a888-fefec04d1be7,0.12,false,false,false,near_mint,en,false,EUR,2026-09-14T12:19:12.813Z
Barge In,ELD,Throne of Eldraine,112,normal,common,1,46226,9bfe337c-4b8c-42ce-8c43-4c95051d09ac,0.1,false,false,false,near_mint,en,false,EUR,2026-09-14T12:19:12.813Z
Barging Sergeant,GRN,Guilds of Ravnica,92,normal,common,1,391,52a54ebc-008a-4180-a023-2e1d5318780c,0.05,false,false,false,near_mint,en,false,EUR,2026-09-14T12:19:12.813Z
Barkform Harvester,BLB,Bloomburrow,243,normal,common,1,95984,f77049a6-0f22-415b-bc89-20bcb32accf6,0.08,false,false,false,near_mint,en,false,EUR,2026-09-14T12:19:12.813Z
Barrage of Boulders,KTK,Khans of Tarkir,100,normal,common,1,13298,2eb1a9f7-32ba-48fd-a7f7-788b0ec052c6,0.1,false,false,false,near_mint,en,false,EUR,2026-09-14T12:19:12.813Z
Barrels of Blasting Jelly,TLA,Avatar: The Last Airbender,254,normal,common,1,108208,4fd83083-3779-41f0-90a0-a00e3270e4e6,0.17,false,false,false,near_mint,en,false,EUR,2026-09-14T12:19:12.813Z
Barren Moor,DSC,Duskmourn: House of Horror Commander,262,normal,uncommon,1,99102,380eb7fd-bc79-4cad-9c2b-9b2b10761a72,0.19,false,false,false,near_mint,en,false,EUR,2026-09-14T12:19:12.813Z
Barrow Naughty,WOE,Wilds of Eldraine,81,normal,common,1,85464,67da5ad8-4de2-4bd4-8b95-f2657e1fdee5,0.07,false,false,false,near_mint,en,false,EUR,2026-09-14T12:19:12.813Z
Bartered Cow,ELD,Throne of Eldraine,6,normal,common,1,46332,1de43c67-7dfe-4282-b433-4e394366d2e9,0.1,false,false,false,near_mint,en,false,EUR,2026-09-14T12:19:12.813Z
Basal Sliver,TSP,Time Spiral,96,normal,common,1,26804,4564e9df-bfa3-48e5-a12e-f7e96a504cb1,0.29,false,false,false,near_mint,en,false,EUR,2026-09-14T12:19:12.813Z
Basilica Screecher,CLU,Ravnica: Clue Edition,105,normal,common,1,90900,5b28ac31-7ac0-458d-937c-75ff8ecd92cb,0.44,false,false,false,near_mint,en,false,EUR,2026-09-14T12:19:12.813Z
Basilisk Gate,M3C,Modern Horizons 3 Commander,320,normal,common,1,94996,935f3dfa-7d8d-459a-8ac2-37892cb9545f,0.34,false,false,false,near_mint,en,false,EUR,2026-09-14T12:19:12.813Z
Basking Rootwalla,UMA,Ultimate Masters,156,normal,common,1,43355,26bfde99-7761-48e1-851a-522f888d0f6c,0.17,false,false,false,near_mint,en,false,EUR,2026-09-14T12:19:12.813Z
Bat Whisperer,MID,Innistrad: Midnight Hunt,86,normal,common,1,63222,4412c901-0ec8-437a-9d1e-ce318bbe2b03,0.06,false,false,false,near_mint,en,false,EUR,2026-09-14T12:19:12.813Z
Battered Golem,5DN,Fifth Dawn,106,normal,common,1,29389,f69add35-c529-4b30-8e64-f09b8308432f,0.28,false,false,false,near_mint,en,false,EUR,2026-09-14T12:19:12.813Z
Battle Screech,CMM,Commander Masters,17,normal,common,1,84614,90301f8c-f7af-4179-8faf-9901931bba8d,0.2,false,false,false,near_mint,en,false,EUR,2026-09-14T12:19:12.813Z
Battlefield Improvisation,ACR,Assassin's Creed,276,normal,common,1,95503,d2cf2cd1-f7b3-4a23-a23a-6eb0af5451cf,3.63,false,false,false,near_mint,en,false,EUR,2026-09-14T12:19:12.813Z
Battlefield Raptor,KHM,Kaldheim,3,normal,common,1,56823,389f0045-218d-41cd-bdca-8a9a0ab1b31b,0.13,false,false,false,near_mint,en,false,EUR,2026-09-14T12:19:12.813Z
Battlefield Scrounger,DMR,Dominaria Remastered,150,normal,common,1,78194,f5a9f234-c1c1-4b4b-8385-6e0ced9977f1,0.07,false,false,false,near_mint,en,false,EUR,2026-09-14T12:19:12.813Z
Battlewand Oak,LRW,Lorwyn,197,normal,common,1,25245,8a128ea6-cd00-4410-8dc4-cf66ce6f0fa1,0.12,false,false,false,near_mint,en,false,EUR,2026-09-14T12:19:12.813Z
Battlewise Valor,THS,Theros,1,normal,common,1,15663,7d967a4c-2323-4361-a907-5ca9140d8793,0.05,false,false,false,near_mint,en,false,EUR,2026-09-14T12:19:12.813Z
Bayou Groff,STX,Strixhaven: School of Mages,121,normal,common,1,58085,4a82b032-b1ba-456c-abab-c0f7430b0587,0.14,false,false,false,near_mint,en,false,EUR,2026-09-14T12:19:12.813Z
Beaming Defiance,STX,Strixhaven: School of Mages,9,normal,common,1,58174,7e22411c-11c1-4770-8491-7952dd406e01,0.08,false,false,false,near_mint,en,false,EUR,2026-09-14T12:19:12.813Z
Beanstalk Wurm // Plant Beans,WOE,Wilds of Eldraine,161,normal,common,1,85278,19f20c0a-22be-4a9c-96ce-4047f7a2d424,0.1,false,false,false,near_mint,en,false,EUR,2026-09-14T12:19:12.813Z
Bear Trap,DSK,Duskmourn: House of Horror,243,normal,common,1,98931,e27c27d6-dc3a-4420-bb35-d97dc216e002,0.06,false,false,false,near_mint,en,false,EUR,2026-09-14T12:19:12.813Z
Beast-Kin Ranger,FDN,Foundations,100,normal,common,1,100082,0102e0be-5783-4825-9489-713b1b1df0b2,0.05,false,false,false,near_mint,en,false,EUR,2026-09-14T12:19:12.813Z
Beastrider Vanguard,DFT,Aetherdrift,154,normal,common,1,103365,f4b99a61-49f1-46a2-9eb7-b6c88c236215,0.12,false,false,false,near_mint,en,false,EUR,2026-09-14T12:19:12.813Z
"Bebop, Warthog Warrior",TMT,Teenage Mutant Ninja Turtles,59,normal,common,1,111560,371ba16d-73f7-450c-8b1f-c05012a4ca93,0.06,false,false,false,near_mint,en,false,EUR,2026-09-14T12:19:12.813Z
Beckon Apparition,UMA,Ultimate Masters,211,normal,common,1,43310,396bdd5f-2aad-48ba-a4b1-f2b2365a1a53,0.09,false,false,false,near_mint,en,false,EUR,2026-09-14T12:19:12.813Z
Befoul,CHK,Champions of Kamigawa,102,normal,common,1,29124,2dfff5d3-1433-4a24-83e6-6361a446b974,0.14,false,false,false,near_mint,en,false,EUR,2026-09-14T12:19:12.813Z
Behold the Multiverse,KHM,Kaldheim,46,normal,common,1,56795,27855a38-a682-4f97-ad22-ac625e86faec,0.22,false,false,false,near_mint,en,false,EUR,2026-09-14T12:19:12.813Z
Bellowing Crier,BLB,Bloomburrow,42,normal,common,1,96119,ca2215dd-6300-49cf-b9b2-3a840b786c31,0.1,false,false,false,near_mint,en,false,EUR,2026-09-14T12:19:12.813Z
Bellowing Elk,MH1,Modern Horizons,157,normal,common,1,44777,cec6cf54-79ff-44e8-af83-786fd72867dd,0.05,false,false,false,near_mint,en,false,EUR,2026-09-14T12:19:12.813Z
Beloved Princess,ELD,Throne of Eldraine,7,normal,common,1,46331,4c6ee4eb-70b2-4f99-9d54-5caf2d3713be,0.07,false,false,false,near_mint,en,false,EUR,2026-09-14T12:19:12.813Z
Bender's Waterskin,TLA,Avatar: The Last Airbender,255,normal,common,1,108223,6d4a1712-d19e-4475-9614-a0b1af4da610,0.83,false,false,false,near_mint,en,false,EUR,2026-09-14T12:19:12.813Z
Benevolent Blessing,CMR,Commander Legends,13,normal,common,1,56002,0d5c2401-da2c-46f9-b850-f37edcbb85cd,0.37,false,false,false,near_mint,en,false,EUR,2026-09-14T12:19:12.813Z
Benevolent Bodyguard,EMA,Eternal Masters,4,normal,common,1,8671,241e5c4e-0f0b-4a3f-91e0-87387a11e81e,0.8,false,false,false,near_mint,en,false,EUR,2026-09-14T12:19:12.813Z
Benevolent Unicorn,MIR,Mirage,4,normal,common,1,38586,2a243bd7-af98-4e44-af6e-3b0b71d4837b,0.17,false,false,false,near_mint,en,false,EUR,2026-09-14T12:19:12.813Z
Bequeathal,EXO,Exodus,106,normal,common,1,36230,20aae577-9683-4d9b-bfd5-52702b38d3a7,0.66,false,false,false,near_mint,en,false,EUR,2026-09-14T12:19:12.813Z
Besotted Knight // Betroth the Beast,WOE,Wilds of Eldraine,4,normal,common,1,85416,5980a930-c7f8-45e1-a18a-87734d9ed09e,0.06,false,false,false,near_mint,en,false,EUR,2026-09-14T12:19:12.813Z
Betrayal,VIS,Visions,26,normal,common,1,38147,7f9b5c75-882e-4fe4-827f-584080e91485,0.24,false,false,false,near_mint,en,false,EUR,2026-09-14T12:19:12.813Z
Bhaal's Invoker,CLB,Commander Legends: Battle for Baldur's Gate,163,normal,common,1,68982,3fd3e535-8412-4f79-a2b1-dfda9db1c496,0.11,false,false,false,near_mint,en,false,EUR,2026-09-14T12:19:12.813Z
Big Score,SOC,Secrets of Strixhaven Commander,237,normal,common,1,112012,8b2699d2-2057-4fbf-8e52-736fcfe2759d,0.89,false,false,false,near_mint,en,false,EUR,2026-09-14T12:19:12.813Z
"Bilbo Baggins, Burglar // Take a Glance",HOB,The Hobbit,34,normal,common,1,115057,6a109b3e-9f5b-4625-abb7-6b992c10530b,0.05,false,false,false,near_mint,en,false,EUR,2026-09-14T12:19:12.813Z
Bile-Vial Boggart,ECL,Lorwyn Eclipsed,87,normal,common,1,110463,2c0fcf98-1f3c-4cff-9234-7f3d0c8b22e9,0.08,false,false,false,near_mint,en,false,EUR,2026-09-14T12:19:12.813Z
Bind the Monster,KHM,Kaldheim,48,normal,common,1,56740,080be8d1-e453-4250-b917-f0eb26644895,0.16,false,false,false,near_mint,en,false,EUR,2026-09-14T12:19:12.813Z
Bioshift,GTC,Gatecrash,214,normal,common,1,16610,6e18f7a9-2af6-467a-8f62-5f7da83a3c92,0.27,false,false,false,near_mint,en,false,EUR,2026-09-14T12:19:12.813Z
Biosynthic Burst,EOE,Edge of Eternities,173,normal,common,1,107732,6d73a4a8-5d52-4c12-a96a-45cd202bcc62,0.1,false,false,false,near_mint,en,false,EUR,2026-09-14T12:19:12.813Z
Birchlore Rangers,ONS,Onslaught,248,normal,common,1,31055,8ce3a3a1-3569-4909-a604-f78d4888781e,0.83,false,false,false,near_mint,en,false,EUR,2026-09-14T12:19:12.813Z
Birnin Zana Plaza,MSH,Marvel Super Heroes,262,normal,common,1,113655,41463827-46de-40c4-ac2b-1fdf6aa36f65,0.08,false,false,false,near_mint,en,false,EUR,2026-09-14T12:19:12.813Z
Birthday Escape,LTR,The Lord of the Rings: Tales of Middle-earth,43,normal,common,1,83034,42db2313-b13d-4292-bef2-bf86f989d32f,0.11,false,false,false,near_mint,en,false,EUR,2026-09-14T12:19:12.813Z
Bite Down,FDN,Foundations,212,normal,common,1,101625,f8d70b3b-f6f9-4b3c-ad70-0ce369e812b5,0.06,false,false,false,near_mint,en,false,EUR,2026-09-14T12:19:12.813Z
Bite Down on Crime,MKM,Murders at Karlov Manor,154,normal,common,1,90742,29bbfe93-8225-444c-835b-33ffa006ef66,0.02,false,false,false,near_mint,en,false,EUR,2026-09-14T12:19:12.813Z
Bitter Reunion,OTC,Outlaws of Thunder Junction Commander,156,normal,common,1,93620,4ef0b4dc-5a15-4de6-9c27-0e21148c0797,0.84,false,false,false,near_mint,en,false,EUR,2026-09-14T12:19:12.813Z
Black Dragon Gate,CLB,Commander Legends: Battle for Baldur's Gate,347,normal,common,1,69282,c4ceb589-c741-44ac-98c8-3d997953ee61,0.57,false,false,false,near_mint,en,false,EUR,2026-09-14T12:19:12.813Z
Black Mage's Rod,FIN,Final Fantasy,90,normal,common,1,105591,35e8f140-055f-4fc7-a765-fb030d828214,0.28,false,false,false,near_mint,en,false,EUR,2026-09-14T12:19:12.813Z
Blacksmith's Skill,MH2,Modern Horizons 2,6,normal,common,1,59482,31506792-d0ab-4c13-9ab8-6fa433220dbf,0.18,false,false,false,near_mint,en,false,EUR,2026-09-14T12:19:12.813Z
Bladeback Sliver,MH1,Modern Horizons,119,normal,common,1,44815,7066c9ab-9420-46f9-a6c7-ce4d5273e2fa,0.12,false,false,false,near_mint,en,false,EUR,2026-09-14T12:19:12.813Z
Bladegraft Aspirant,ONE,Phyrexia: All Will Be One,122,normal,common,1,78472,2d6cf933-73fe-4e79-8d0b-29dc0f18b25d,0.12,false,false,false,near_mint,en,false,EUR,2026-09-14T12:19:12.813Z
Blanchwood Prowler,BRO,The Brothers' War,172,normal,common,1,75661,9c6988b6-ade0-4cd5-b27c-146e5e7ae91f,0.19,false,false,false,near_mint,en,false,EUR,2026-09-14T12:19:12.813Z
Blazing Bomb,FIN,Final Fantasy,130,normal,common,1,106573,70f47277-ca47-428a-808f-0fb32e820a71,0.04,false,false,false,near_mint,en,false,EUR,2026-09-14T12:19:12.813Z
Blazing Crescendo,ONE,Phyrexia: All Will Be One,123,normal,common,1,78878,d6bfc16a-2871-40a4-b279-636b80491a06,0.16,false,false,false,near_mint,en,false,EUR,2026-09-14T12:19:12.813Z
Blazing Salvo,DDK,Duel Decks: Sorin vs. Tibalt,58,normal,common,1,16515,87ce6584-0a21-43d0-a2fe-cbdea564927a,0.29,false,false,false,near_mint,en,false,EUR,2026-09-14T12:19:12.813Z
Blazing Volley,IKO,Ikoria: Lair of Behemoths,107,normal,common,1,49970,3adc0288-acdf-4a99-9bfb-919cae1aeb69,0.12,false,false,false,near_mint,en,false,EUR,2026-09-14T12:19:12.813Z
Bleak Coven Vampires,SOM,Scars of Mirrodin,55,normal,common,1,20977,9d3386e4-bbd6-4756-b29d-f55619e98d0d,0.12,false,false,false,near_mint,en,false,EUR,2026-09-14T12:19:12.813Z
Bleeding Woods,DSK,Duskmourn: House of Horror,257,normal,common,1,98671,cb224874-aff5-461f-82ee-89b06663231a,0.08,false,false,false,near_mint,en,false,EUR,2026-09-14T12:19:12.813Z
Blessed Hippogriff // Tyr's Blessing,CLB,Commander Legends: Battle for Baldur's Gate,11,normal,common,1,69240,b4590e53-ca8d-4896-a8cf-6af1e4bc456f,0.16,false,false,false,near_mint,en,false,EUR,2026-09-14T12:19:12.813Z
Blessing of Leeches,BOK,Betrayers of Kamigawa,62,normal,common,1,28647,de0ba1cf-d913-4285-9d8b-38acf78cc45e,0.31,false,false,false,near_mint,en,false,EUR,2026-09-14T12:19:12.813Z
Blight Mamba,ONC,Phyrexia: All Will Be One Commander,105,normal,common,1,78404,11803603-eb22-4ec9-b308-5d73d17a6770,0.4,false,false,false,near_mint,en,false,EUR,2026-09-14T12:19:12.813Z
Blightbelly Rat,ONE,Phyrexia: All Will Be One,85,normal,common,1,78701,9255cd01-a611-4fec-b9ec-b271687740ba,0.15,false,false,false,near_mint,en,false,EUR,2026-09-14T12:19:12.813Z
Blighted Agent,NPH,New Phyrexia,29,normal,common,1,19856,cddaebde-a060-4510-8c97-68432d931987,1.25,false,false,false,near_mint,en,false,EUR,2026-09-14T12:19:12.813Z
Blightning,A25,Masters 25,198,normal,uncommon,1,2518,ccf0f075-4401-41da-a17f-a209d6a03782,0.3,false,false,false,near_mint,en,false,EUR,2026-09-14T12:19:12.813Z
Blightspeaker,TSR,Time Spiral Remastered,103,normal,common,1,57532,17ab3455-f464-41b0-ac63-d40d27abbfb1,0.03,false,false,false,near_mint,en,false,EUR,2026-09-14T12:19:12.813Z
Blightwidow,MBS,Mirrodin Besieged,77,normal,common,1,20064,26da4278-ba44-4555-8837-e24627b46533,0.16,false,false,false,near_mint,en,false,EUR,2026-09-14T12:19:12.813Z
Blink of an Eye,DOM,Dominaria,46,normal,common,1,2230,ab830392-4d7e-4b45-93cf-35ed1e935228,0.11,false,false,false,near_mint,en,false,EUR,2026-09-14T12:19:12.813Z
Blisterpod,BFZ,Battle for Zendikar,163,normal,common,1,10188,e16f1803-634a-41b0-ae21-484d6f914a0d,0.19,false,false,false,near_mint,en,false,EUR,2026-09-14T12:19:12.813Z
Blisterspit Gremlin,IKO,Ikoria: Lair of Behemoths,108,normal,common,1,49969,4ec65b97-d5c0-4609-8a60-3c4daa3e59c1,0.1,false,false,false,near_mint,en,false,EUR,2026-09-14T12:19:12.813Z
Blitz Automaton,BRO,The Brothers' War,158,normal,common,1,75851,e4e5529a-848b-486c-97fb-1def35df7837,0.05,false,false,false,near_mint,en,false,EUR,2026-09-14T12:19:12.813Z
Blitzball Shot,FIN,Final Fantasy,176,normal,common,1,106417,ec8ab637-3d7d-4712-9f83-8920f808f715,0.04,false,false,false,near_mint,en,false,EUR,2026-09-14T12:19:12.813Z
Blood Aspirant,CMM,Commander Masters,208,normal,common,1,84007,075947cd-2e06-486a-83a7-97321445a679,0.12,false,false,false,near_mint,en,false,EUR,2026-09-14T12:19:12.813Z
Blood Celebrant,LGN,Legions,61,normal,common,1,30773,805de325-6f14-4a52-bb85-f9a9545d82a4,0.59,false,false,false,near_mint,en,false,EUR,2026-09-14T12:19:12.813Z
Blood Fountain,VOW,Innistrad: Crimson Vow,95,normal,common,1,64437,dd03651e-ada0-41dc-8722-0eba476943e3,0.94,false,false,false,near_mint,en,false,EUR,2026-09-14T12:19:12.813Z
Blood Petal Celebrant,INR,Innistrad Remastered,144,normal,common,1,102686,96db3d95-c0b8-42ff-956c-837f5f9cd40d,0.07,false,false,false,near_mint,en,false,EUR,2026-09-14T12:19:12.813Z
Blood Researcher,STX,Strixhaven: School of Mages,166,normal,common,1,58067,3e35e9ba-a10e-4926-a7a6-3a65efc2a730,0.11,false,false,false,near_mint,en,false,EUR,2026-09-14T12:19:12.813Z
Blood Seeker,DSC,Duskmourn: House of Horror Commander,77,normal,common,1,99426,fe88cbee-5f6c-47e0-8a84-192c4c2ca984,0.39,false,false,false,near_mint,en,false,EUR,2026-09-14T12:19:12.813Z
Bloodfell Caves,TDM,Tarkir: Dragonstorm,250,normal,common,1,104250,1dde3c68-6f29-4c00-b668-c25ac9e3e13b,0.09,false,false,false,near_mint,en,false,EUR,2026-09-14T12:19:12.813Z
Bloodfire Infusion,APC,Apocalypse,57,normal,common,1,32399,2639e9b7-ed8c-48fd-a8b7-b99d8dad4bc0,0.1,false,false,false,near_mint,en,false,EUR,2026-09-14T12:19:12.813Z
Bloodmad Vampire,INR,Innistrad Remastered,145,normal,common,1,102662,8a9747c1-ef2c-4c61-9529-abfb6ae0f964,0.09,false,false,false,near_mint,en,false,EUR,2026-09-14T12:19:12.813Z
Bloodrite Invoker,DDP,Duel Decks: Zendikar vs. Eldrazi,45,normal,common,1,10520,94ebd19f-c3ec-41de-bde0-3118b34b76a4,0.09,false,false,false,near_mint,en,false,EUR,2026-09-14T12:19:12.813Z
Bloodthrone Vampire,DDP,Duel Decks: Zendikar vs. Eldrazi,46,normal,common,1,10519,ee7354fe-fb76-4196-a69b-0916af73bf45,0.21,false,false,false,near_mint,en,false,EUR,2026-09-14T12:19:12.813Z
Bloodwater Entity,2X2,Double Masters 2022,185,normal,common,1,70511,cdddab31-1455-4b31-ba81-c346e608c34e,0.1,false,false,false,near_mint,en,false,EUR,2026-09-14T12:19:12.813Z
Bloody Betrayal,VOW,Innistrad: Crimson Vow,147,normal,common,1,64301,8970a5d6-dcab-415a-851b-20e228ef7d16,0.12,false,false,false,near_mint,en,false,EUR,2026-09-14T12:19:12.813Z
Blossombind,ECL,Lorwyn Eclipsed,45,normal,common,1,110479,382b83c0-bbbc-4db8-bc04-cfea79aed1b3,0.07,false,false,false,near_mint,en,false,EUR,2026-09-14T12:19:12.813Z
Blossoming Sands,TDM,Tarkir: Dragonstorm,251,normal,common,1,104239,0a9df994-e0f4-4919-af99-4f643eb9199c,0.09,false,false,false,near_mint,en,false,EUR,2026-09-14T12:19:12.813Z
Blue Elemental Blast,SS1,Signature Spellbook: Jace,2,normal,rare,1,1374,6582b980-3e4b-422a-9a6c-1927ae966d7e,3.2,false,false,false,near_mint,en,false,EUR,2026-09-14T12:19:12.813Z
Blur Sliver,CMM,Commander Masters,873,normal,common,1,84918,d44db4fa-8b13-4eb2-a66e-a55b2e0c0fb3,0.32,false,false,false,near_mint,en,false,EUR,2026-09-14T12:19:12.813Z
Boar-q-pine,TLA,Avatar: The Last Airbender,124,normal,common,1,109629,087a445c-5f63-45d6-83e8-20d22650db20,0.05,false,false,false,near_mint,en,false,EUR,2026-09-14T12:19:12.813Z
Boarding Party,CMR,Commander Legends,163,normal,common,1,56012,186adacf-434b-475b-9b85-749615ae002b,0.76,false,false,false,near_mint,en,false,EUR,2026-09-14T12:19:12.813Z
Body Dropper,SNC,Streets of New Capenna,168,normal,common,1,67613,0fcb6d47-dccb-4b69-aed4-7a6215857606,0.09,false,false,false,near_mint,en,false,EUR,2026-09-14T12:19:12.813Z
Bogslither's Embrace,ECL,Lorwyn Eclipsed,94,normal,common,1,110743,4beca2e7-9c6d-493b-b15f-69e483a8dfff,0.09,false,false,false,near_mint,en,false,EUR,2026-09-14T12:19:12.813Z
Bogwater Lumaret,SOS,Secrets of Strixhaven,177,normal,common,1,111650,7a42f51a-3377-47bb-b6fb-c0515bf1dcfb,0.12,false,false,false,near_mint,en,false,EUR,2026-09-14T12:19:12.813Z
Boiling Rock Prison,TLA,Avatar: The Last Airbender,267,normal,common,1,109390,1c2e2220-54d1-4180-93a0-964e3b0ba8b8,0.12,false,false,false,near_mint,en,false,EUR,2026-09-14T12:19:12.813Z
Bojuka Bog,SOC,Secrets of Strixhaven Commander,363,normal,common,1,111941,55b5b094-9d2d-4d96-b90c-78fecdae725a,1.57,false,false,false,near_mint,en,false,EUR,2026-09-14T12:19:12.813Z
Bonder's Ornament,CMM,Commander Masters,370,normal,common,1,84588,89486719-4aba-4465-986b-fecbe4d409a1,0.87,false,false,false,near_mint,en,false,EUR,2026-09-14T12:19:12.813Z
Bone Picker,2XM,Double Masters,78,normal,common,1,52212,f7de3d27-f3e0-4aea-a737-6577de1bd1c5,0.11,false,false,false,near_mint,en,false,EUR,2026-09-14T12:19:12.813Z
Bone Shards,MH2,Modern Horizons 2,76,normal,common,1,59436,1ee98955-4c47-4d45-9377-608dfa755337,0.2,false,false,false,near_mint,en,false,EUR,2026-09-14T12:19:12.813Z
Bone Splinters,DMU,Dominaria United,83,normal,common,1,71263,106b5c96-d1bd-433d-955e-ace0b60d3bc3,0.08,false,false,false,near_mint,en,false,EUR,2026-09-14T12:19:12.813Z
Bone to Ash,M20,Core Set 2020,48,normal,common,1,45413,df5dd873-af44-45eb-9b82-a3622cc58b35,0.08,false,false,false,near_mint,en,false,EUR,2026-09-14T12:19:12.813Z
Bonebind Orator,BLB,Bloomburrow,84,normal,common,1,96535,faf226fa-ca09-4468-8804-87b2a7de2c66,0.09,false,false,false,near_mint,en,false,EUR,2026-09-14T12:19:12.813Z
Boneclub Berserker,ECL,Lorwyn Eclipsed,126,normal,common,1,110597,b3dbbe30-3d6e-46f8-92c1-caee995cba1a,0.07,false,false,false,near_mint,en,false,EUR,2026-09-14T12:19:12.813Z
Bonesplitter,CMR,Commander Legends,458,normal,common,1,56091,690972a8-72df-4050-a353-16e45589167c,0.24,false,false,false,near_mint,en,false,EUR,2026-09-14T12:19:12.813Z
Book Burning,JUD,Judgment,80,normal,common,1,31518,bead678c-7b6a-4668-9919-623312e08a65,0.1,false,false,false,near_mint,en,false,EUR,2026-09-14T12:19:12.813Z
Boomerang,DPA,Duels of the Planeswalkers,2,normal,common,1,21705,94d4c6c7-6e8d-4727-9a1b-efca18abc617,0.38,false,false,false,near_mint,en,false,EUR,2026-09-14T12:19:12.813Z
"Boomerang, Blade Flinger",MSC,Marvel Super Heroes Commander,534,normal,common,1,113759,6b9f9d5d-a1b6-4e3a-8b65-69eba94ee990,0.2,false,false,false,near_mint,en,false,EUR,2026-09-14T12:19:12.813Z
Boon of Safety,SNC,Streets of New Capenna,4,normal,common,1,67638,2069310a-9fb6-41b7-bbd5-849e3df05632,0.13,false,false,false,near_mint,en,false,EUR,2026-09-14T12:19:12.813Z
Boots of Speed,AFR,Adventures in the Forgotten Realms,133,normal,common,1,60463,db6d9913-3d4f-4f47-ba3a-6586a50ddbd7,0.11,false,false,false,near_mint,en,false,EUR,2026-09-14T12:19:12.813Z
Borderland Explorer,C18,Commander 2018,133,normal,common,1,710,b89b4fc3-19eb-436b-9ce9-5c71d96ea9b1,0.11,false,false,false,near_mint,en,false,EUR,2026-09-14T12:19:12.813Z
Boreal Druid,CSP,Coldsnap,105,normal,common,1,27136,473d3633-6dc7-4026-a50e-3ea76b9e8c20,2.09,false,false,false,near_mint,en,false,EUR,2026-09-14T12:19:12.813Z
Boros Elite,RVR,Ravnica Remastered,10,normal,common,1,89887,c39f6916-e89d-4185-84b9-c6c02e348ad8,0.09,false,false,false,near_mint,en,false,EUR,2026-09-14T12:19:12.813Z
Boros Garrison,CLU,Ravnica: Clue Edition,231,normal,common,1,90975,76ec3366-98f3-4903-8f7b-cfcdd60e3be1,0.23,false,false,false,near_mint,en,false,EUR,2026-09-14T12:19:12.813Z
Boros Guildgate,FDN,Foundations,684,normal,common,1,100402,3e3c74ea-40e9-4ad9-a491-c208403b68ad,0.13,false,false,false,near_mint,en,false,EUR,2026-09-14T12:19:12.813Z
Borough Backup,MSH,Marvel Super Heroes,7,normal,common,1,113947,bb753ac8-67e1-44b0-b404-37f04c2b7438,0.04,false,false,false,near_mint,en,false,EUR,2026-09-14T12:19:12.813Z
Borrowed Grace,EMN,Eldritch Moon,14,normal,common,1,8323,f0067567-3434-4c12-9d4d-04ffc98d012c,0.07,false,false,false,near_mint,en,false,EUR,2026-09-14T12:19:12.813Z
Bosk Banneret,MOR,Morningtide,114,normal,common,1,24911,203f41a7-ecf5-4757-9162-01ffd2a42ee9,0.25,false,false,false,near_mint,en,false,EUR,2026-09-14T12:19:12.813Z
Boulderborn Dragon,TDM,Tarkir: Dragonstorm,239,normal,common,1,104292,50c6e815-bfe7-4599-9227-d36504a3640f,0.03,false,false,false,near_mint,en,false,EUR,2026-09-14T12:19:12.813Z
Boulderbranch Golem,BRO,The Brothers' War,197,normal,common,1,75535,6e6e5338-9b95-4ac7-a57c-5efaa6423531,0.38,false,false,false,near_mint,en,false,EUR,2026-09-14T12:19:12.813Z
Bounce Off,DFT,Aetherdrift,39,normal,common,1,103545,7b3c8dda-2405-4879-8dd1-e790a833c42d,0.12,false,false,false,near_mint,en,false,EUR,2026-09-14T12:19:12.813Z
Bound in Gold,KHM,Kaldheim,5,normal,common,1,56738,074d526a-1eef-4045-bd38-f6d68c4bc4b9,0.08,false,false,false,near_mint,en,false,EUR,2026-09-14T12:19:12.813Z
Bound in Silence,TSR,Time Spiral Remastered,10,normal,common,1,57613,41a0a78e-08cc-4eb0-8891-6c3eec5b595b,0.08,false,false,false,near_mint,en,false,EUR,2026-09-14T12:19:12.813Z
Bountiful Landscape,TDC,Tarkir: Dragonstorm Commander,342,normal,common,1,105048,f1c99617-6e38-4af7-a064-6db9a5e2cc6a,0.18,false,false,false,near_mint,en,false,EUR,2026-09-14T12:19:12.813Z
Brainstorm,DSC,Duskmourn: House of Horror Commander,113,normal,common,1,99245,8beb987c-1b67-4a4e-ae71-58547afad2a0,2.76,false,false,false,near_mint,en,false,EUR,2026-09-14T12:19:12.813Z
Bramble Wurm,INR,Innistrad Remastered,187,normal,common,1,102631,7ed00113-a0d7-4825-b066-f911a1ffb900,0.31,false,false,false,near_mint,en,false,EUR,2026-09-14T12:19:12.813Z
Brave the Wilds,WOE,Wilds of Eldraine,165,normal,common,1,85526,821b9e86-d108-42e5-b642-c5e07ab16c37,0.08,false,false,false,near_mint,en,false,EUR,2026-09-14T12:19:12.813Z
Brazen Dwarf,AFR,Adventures in the Forgotten Realms,134,normal,common,1,60205,3658e65b-df54-4327-9104-c2f3dd65df85,0.11,false,false,false,near_mint,en,false,EUR,2026-09-14T12:19:12.813Z
Break Open,ONS,Onslaught,190,normal,common,1,31113,a5ae8050-b644-41db-b1e9-d9bad2173485,0.09,false,false,false,near_mint,en,false,EUR,2026-09-14T12:19:12.813Z
Breath of Life,7ED,Seventh Edition,4,normal,uncommon,1,32802,fee1bad3-85e0-4c65-916c-d744e6e6ec61,0.27,false,false,false,near_mint,en,false,EUR,2026-09-14T12:19:12.813Z
Breath Weapon,CLB,Commander Legends: Battle for Baldur's Gate,165,normal,common,1,68819,0174e40a-0ef5-4439-91e6-3fc39f482520,9.35,false,false,false,near_mint,en,false,EUR,2026-09-14T12:19:12.813Z
Breathless Knight,MH2,Modern Horizons 2,187,normal,common,1,59793,c4785739-821d-49b0-a298-3c2b95e16972,0.1,false,false,false,near_mint,en,false,EUR,2026-09-14T12:19:12.813Z
Briar Shield,WTH,Weatherlight,121,normal,common,1,37176,68100ac2-9677-4eb5-93dc-54e49b15985d,0.29,false,false,false,near_mint,en,false,EUR,2026-09-14T12:19:12.813Z
Brightstone Ritual,ONS,Onslaught,191,normal,common,1,31112,5b08b0a6-c94e-4407-8a24-c8202497b5f2,1.11,false,false,false,near_mint,en,false,EUR,2026-09-14T12:19:12.813Z
Brimstone Volley,2XM,Double Masters,120,normal,uncommon,1,52172,94fa0577-f02a-4d24-835b-fef8d849b37a,0.09,false,false,false,near_mint,en,false,EUR,2026-09-14T12:19:12.813Z
Brindle Shoat,2X2,Double Masters 2022,139,normal,common,1,70043,0a005933-e206-4b14-9a0f-755fae6c5a2a,0.05,false,false,false,near_mint,en,false,EUR,2026-09-14T12:19:12.813Z
Brine Giant,THB,Theros Beyond Death,44,normal,common,1,47018,6811a9dc-e521-4c9e-accb-1efb8346c1db,0.07,false,false,false,near_mint,en,false,EUR,2026-09-14T12:19:12.813Z
Brinebarrow Intruder,KHM,Kaldheim,49,normal,common,1,56972,89960a74-9e17-4e30-874a-4286dd4c917d,0.3,false,false,false,near_mint,en,false,EUR,2026-09-14T12:19:12.813Z
Bring the Ending,ONE,Phyrexia: All Will Be One,44,normal,common,1,78806,ba9d9d26-0c76-4a09-aa25-b32854e70c0b,0.11,false,false,false,near_mint,en,false,EUR,2026-09-14T12:19:12.813Z
Bristling Backwoods,OTJ,Outlaws of Thunder Junction,253,normal,common,1,93365,d61dfeb7-7f6b-4601-8396-2cbb98165489,0.17,false,false,false,near_mint,en,false,EUR,2026-09-14T12:19:12.813Z
Broken Bond,DOM,Dominaria,157,normal,common,1,2119,b4dcb59f-2a47-4461-9831-204ad15696b5,0.29,false,false,false,near_mint,en,false,EUR,2026-09-14T12:19:12.813Z
Broken Wings,DFT,Aetherdrift,156,normal,common,1,103441,1d7d5b71-7c1b-4fc2-a5ec-7285e17ffe0f,0.04,false,false,false,near_mint,en,false,EUR,2026-09-14T12:19:12.813Z
Brokers Hideout,SNC,Streets of New Capenna,248,normal,common,1,67902,989b299b-daa9-4bda-94e2-9a2f0e8f2bce,0.7,false,false,false,near_mint,en,false,EUR,2026-09-14T12:19:12.813Z
Brood Birthing,ROE,Rise of the Eldrazi,138,normal,common,1,21829,0e44f7ff-1cfa-4bc4-a0f7-9d71ba48a97a,0.38,false,false,false,near_mint,en,false,EUR,2026-09-14T12:19:12.813Z
Brown Ouphe,MRD,Mirrodin,115,normal,uncommon,1,29930,1d8779ec-0ebd-45a1-96c9-4b1146871ab7,0.06,false,false,false,near_mint,en,false,EUR,2026-09-14T12:19:12.813Z
Brute Force,TSR,Time Spiral Remastered,157,normal,common,1,57740,89db7256-3bd0-4c1d-9c6f-de81f7d3c1a2,0.16,false,false,false,near_mint,en,false,EUR,2026-09-14T12:19:12.813Z
Bubbling Muck,UDS,Urza's Destiny,54,normal,common,1,34791,6ca76614-78a1-4535-9162-70469d1e8a13,2.06,false,false,false,near_mint,en,false,EUR,2026-09-14T12:19:12.813Z
Builder's Bane,MIR,Mirage,160,normal,common,1,38430,fb398027-5a29-4c81-aab5-b1a2b82fd655,0.16,false,false,false,near_mint,en,false,EUR,2026-09-14T12:19:12.813Z
Built to Last,KLD,Kaladesh,7,normal,common,1,7636,ef3e09a4-93d0-4ed7-bbee-82108672d5f8,0.06,false,false,false,near_mint,en,false,EUR,2026-09-14T12:19:12.813Z
Built to Smash,KLD,Kaladesh,108,normal,common,1,7535,6f054978-446c-4565-b51e-8f1f0e0f01e2,0.11,false,false,false,near_mint,en,false,EUR,2026-09-14T12:19:12.813Z
Bumbleflower's Sharepot,BLB,Bloomburrow,244,normal,common,1,95924,5f0affd5-5dcd-4dd1-a694-37a9aedf4084,0.09,false,false,false,near_mint,en,false,EUR,2026-09-14T12:19:12.813Z
Bump in the Night,DDK,Duel Decks: Sorin vs. Tibalt,57,normal,common,1,16516,320e394c-c8b1-42ad-91a5-6d57296f85ab,0.36,false,false,false,near_mint,en,false,EUR,2026-09-14T12:19:12.813Z
Burden of Greed,DST,Darksteel,38,normal,common,1,29623,d37abcf5-f009-4258-bf32-b93b47cb71dc,0.04,false,false,false,near_mint,en,false,EUR,2026-09-14T12:19:12.813Z
Burning Curiosity,ECL,Lorwyn Eclipsed,129,normal,common,1,110521,689ed288-6228-4d7e-b198-56a12b8be299,0.07,false,false,false,near_mint,en,false,EUR,2026-09-14T12:19:12.813Z
Burning Inquiry,M10,Magic 2010,128,normal,common,1,23225,a448bc9e-f5db-4507-ac40-7d8ee3598585,2.9,false,false,false,near_mint,en,false,EUR,2026-09-14T12:19:12.813Z
Burning Prophet,RVR,Ravnica Remastered,104,normal,common,1,90003,fdc5436b-9655-4fd4-bb1e-9d6a30dfeb81,0.11,false,false,false,near_mint,en,false,EUR,2026-09-14T12:19:12.813Z
Burning Sun's Fury,MOM,March of the Machine,133,normal,common,1,81317,2731e181-f59c-446c-bb86-8f93bfbb10e9,0.05,false,false,false,near_mint,en,false,EUR,2026-09-14T12:19:12.813Z
Burning-Tree Emissary,2X2,Double Masters 2022,189,normal,common,1,70459,ba327a5e-bd57-4e24-b4b4-062202df30e1,0.23,false,false,false,near_mint,en,false,EUR,2026-09-14T12:19:12.813Z
Burrog Banemaker,SOS,Secrets of Strixhaven,75,normal,common,1,112599,3e4f9d23-1a17-4188-ac91-f8ddea46a1c4,0.07,false,false,false,near_mint,en,false,EUR,2026-09-14T12:19:12.813Z
Burst Lightning,FDN,Foundations,192,normal,common,1,100994,aec5d380-d354-4750-931a-6c91853e2edc,0.13,false,false,false,near_mint,en,false,EUR,2026-09-14T12:19:12.813Z
Bushwhack,FDN,Foundations,215,normal,common,1,101469,03ebdb36-55e0-49dd-a514-785fbeb4ae19,0.13,false,false,false,near_mint,en,false,EUR,2026-09-14T12:19:12.813Z
Butcher Ghoul,INR,Innistrad Remastered,99,normal,common,1,102766,c4ef03c8-2047-4170-9ac4-f26cc14ebf96,0.18,false,false,false,near_mint,en,false,EUR,2026-09-14T12:19:12.813Z
Cabal Initiate,MH2,Modern Horizons 2,78,normal,common,1,59752,b279a03f-85ab-43f2-b5ca-1bc10563e5ad,0.09,false,false,false,near_mint,en,false,EUR,2026-09-14T12:19:12.813Z
Cabal Ritual,TOR,Torment,51,normal,common,1,31690,5403b49d-03a7-4cc3-af3c-df098c1c9c2e,9.11,false,false,false,near_mint,en,false,EUR,2026-09-14T12:19:12.813Z
Cabaretti Courtyard,EOC,Edge of Eternities Commander,151,normal,common,1,107154,c54ddd4e-f668-4ec8-b123-59afa977eba4,0.36,false,false,false,near_mint,en,false,EUR,2026-09-14T12:19:12.813Z
Cache Grab,BLB,Bloomburrow,167,normal,common,1,95842,dfd977dc-a7c3-4d0a-aca7-b25bd154e963,0.14,false,false,false,near_mint,en,false,EUR,2026-09-14T12:19:12.813Z
Cactarantula,OTJ,Outlaws of Thunder Junction,158,normal,common,1,93103,2e0e27f9-dc2c-4366-b810-3e8d0bdff8c3,0.03,false,false,false,near_mint,en,false,EUR,2026-09-14T12:19:12.813Z
Caligo Skin-Witch,DOM,Dominaria,80,normal,common,1,2196,2e23ee25-2005-4e81-a807-f52c0dbfb192,0.04,false,false,false,near_mint,en,false,EUR,2026-09-14T12:19:12.813Z
Call Damage Control,MSH,Marvel Super Heroes,162,normal,common,1,114035,de1ed886-c33b-4cfd-8442-944cec654a8b,0.16,false,false,false,near_mint,en,false,EUR,2026-09-14T12:19:12.813Z
Call to the Netherworld,C19,Commander 2019,108,normal,common,1,45826,caccee1e-971d-4b92-9f9a-624865c508d9,0.42,false,false,false,near_mint,en,false,EUR,2026-09-14T12:19:12.813Z
Callous Inspector,TLA,Avatar: The Last Airbender,89,normal,common,1,109579,f22610e9-6b14-4914-bb67-bd6723bec9aa,0.08,false,false,false,near_mint,en,false,EUR,2026-09-14T12:19:12.813Z
Calming Verse,PCY,Prophecy,110,normal,common,1,33570,ec38c856-dc21-450d-9aa6-da16c91a489a,0.43,false,false,false,near_mint,en,false,EUR,2026-09-14T12:19:12.813Z
Camel,ARN,Arabian Nights,3,normal,common,1,41619,e0078aa8-bfb8-43b0-a6b7-1991596c21e1,6.92,false,false,false,near_mint,en,false,EUR,2026-09-14T12:19:12.813Z
Campfire,CMM,Commander Masters,374,normal,common,1,84223,34b64d10-c012-4370-b475-755c4025a348,3.03,false,false,false,near_mint,en,false,EUR,2026-09-14T12:19:12.813Z
Cancel,FDN,Foundations,505,normal,common,1,100443,475bff39-220a-4490-9c2e-d311e306a6db,0.26,false,false,false,near_mint,en,false,EUR,2026-09-14T12:19:12.813Z
Candy Grapple,WOE,Wilds of Eldraine,83,normal,common,1,85276,190d97bc-dbef-496d-9bd1-b785bdf8a964,0.08,false,false,false,near_mint,en,false,EUR,2026-09-14T12:19:12.813Z
Candy Trail,WOE,Wilds of Eldraine,243,normal,common,1,85282,1a860925-d912-49e5-9ddc-41ab26916bb3,2.39,false,false,false,near_mint,en,false,EUR,2026-09-14T12:19:12.813Z
Capashen Standard,UDS,Urza's Destiny,4,normal,common,1,34841,16665386-405e-48c9-8c69-c21b03931c2f,0.13,false,false,false,near_mint,en,false,EUR,2026-09-14T12:19:12.813Z
Capsize,TMP,Tempest,55,normal,common,1,36944,e538b359-d893-422d-9d60-5f3e8ee0fa9e,0.51,false,false,false,near_mint,en,false,EUR,2026-09-14T12:19:12.813Z
Captivating Cave,LCI,The Lost Caverns of Ixalan,268,normal,common,1,88323,1d1a645e-85c7-4044-b817-6e24744d245e,0.05,false,false,false,near_mint,en,false,EUR,2026-09-14T12:19:12.813Z
Captured by Lagacs,MH2,Modern Horizons 2,188,normal,common,1,59633,7ce1c2a8-688b-4f63-8d58-e325efc6052a,0.06,false,false,false,near_mint,en,false,EUR,2026-09-14T12:19:12.813Z
Captured Sunlight,ARB,Alara Reborn,66,normal,common,1,23442,fcafc9eb-efa3-4f6c-a2ca-aec8692fddc1,0.08,false,false,false,near_mint,en,false,EUR,2026-09-14T12:19:12.813Z
Carapace Forger,SOM,Scars of Mirrodin,114,normal,common,1,20918,e9948e4c-d583-4fde-a305-df926cf00199,0.15,false,false,false,near_mint,en,false,EUR,2026-09-14T12:19:12.813Z
Careful Cultivation,WOC,Wilds of Eldraine Commander,122,normal,common,1,85468,68d56fac-4dca-47b8-b48e-0a3d532004a5,0.15,false,false,false,near_mint,en,false,EUR,2026-09-14T12:19:12.813Z
Careful Study,ODY,Odyssey,70,normal,common,1,32107,dea15b53-2940-40e7-8d48-8ec11341da83,2.73,false,false,false,near_mint,en,false,EUR,2026-09-14T12:19:12.813Z
Carnivorous Canopy,ONE,Phyrexia: All Will Be One,162,normal,common,1,78647,7b43ba43-f7ae-4e00-b797-2360c3ccd839,0.1,false,false,false,near_mint,en,false,EUR,2026-09-14T12:19:12.813Z
Carnophage,EXO,Exodus,53,normal,common,1,36283,d17c057f-cb1b-4895-831a-fb35c75d3845,0.8,false,false,false,near_mint,en,false,EUR,2026-09-14T12:19:12.813Z
Carrion Beetles,USG,Urza's Saga,122,normal,common,1,35846,46d4f4d7-a35b-45ea-ba51-ee65b3ff98d4,0.15,false,false,false,near_mint,en,false,EUR,2026-09-14T12:19:12.813Z
Carrion Feeder,MH1,Modern Horizons,81,normal,uncommon,1,44853,0a19da90-880e-4eca-8cf7-6d7baf090d53,3.2,false,false,false,near_mint,en,false,EUR,2026-09-14T12:19:12.813Z
Carrot Cake,BLB,Bloomburrow,7,normal,common,1,95636,eb03bb4f-8b4b-417e-bfc6-294cd2186b2e,0.11,false,false,false,near_mint,en,false,EUR,2026-09-14T12:19:12.813Z
Cartel Aristocrat,RVR,Ravnica Remastered,170,normal,uncommon,1,89951,e2dec477-5764-4c0c-bb10-42d64ad2103e,0.09,false,false,false,near_mint,en,false,EUR,2026-09-14T12:19:12.813Z
Cartouche of Knowledge,AKH,Amonkhet,45,normal,common,1,5640,d806458e-81cd-4413-bba0-14d957bece79,0.09,false,false,false,near_mint,en,false,EUR,2026-09-14T12:19:12.813Z
Cartouche of Solidarity,AKH,Amonkhet,7,normal,common,1,5678,90eaf94e-85a7-4958-aa58-8e2fe44db58d,0.21,false,false,false,near_mint,en,false,EUR,2026-09-14T12:19:12.813Z
Cartouche of Strength,AKH,Amonkhet,158,normal,common,1,5527,d6bb237c-4e39-4879-90b4-2f507a90d3d7,0.15,false,false,false,near_mint,en,false,EUR,2026-09-14T12:19:12.813Z
Cartouche of Zeal,AKH,Amonkhet,124,normal,common,1,5561,8d09b2d9-b944-480b-93f9-76fc9bc319ce,0.07,false,false,false,near_mint,en,false,EUR,2026-09-14T12:19:12.813Z
Cast Down,CLB,Commander Legends: Battle for Baldur's Gate,119,normal,uncommon,1,69212,aba79021-39af-4e74-beb5-f2f508c865b2,1.61,false,false,false,near_mint,en,false,EUR,2026-09-14T12:19:12.813Z
Cast into the Fire,LTR,The Lord of the Rings: Tales of Middle-earth,118,normal,common,1,82962,2ef878cb-27b6-47d8-ad11-bd20529b0e7e,0.79,false,false,false,near_mint,en,false,EUR,2026-09-14T12:19:12.813Z
Castigate,GPT,Guildpact,106,normal,common,1,27489,112c47e4-5ff8-4ea0-ac14-956e4b94119a,0.17,false,false,false,near_mint,en,false,EUR,2026-09-14T12:19:12.813Z
Cateran Brute,MMQ,Mercadian Masques,120,normal,common,1,34290,73b6ce76-0ed0-4994-ae2c-d8e51ae09920,0.12,false,false,false,near_mint,en,false,EUR,2026-09-14T12:19:12.813Z
Cateran Persuader,MMQ,Mercadian Masques,124,normal,common,1,34286,a98bdbf1-32a6-4d9b-8e57-5d3aca6b05bc,0.11,false,false,false,near_mint,en,false,EUR,2026-09-14T12:19:12.813Z
Cathar Commando,INR,Innistrad Remastered,15,normal,common,1,102628,7cd21530-ca72-4986-a0f2-142b9f23c413,0.16,false,false,false,near_mint,en,false,EUR,2026-09-14T12:19:12.813Z
Cathartic Adept,ALA,Shards of Alara,34,normal,common,1,24065,8e63626d-f55c-4155-9712-511f591c0614,0.16,false,false,false,near_mint,en,false,EUR,2026-09-14T12:19:12.813Z
Cathartic Reunion,ECC,Lorwyn Eclipsed Commander,91,normal,common,1,110641,e3bca51a-b9be-4be2-a256-b15853fde433,0.12,false,false,false,near_mint,en,false,EUR,2026-09-14T12:19:12.813Z
Cathedral Sanctifier,DDQ,Duel Decks: Blessed vs. Cursed,3,normal,common,1,9180,de3d0a45-3b3a-4718-9cb8-ff0c2464d634,0.16,false,false,false,near_mint,en,false,EUR,2026-09-14T12:19:12.813Z
Cauldron Familiar,ELD,Throne of Eldraine,81,normal,uncommon,1,46257,9a539a23-8383-4525-82dd-acfe1d219fe9,1.64,false,false,false,near_mint,en,false,EUR,2026-09-14T12:19:12.813Z
Caustic Caterpillar,ORI,Magic Origins,170,normal,common,1,10772,f03d4e0d-bddd-4835-91b8-11c2f15e54c3,0.25,false,false,false,near_mint,en,false,EUR,2026-09-14T12:19:12.813Z
Caustic Exhale,TDM,Tarkir: Dragonstorm,74,normal,common,1,104284,488152ce-2048-4ccb-b2d6-b9628958286f,0.07,false,false,false,near_mint,en,false,EUR,2026-09-14T12:19:12.813Z
Cautious Survivor,DSK,Duskmourn: House of Horror,172,normal,common,1,98937,ee2b4c1a-e058-4e06-bc46-e250fd9c9b54,0.04,false,false,false,near_mint,en,false,EUR,2026-09-14T12:19:12.813Z
Cave of Temptation,MH1,Modern Horizons,237,normal,common,1,44697,d86e9149-6fd9-44fc-b765-3e646c7d83d6,0.11,false,false,false,near_mint,en,false,EUR,2026-09-14T12:19:12.813Z
Cavern Harpy,PLS,Planeshift,97,normal,common,1,32854,adfb0804-50d6-4bca-8733-72e01030a543,0.33,false,false,false,near_mint,en,false,EUR,2026-09-14T12:19:12.813Z
Cavern Stomper,LCI,The Lost Caverns of Ixalan,177,normal,common,1,88957,decdfd6b-55ab-47fd-9f98-1845261f1caf,0.04,false,false,false,near_mint,en,false,EUR,2026-09-14T12:19:12.813Z
Celestial Flare,ORI,Magic Origins,8,normal,common,1,10934,89bb3b06-b33b-4897-882e-75b75790ea02,0.08,false,false,false,near_mint,en,false,EUR,2026-09-14T12:19:12.813Z
Celestial Unicorn,AFR,Adventures in the Forgotten Realms,5,normal,common,1,60502,f2d68812-8862-4e34-a992-7d6bbadaf316,0.13,false,false,false,near_mint,en,false,EUR,2026-09-14T12:19:12.813Z
Cemetery Gate,HML,Homelands,44b,normal,common,1,39246,4a7b2cc1-cb0b-4cb8-963f-453a1d5b0e3c,0.15,false,false,false,near_mint,en,false,EUR,2026-09-14T12:19:12.813Z
Cerebral Confiscation,MKM,Murders at Karlov Manor,81,normal,common,1,90804,3c3c3d15-b775-44a2-91ea-4abcc3cf2dba,0.1,false,false,false,near_mint,en,false,EUR,2026-09-14T12:19:12.813Z
Chain Lightning,DMR,Dominaria Remastered,113,normal,common,1,77822,2105a0d9-ea2e-4ffc-be08-424b5617205d,0.45,false,false,false,near_mint,en,false,EUR,2026-09-14T12:19:12.813Z
Chain to Memory,THB,Theros Beyond Death,46,normal,common,1,47016,fa0e1a22-8f27-4c5b-a65c-c35abd2ff05b,0.08,false,false,false,near_mint,en,false,EUR,2026-09-14T12:19:12.813Z
Chainer's Edict,DMR,Dominaria Remastered,78,normal,uncommon,1,78027,8c204471-d908-4a08-83e4-cf38999fa80f,0.24,false,false,false,near_mint,en,false,EUR,2026-09-14T12:19:12.813Z
Chains of Custody,SOC,Secrets of Strixhaven Commander,139,normal,common,1,111892,3484b0bb-f305-404b-b4a9-430296061365,0.17,false,false,false,near_mint,en,false,EUR,2026-09-14T12:19:12.813Z
Champion of Dusan,TDM,Tarkir: Dragonstorm,137,normal,common,1,105164,c51dcdab-38ee-4804-8859-09adc353c182,0.08,false,false,false,near_mint,en,false,EUR,2026-09-14T12:19:12.813Z
Champion of the Flame,CMM,Commander Masters,210,normal,common,1,84134,203dba7d-5e89-4a5a-998a-c26bf17c92f9,0.06,false,false,false,near_mint,en,false,EUR,2026-09-14T12:19:12.813Z
Chandra's Pyrohelix,WAR,War of the Spark,120,normal,common,1,44284,1c482f51-9222-4e9e-a9fd-bb14a0afe156,0.1,false,false,false,near_mint,en,false,EUR,2026-09-14T12:19:12.813Z
Changeling Outcast,OTC,Outlaws of Thunder Junction Commander,128,normal,common,1,93798,ab499df5-ed76-43ad-81b3-70afd0487ccd,1.4,false,false,false,near_mint,en,false,EUR,2026-09-14T12:19:12.813Z
Chaos Charm,MIR,Mirage,163,normal,common,1,38427,ebf8ccb8-57fb-491c-b07d-93348b33a765,0.22,false,false,false,near_mint,en,false,EUR,2026-09-14T12:19:12.813Z
Chaos Spewer,ECL,Lorwyn Eclipsed,210,normal,common,1,110599,b5918fa5-1d13-447b-8838-633b6b61e791,0.04,false,false,false,near_mint,en,false,EUR,2026-09-14T12:19:12.813Z
Chaplain's Blessing,SOI,Shadows over Innistrad,10,normal,common,1,8986,f70ea481-1751-4097-af41-2d13fe79e788,0.12,false,false,false,near_mint,en,false,EUR,2026-09-14T12:19:12.813Z
Charge,DOM,Dominaria,10,normal,common,1,2266,000eded9-854c-408a-aadf-c26209e27432,0.1,false,false,false,near_mint,en,false,EUR,2026-09-14T12:19:12.813Z
Charge of the Mites,ONE,Phyrexia: All Will Be One,6,normal,common,1,78520,42060b9d-de58-485e-817a-1e64839943aa,0.13,false,false,false,near_mint,en,false,EUR,2026-09-14T12:19:12.813Z
Charge Through,STX,Strixhaven: School of Mages,124,normal,common,1,58373,ed16926f-feb0-481a-8c5e-88ea119752cd,0.13,false,false,false,near_mint,en,false,EUR,2026-09-14T12:19:12.813Z
Chatter of the Squirrel,2XM,Double Masters,157,normal,common,1,52141,5f7e1991-9ffa-4a57-b8eb-ebe542a47f09,0.2,false,false,false,near_mint,en,false,EUR,2026-09-14T12:19:12.813Z
Cheerful Osteomancer // Raise Dead,SOS,Secrets of Strixhaven,76,normal,common,1,112596,3c34660c-25e3-4ff5-9b2b-5554ded2bcc3,0.06,false,false,false,near_mint,en,false,EUR,2026-09-14T12:19:12.813Z
Children of Korlis,TSR,Time Spiral Remastered,14,normal,common,1,57540,1a6cbece-f9d8-4c40-b72b-dfdb86430ff2,0.19,false,false,false,near_mint,en,false,EUR,2026-09-14T12:19:12.813Z
Chitin Gravestalker,DFT,Aetherdrift,79,normal,common,1,103575,903b4141-04a3-44c4-9d3e-aa2a773d9883,0.12,false,false,false,near_mint,en,false,EUR,2026-09-14T12:19:12.813Z
Chittering Rats,PHUK,Hachette UK,5,normal,common,1,27666,b3c1898d-76b6-438e-a7c3-3bb89ade1d30,0.13,false,false,false,near_mint,en,false,EUR,2026-09-14T12:19:12.813Z
Cho-Manno's Blessing,MMQ,Mercadian Masques,12,normal,common,1,34398,5c9f33c6-5294-4584-854d-c8c0f847aba8,0.43,false,false,false,near_mint,en,false,EUR,2026-09-14T12:19:12.813Z
Choking Sands,MIR,Mirage,113,normal,common,1,38477,e41c15fb-01a1-446e-9e88-71e8e95d9bce,0.41,false,false,false,near_mint,en,false,EUR,2026-09-14T12:19:12.813Z
Chosen by Heliod,THS,Theros,5,normal,common,1,15659,d8ead499-920c-465a-a23d-f08710d7e9bc,0.14,false,false,false,near_mint,en,false,EUR,2026-09-14T12:19:12.813Z
Chromatic Sphere,MRD,Mirrodin,151,normal,common,1,29894,f31a6dfd-93d2-49c8-a357-9a707b9c42bd,0.28,false,false,false,near_mint,en,false,EUR,2026-09-14T12:19:12.813Z
Chromatic Star,TSR,Time Spiral Remastered,263,normal,common,1,57836,c2e8d492-2c67-410b-b556-c157a14c4cec,0.21,false,false,false,near_mint,en,false,EUR,2026-09-14T12:19:12.813Z
Circle of Protection: Black,9ED,Ninth Edition,10,normal,uncommon,1,28354,edab2933-5970-4a17-ac00-abcd2c048fdc,0.17,false,false,false,near_mint,en,false,EUR,2026-09-14T12:19:12.813Z
Circle of Protection: Blue,8ED,Eighth Edition,11,normal,uncommon,1,30525,5ced2118-dfb3-4f29-ad6b-454c0a8a094b,0.17,false,false,false,near_mint,en,false,EUR,2026-09-14T12:19:12.813Z
Circle of Protection: Green,8ED,Eighth Edition,12,normal,uncommon,1,30524,eecc0e7d-a15b-4930-93d1-832c4fed733b,0.11,false,false,false,near_mint,en,false,EUR,2026-09-14T12:19:12.813Z
Circle of Protection: Red,9ED,Ninth Edition,11,normal,uncommon,1,28352,d7920b6d-ff71-4802-9589-e1df0c58b9ff,0.2,false,false,false,near_mint,en,false,EUR,2026-09-14T12:19:12.813Z
Circle of Protection: Shadow,TMP,Tempest,12,normal,common,1,36987,49f29a3b-7136-496c-bc29-8808bfff0f82,0.08,false,false,false,near_mint,en,false,EUR,2026-09-14T12:19:12.813Z
Circle of Protection: White,8ED,Eighth Edition,14,normal,uncommon,1,30522,2e64f2cc-67bd-482a-938b-8dca1a1c6ac1,0.12,false,false,false,near_mint,en,false,EUR,2026-09-14T12:19:12.813Z
Circle of the Land Druid,CLB,Commander Legends: Battle for Baldur's Gate,220,normal,common,1,68900,1e84fc74-5b33-423a-82c7-983320fce7a3,0.51,false,false,false,near_mint,en,false,EUR,2026-09-14T12:19:12.813Z
Circuits Act,UNF,Unfinity,103,normal,common,1,73337,f21045d6-638e-4267-b353-c2c11db8d965,0.25,false,false,false,near_mint,en,false,EUR,2026-09-14T12:19:12.813Z
Circular Logic,DMR,Dominaria Remastered,42,normal,uncommon,1,77895,4b19fdac-da3e-4ebd-ae7b-6f31a97b2a0f,0.24,false,false,false,near_mint,en,false,EUR,2026-09-14T12:19:12.813Z
Citadel Gate,CLB,Commander Legends: Battle for Baldur's Gate,349,normal,common,1,69270,c0e6f002-9a10-49a1-8604-2b8ff57732dd,2.69,false,false,false,near_mint,en,false,EUR,2026-09-14T12:19:12.813Z
Citanul Stalwart,BRO,The Brothers' War,175,normal,common,1,75693,a842a945-21d9-432c-b970-6da65b16f309,0.1,false,false,false,near_mint,en,false,EUR,2026-09-14T12:19:12.813Z
City Pigeon,MSC,Marvel Super Heroes Commander,769,normal,common,1,113778,726882db-0fac-4a86-ab85-c62bcb593093,0.16,false,false,false,near_mint,en,false,EUR,2026-09-14T12:19:12.813Z
Clawing Torment,NEO,Kamigawa: Neon Dynasty,91,normal,common,1,66880,621fce96-5933-4e2b-98ec-2589940e24cb,0.1,false,false,false,near_mint,en,false,EUR,2026-09-14T12:19:12.813Z
Cleansing Wildfire,ZNR,Zendikar Rising,137,normal,common,1,54537,492d77e5-acc6-41b8-8930-f39d69234919,0.87,false,false,false,near_mint,en,false,EUR,2026-09-14T12:19:12.813Z
Clear the Mind,RNA,Ravnica Allegiance,34,normal,common,1,43830,a7da6982-9e57-41d2-a052-f2a3bb646436,0.14,false,false,false,near_mint,en,false,EUR,2026-09-14T12:19:12.813Z
Cleaving Sliver,CMM,Commander Masters,877,normal,common,1,83990,023dd90c-eb55-4876-94c9-b8058c80e82d,0.21,false,false,false,near_mint,en,false,EUR,2026-09-14T12:19:12.813Z
Cliffgate,CLB,Commander Legends: Battle for Baldur's Gate,350,normal,common,1,69029,557470dc-c594-4b26-81b9-356bedb0c215,0.57,false,false,false,near_mint,en,false,EUR,2026-09-14T12:19:12.813Z
Cliffhaven Kitesail,ZNR,Zendikar Rising,243,normal,common,1,54809,eebf8f67-49d0-42de-a5cc-ad13d19d2c55,0.1,false,false,false,near_mint,en,false,EUR,2026-09-14T12:19:12.813Z
Cloak of Confusion,5ED,Fifth Edition,151,normal,common,1,37855,430a4e23-d13c-4413-9032-f18350a128da,0.1,false,false,false,near_mint,en,false,EUR,2026-09-14T12:19:12.813Z
Cloakwood Swarmkeeper,CLB,Commander Legends: Battle for Baldur's Gate,222,normal,common,1,69245,b6918a85-1a10-4a73-917c-23bd0a877a04,0.19,false,false,false,near_mint,en,false,EUR,2026-09-14T12:19:12.813Z
Clockwork Fox,CLB,Commander Legends: Battle for Baldur's Gate,308,normal,common,1,69160,8fbb37d7-7053-4b1f-b899-91695f88f7e0,0.17,false,false,false,near_mint,en,false,EUR,2026-09-14T12:19:12.813Z
Clockwork Percussionist,DSK,Duskmourn: House of Horror,130,normal,common,1,98695,10986e5a-9fc6-41e2-8352-289328245171,0.17,false,false,false,near_mint,en,false,EUR,2026-09-14T12:19:12.813Z
Cloudcrown Oak,DDS,Duel Decks: Mind vs. Might,45,normal,common,1,5898,833211c0-3bec-4548-97a0-c9381660cd88,0.1,false,false,false,near_mint,en,false,EUR,2026-09-14T12:19:12.813Z
Cloudfin Raptor,RVR,Ravnica Remastered,37,normal,common,1,89684,54bb0672-adb4-4aad-a4c0-77a0e7373bac,0.09,false,false,false,near_mint,en,false,EUR,2026-09-14T12:19:12.813Z
Cloudkin Seer,CLU,Ravnica: Clue Edition,82,normal,common,1,90726,25e97ad6-8b49-4fb6-9c07-e8d91bbaed5a,0.14,false,false,false,near_mint,en,false,EUR,2026-09-14T12:19:12.813Z
Cloudshift,A25,Masters 25,7,normal,common,1,2709,12b1e18f-f781-498c-ba84-cdee49c24230,1.33,false,false,false,near_mint,en,false,EUR,2026-09-14T12:19:12.813Z
Clout of the Dominus,EVE,Eventide,99,normal,common,1,24452,7c8ce6d6-014f-46c2-baf3-f250e9dc3085,0.93,false,false,false,near_mint,en,false,EUR,2026-09-14T12:19:12.813Z
Coalhauler Swine,RAV,Ravnica: City of Guilds,119,normal,common,1,27891,bc001cef-3afd-4128-989f-ac99dc76b243,0.1,false,false,false,near_mint,en,false,EUR,2026-09-14T12:19:12.813Z
Coalition Honor Guard,EMA,Eternal Masters,6,normal,common,1,8669,2c7c2b5c-634a-4d83-81bc-c6128e3ac339,0.23,false,false,false,near_mint,en,false,EUR,2026-09-14T12:19:12.813Z
Codespell Cleric,KHM,Kaldheim,7,normal,common,1,56761,1316a74e-da55-4668-87f2-98389a90a2a4,0.04,false,false,false,near_mint,en,false,EUR,2026-09-14T12:19:12.813Z
Coercion,9ED,Ninth Edition,118,normal,common,1,28245,6b7a810f-de22-410a-aa08-333920ffdd1f,0.04,false,false,false,near_mint,en,false,EUR,2026-09-14T12:19:12.813Z
Coffin Purge,ODY,Odyssey,124,normal,common,1,32053,541e06cb-5616-40b4-9d36-89471a795ac8,0.54,false,false,false,near_mint,en,false,EUR,2026-09-14T12:19:12.813Z
Cogwork Wrestler,LCI,The Lost Caverns of Ixalan,49,normal,common,1,88790,a9d329ad-6b19-4aa7-a53f-38c7b76c4c96,0.08,false,false,false,near_mint,en,false,EUR,2026-09-14T12:19:12.813Z
Coiling Oracle,BLC,Bloomburrow Commander,250,normal,common,1,96399,9cfb4080-0f31-4352-b47a-a36955b68a18,0.18,false,false,false,near_mint,en,false,EUR,2026-09-14T12:19:12.813Z
Collateral Damage,FRF,Fate Reforged,95,normal,common,1,12031,fb738362-b0b4-4811-9fbf-5f45c852c822,0.12,false,false,false,near_mint,en,false,EUR,2026-09-14T12:19:12.813Z
Colossal Badger // Dig Deep,CLB,Commander Legends: Battle for Baldur's Gate,223,normal,common,1,69011,4fe31ab9-d217-464e-96b1-d8a1ca6ad005,0.1,false,false,false,near_mint,en,false,EUR,2026-09-14T12:19:12.813Z
Colossal Dreadmask,MH3,Modern Horizons 3,148,normal,common,1,94552,98164430-64c1-465f-b786-45753c965f44,0.07,false,false,false,near_mint,en,false,EUR,2026-09-14T12:19:12.813Z
Colossal Dreadmaw,M21,Core Set 2021,176,normal,common,1,50875,8059c52b-5d25-4052-b48a-e9e219a7a546,0.15,false,false,false,near_mint,en,false,EUR,2026-09-14T12:19:12.813Z
Colossal Might,CMD,Commander 2011,190,normal,common,1,19424,6f5d699f-5c15-4a38-8e83-c84f762d9fe9,0.25,false,false,false,near_mint,en,false,EUR,2026-09-14T12:19:12.813Z
Combat Courier,BRO,The Brothers' War,77,normal,common,1,75307,171edf80-ffc1-4894-9be5-c3e93a96f734,0.11,false,false,false,near_mint,en,false,EUR,2026-09-14T12:19:12.813Z
Combat Tutorial,FIN,Final Fantasy,48,normal,common,1,106679,ec195607-ac30-4931-acfd-f9d8ac8b047f,0.07,false,false,false,near_mint,en,false,EUR,2026-09-14T12:19:12.813Z
Command Bridge,EOE,Edge of Eternities,252,normal,common,1,106926,247670d2-a7cd-4ed7-9c77-704c7962b815,0.12,false,false,false,near_mint,en,false,EUR,2026-09-14T12:19:12.813Z
Common Crook,MSC,Marvel Super Heroes Commander,792,normal,common,1,113803,79f4fd9c-8ec1-4ccd-95aa-12f169032e1b,0.13,false,false,false,near_mint,en,false,EUR,2026-09-14T12:19:12.813Z
Commune with Beavers,FIN,Final Fantasy,182,normal,common,1,105641,784287c2-43c5-4210-93ae-cdd33b9acb1b,0.06,false,false,false,near_mint,en,false,EUR,2026-09-14T12:19:12.813Z
Commune with Nature,WOE,Wilds of Eldraine,166,normal,common,1,85396,5224eec3-2941-4d16-a713-099e34e93eee,0.05,false,false,false,near_mint,en,false,EUR,2026-09-14T12:19:12.813Z
Commune with Spirits,NEO,Kamigawa: Neon Dynasty,180,normal,common,1,66899,a35ff4dd-bad3-4496-82b3-8253f48af06d,0.13,false,false,false,near_mint,en,false,EUR,2026-09-14T12:19:12.813Z
Commune with the Gods,EMA,Eternal Masters,162,normal,common,1,8513,67d95f6f-3ff0-483d-b98f-ccb4fb5715f4,0.12,false,false,false,near_mint,en,false,EUR,2026-09-14T12:19:12.813Z
Compelling Argument,AKH,Amonkhet,47,normal,common,1,5638,7c35f4d5-2337-4ea0-a571-5a73e2d0d54a,0.08,false,false,false,near_mint,en,false,EUR,2026-09-14T12:19:12.813Z
Compulsive Research,TDC,Tarkir: Dragonstorm Commander,147,normal,common,1,104849,a247ab59-7749-4d37-87f6-f90f44cd54f4,0.13,false,false,false,near_mint,en,false,EUR,2026-09-14T12:19:12.813Z
Conclave Naturalists,2XM,Double Masters,160,normal,common,1,52091,082a5372-b25a-4559-96b8-2d8d54199a38,0.08,false,false,false,near_mint,en,false,EUR,2026-09-14T12:19:12.813Z
Conclave Phalanx,MM2,Modern Masters 2015,12,normal,common,1,11205,04435b25-1a44-493f-810e-23d260f363a6,0.12,false,false,false,near_mint,en,false,EUR,2026-09-14T12:19:12.813Z
Condescend,IMA,Iconic Masters,46,normal,uncommon,1,3579,5ba16c0f-dd42-4a2a-8f08-bc8c8478952b,0.36,false,false,false,near_mint,en,false,EUR,2026-09-14T12:19:12.813Z
Conduit Goblin,MH3,Modern Horizons 3,179,normal,common,1,94461,5c9ad04d-c4d4-4d06-93bb-a881be733717,0.03,false,false,false,near_mint,en,false,EUR,2026-09-14T12:19:12.813Z
Conduit Pylons,OTJ,Outlaws of Thunder Junction,254,normal,common,1,93183,5ffa48cc-b991-4d47-b7ec-cf678915c758,0.22,false,false,false,near_mint,en,false,EUR,2026-09-14T12:19:12.813Z
Confessor,ODY,Odyssey,15,normal,common,1,32162,984c0bdb-e9e2-435e-aa68-2dbad52c3dbd,0.13,false,false,false,near_mint,en,false,EUR,2026-09-14T12:19:12.813Z
Confound,PLS,Planeshift,22,normal,common,1,32930,4f3b7d39-ce98-48e2-b2bf-0d55b4d3102b,0.25,false,false,false,near_mint,en,false,EUR,2026-09-14T12:19:12.813Z
Confusticate and Bebother,HOB,The Hobbit,35,normal,common,1,115071,9de48690-e5ae-495a-addf-305f1db7ec21,0.07,false,false,false,near_mint,en,false,EUR,2026-09-14T12:19:12.813Z
Congregate,DMR,Dominaria Remastered,4,normal,uncommon,1,78018,89396f5e-5bc3-4c8a-976b-2cb2946eb35d,0.14,false,false,false,near_mint,en,false,EUR,2026-09-14T12:19:12.813Z
Conjurer's Bauble,5DN,Fifth Dawn,112,normal,common,1,29383,2d32960e-d182-455f-8e74-eb11b10050da,0.54,false,false,false,near_mint,en,false,EUR,2026-09-14T12:19:12.813Z
Consider,TDC,Tarkir: Dragonstorm Commander,148,normal,common,1,105076,ff6f3824-3670-46e1-af43-0db405726084,0.75,false,false,false,near_mint,en,false,EUR,2026-09-14T12:19:12.813Z
Consult the Necrosages,RAV,Ravnica: City of Guilds,199,normal,common,1,27811,6f51484b-3bad-4332-87f8-61924e153799,0.11,false,false,false,near_mint,en,false,EUR,2026-09-14T12:19:12.813Z
Consume Spirit,DVD,Duel Decks Anthology: Divine vs. Demonic,56,normal,uncommon,1,12422,ca8d42f5-99a6-4fc1-a539-831cbfd9763e,0.12,false,false,false,near_mint,en,false,EUR,2026-09-14T12:19:12.813Z
Contagious Vorrac,ONE,Phyrexia: All Will Be One,164,normal,common,1,78425,18af2c85-e58f-4043-99d3-e90121348aca,0.08,false,false,false,near_mint,en,false,EUR,2026-09-14T12:19:12.813Z
Contaminated Aquifer,TDC,Tarkir: Dragonstorm Commander,353,normal,common,1,104842,9fad6994-1280-4a8e-a2f5-34b4ed6ef6f5,0.58,false,false,false,near_mint,en,false,EUR,2026-09-14T12:19:12.813Z
Contaminated Ground,GTC,Gatecrash,59,normal,common,1,16765,c2384356-0a62-499a-8b28-085974331368,0.2,false,false,false,near_mint,en,false,EUR,2026-09-14T12:19:12.813Z
Contaminated Landscape,MH3,Modern Horizons 3,218,normal,common,1,94823,e2312c49-1627-47ad-8113-78a999a97d8d,0.15,false,false,false,near_mint,en,false,EUR,2026-09-14T12:19:12.813Z
Contentious Plan,WAR,War of the Spark,46,normal,common,1,44358,8e30deb6-9e1f-4545-ae30-c30ba6c7b3a0,0.37,false,false,false,near_mint,en,false,EUR,2026-09-14T12:19:12.813Z
Contingency Plan,EMN,Eldritch Moon,52,normal,common,1,8284,9edb76bd-db4b-4279-8eaa-dfdf5952eafc,0.14,false,false,false,near_mint,en,false,EUR,2026-09-14T12:19:12.813Z
Contradict,DTK,Dragons of Tarkir,49,normal,common,1,11765,a0b3d4ff-09d1-4d9f-8c83-cdfbd7bb1079,0.08,false,false,false,near_mint,en,false,EUR,2026-09-14T12:19:12.813Z
Conviction,UMA,Ultimate Masters,12,normal,common,1,43487,94507660-cf60-4fd8-a796-7a6e6f28396d,0.08,false,false,false,near_mint,en,false,EUR,2026-09-14T12:19:12.813Z
Convincing Mirage,M10,Magic 2010,46,normal,common,1,23307,fb757102-4636-46ae-b202-c2095aeb187c,0.11,false,false,false,near_mint,en,false,EUR,2026-09-14T12:19:12.813Z
Convolute,IKO,Ikoria: Lair of Behemoths,45,normal,common,1,50032,3fd8e607-8179-4ae8-ba7f-f5f22649dc18,0.04,false,false,false,near_mint,en,false,EUR,2026-09-14T12:19:12.813Z
Cooped Up,WOE,Wilds of Eldraine,8,normal,common,1,85552,8acb8758-09c5-4e19-ada1-904e36ece1fc,0.08,false,false,false,near_mint,en,false,EUR,2026-09-14T12:19:12.813Z
Coordinated Charge,IKO,Ikoria: Lair of Behemoths,6,normal,common,1,50071,129c404b-2c1e-4f0b-bb4e-7e8e627a69a8,0.06,false,false,false,near_mint,en,false,EUR,2026-09-14T12:19:12.813Z
Coordinated Maneuver,TDM,Tarkir: Dragonstorm,6,normal,common,1,104941,c6569487-53c5-4b91-877d-e4e31bfa90c0,0.06,false,false,false,near_mint,en,false,EUR,2026-09-14T12:19:12.813Z
Copperhorn Scout,CN2,Conspiracy: Take the Crown,179,normal,common,1,7918,fd900b70-0957-4d81-ae25-dfa9343bd174,0.17,false,false,false,near_mint,en,false,EUR,2026-09-14T12:19:12.813Z
Cornered by Black Mages,FIN,Final Fantasy,93,normal,common,1,106564,688fcf8a-0a44-416a-8086-83acf9a6fe69,0.11,false,false,false,near_mint,en,false,EUR,2026-09-14T12:19:12.813Z
Corpse Cur,SOM,Scars of Mirrodin,147,normal,common,1,20885,9c6e19a1-b9ea-4724-96d6-63c4b4967257,0.2,false,false,false,near_mint,en,false,EUR,2026-09-14T12:19:12.813Z
Corrupt,BRO,The Brothers' War,88,normal,uncommon,1,75775,c92ea561-80da-4fe1-ad87-ce47d9eb80bc,0.13,false,false,false,near_mint,en,false,EUR,2026-09-14T12:19:12.813Z
Corrupted Conviction,OTJ,Outlaws of Thunder Junction,84,normal,common,1,93235,8046f892-3317-4ef7-9cf7-97b9060540c8,0.35,false,false,false,near_mint,en,false,EUR,2026-09-14T12:19:12.813Z
Cosmotronic Wave,CLU,Ravnica: Clue Edition,129,normal,common,1,91116,ab898473-5e46-489c-97c7-94058f2f6b5d,0.19,false,false,false,near_mint,en,false,EUR,2026-09-14T12:19:12.813Z
Cost of Brilliance,SOS,Secrets of Strixhaven,77,normal,common,1,112594,3a46816b-9f75-4c72-9ec6-cded6a4a0d01,0.05,false,false,false,near_mint,en,false,EUR,2026-09-14T12:19:12.813Z
Costly Plunder,2XM,Double Masters,80,normal,common,1,52135,598405fd-02d2-4bf8-b241-7a2ae6338913,0.15,false,false,false,near_mint,en,false,EUR,2026-09-14T12:19:12.813Z
Counterspell,DSC,Duskmourn: House of Horror Commander,114,normal,uncommon,1,99147,4f616706-ec97-4923-bb1e-11a69fbaa1f8,3.44,false,false,false,near_mint,en,false,EUR,2026-09-14T12:19:12.813Z
Court Homunculus,MM2,Modern Masters 2015,13,normal,common,1,11204,5a61aded-0007-48fb-b1d6-1c69a8703400,0.07,false,false,false,near_mint,en,false,EUR,2026-09-14T12:19:12.813Z
Court Hussar,GK2,RNA Guild Kit,5,normal,uncommon,1,44016,23d81636-a550-4e16-94b4-6cb1318e06d2,0.14,false,false,false,near_mint,en,false,EUR,2026-09-14T12:19:12.813Z
Court Street Denizen,CMR,Commander Legends,17,normal,common,1,55881,c45b1d32-5a3a-4ec3-af11-d0ba947de175,0.12,false,false,false,near_mint,en,false,EUR,2026-09-14T12:19:12.813Z
Cower in Fear,MM3,Modern Masters 2017,62,normal,common,1,6151,08e3cc81-2c08-4281-aa16-4c22f141f31d,0.1,false,false,false,near_mint,en,false,EUR,2026-09-14T12:19:12.813Z
Crack Open,MOC,March of the Machine Commander,294,normal,common,1,81780,829af103-68b4-4a4b-94b4-d272b38e45cd,0.12,false,false,false,near_mint,en,false,EUR,2026-09-14T12:19:12.813Z
Crack the Earth,BOK,Betrayers of Kamigawa,98,normal,common,1,28611,8ab16152-4617-4deb-b995-195e21f8f485,0.15,false,false,false,near_mint,en,false,EUR,2026-09-14T12:19:12.813Z
Crackling Cyclops,FDN,Foundations,83,normal,common,1,101541,6e5b899a-52f7-471b-ad50-4fa6566758fd,0.05,false,false,false,near_mint,en,false,EUR,2026-09-14T12:19:12.813Z
Cram Session,STX,Strixhaven: School of Mages,170,normal,common,1,58313,c59a249f-35ed-447a-845b-32ba5a53124e,0.07,false,false,false,near_mint,en,false,EUR,2026-09-14T12:19:12.813Z
Crash and Burn,DFT,Aetherdrift,119,normal,common,1,103467,339a41a1-b36f-4b81-b74c-220d279c0e26,0.04,false,false,false,near_mint,en,false,EUR,2026-09-14T12:19:12.813Z
Crash of Rhino Beetles,CMM,Commander Masters,279,normal,common,1,85000,e7b17222-db06-41cc-a4d2-aae625cb1929,0.14,false,false,false,near_mint,en,false,EUR,2026-09-14T12:19:12.813Z
Crash Through,FDN,Foundations,620,normal,common,1,100903,9eb16918-6363-4849-8d74-e26822a0ddf7,0.17,false,false,false,near_mint,en,false,EUR,2026-09-14T12:19:12.813Z
Crashing Drawbridge,TDC,Tarkir: Dragonstorm Commander,316,normal,common,1,104422,018257cf-8981-4691-92ab-6a33f77c9680,0.68,false,false,false,near_mint,en,false,EUR,2026-09-14T12:19:12.813Z
Crawl from the Cellar,INR,Innistrad Remastered,102,normal,common,1,102619,79563dd1-640c-4ebd-a347-0b71439b79d3,0.07,false,false,false,near_mint,en,false,EUR,2026-09-14T12:19:12.813Z
Crawling Chorus,ONE,Phyrexia: All Will Be One,8,normal,common,1,78766,aace4c44-7250-414b-aac4-df042a1e2e1d,0.15,false,false,false,near_mint,en,false,EUR,2026-09-14T12:19:12.813Z
Creature Bond,4ED,Fourth Edition,66,normal,common,1,40121,717c5ee5-a033-4a58-bdcb-ef54e6c8b7a9,0.07,false,false,false,near_mint,en,false,EUR,2026-09-14T12:19:12.813Z
Creeping Bloodsucker,J25,Foundations Jumpstart,415,normal,common,1,101211,d9f12481-e4dd-4a44-910f-e0d263de14ae,4.7,false,false,false,near_mint,en,false,EUR,2026-09-14T12:19:12.813Z
Cremate,RTR,Return to Ravnica,59,normal,common,1,17363,013d5260-f906-4f6a-97ed-725197743b60,0.13,false,false,false,near_mint,en,false,EUR,2026-09-14T12:19:12.813Z
Creosote Heath,OTJ,Outlaws of Thunder Junction,255,normal,common,1,93339,c5523dac-7aa0-4486-89c8-3b22a1411f26,0.15,false,false,false,near_mint,en,false,EUR,2026-09-14T12:19:12.813Z
Crib Swap,ECL,Lorwyn Eclipsed,11,normal,uncommon,1,110563,8f2fb3c6-af75-47a3-9f97-521872c32890,0.09,false,false,false,near_mint,en,false,EUR,2026-09-14T12:19:12.813Z
Crimson Acolyte,INV,Invasion,11,normal,common,1,33322,c1718028-3009-4bdd-9f6f-59c17edd1344,0.72,false,false,false,near_mint,en,false,EUR,2026-09-14T12:19:12.813Z
Crimson Fleet Commodore,CMM,Commander Masters,211,normal,common,1,85025,edf54657-5943-4a45-a296-dc91c41109d4,0.14,false,false,false,near_mint,en,false,EUR,2026-09-14T12:19:12.813Z
Crimson Kobolds,LEG,Legends,139,normal,common,1,40980,13696657-aeef-4add-9a3b-8137fce01fe3,2.5,false,false,false,near_mint,en,false,EUR,2026-09-14T12:19:12.813Z
Crippling Fatigue,PHUK,Hachette UK,6,normal,common,1,27665,6ec1bbdb-66a6-40f0-b70e-279d763e8746,0.05,false,false,false,near_mint,en,false,EUR,2026-09-14T12:19:12.813Z
Crookshank Kobolds,LEG,Legends,141,normal,common,1,40978,7af6b119-7db4-49dd-aaa4-044b8c133f13,2.29,false,false,false,near_mint,en,false,EUR,2026-09-14T12:19:12.813Z
Crop Rotation,DMR,Dominaria Remastered,154,normal,uncommon,1,77905,523414cb-f8db-407a-808a-01454e03d8b9,3.85,false,false,false,near_mint,en,false,EUR,2026-09-14T12:19:12.813Z
Crossover Collaboration,MSC,Marvel Super Heroes Commander,684,normal,common,1,113577,1d632bef-ee93-4690-9c6d-07f70d18572a,0.99,false,false,false,near_mint,en,false,EUR,2026-09-14T12:19:12.813Z
Crown of Awe,ONS,Onslaught,16,normal,common,1,31287,aeaea4bc-dcea-4340-a039-ebc97b944673,0.1,false,false,false,near_mint,en,false,EUR,2026-09-14T12:19:12.813Z
Crown of Flames,INV,Invasion,142,normal,common,1,33191,5a46239c-3de7-48ca-8f5c-b51f307fd0e5,0.12,false,false,false,near_mint,en,false,EUR,2026-09-14T12:19:12.813Z
Crown of Vigor,ONS,Onslaught,253,normal,common,1,31050,e7e320a6-88e2-4be1-97e2-30e0f3c2e450,0.05,false,false,false,near_mint,en,false,EUR,2026-09-14T12:19:12.813Z
Crude Bent Blade,HOB,The Hobbit,63,normal,common,1,115116,fa8fd3c4-bd00-485d-80b1-2b67f5786fce,0.06,false,false,false,near_mint,en,false,EUR,2026-09-14T12:19:12.813Z
Cruel Alliance,MSH,Marvel Super Heroes,92,normal,common,1,114019,d895d5a1-d382-438b-8551-e142bb5142af,0.03,false,false,false,near_mint,en,false,EUR,2026-09-14T12:19:12.813Z
Cruel Edict,DVD,Duel Decks Anthology: Divine vs. Demonic,48,normal,uncommon,1,12430,54151d43-2e22-4e6c-a6fe-327959382dd1,0.42,false,false,false,near_mint,en,false,EUR,2026-09-14T12:19:12.813Z
Cruel Truths,TDM,Tarkir: Dragonstorm,76,normal,common,1,104308,6852b4d5-74e0-44ba-ba44-20aa91e3c4c8,0.06,false,false,false,near_mint,en,false,EUR,2026-09-14T12:19:12.813Z
Crumb and Get It,BLB,Bloomburrow,8,normal,common,1,96259,3c7b3b25-d4b3-4451-9f5c-6eb369541175,0.09,false,false,false,near_mint,en,false,EUR,2026-09-14T12:19:12.813Z
Crumbling Vestige,OGW,Oath of the Gatewatch,170,normal,common,1,9212,d491c13c-43e3-4ca3-b888-4edd34dfe14a,0.19,false,false,false,near_mint,en,false,EUR,2026-09-14T12:19:12.813Z
Cry of Contrition,GPT,Guildpact,46,normal,common,1,27549,62016f24-3f40-406b-8e29-30a6545d0fc1,0.17,false,false,false,near_mint,en,false,EUR,2026-09-14T12:19:12.813Z
Cryogen Relic,EOE,Edge of Eternities,52,normal,common,1,107466,7bfb33b6-e2bf-498f-8c58-ae21a840cf75,0.48,false,false,false,near_mint,en,false,EUR,2026-09-14T12:19:12.813Z
Cryoshatter,EOE,Edge of Eternities,53,normal,common,1,107738,7b62b1e2-9e43-4a66-a647-7e5de2871f2a,0.14,false,false,false,near_mint,en,false,EUR,2026-09-14T12:19:12.813Z
Crypt Creeper,AVR,Avacyn Restored,91,normal,common,1,18187,0382cb94-0836-4e23-99b7-034faa363203,0.09,false,false,false,near_mint,en,false,EUR,2026-09-14T12:19:12.813Z
Crypt Incursion,DGM,Dragon's Maze,23,normal,common,1,16442,c3b71cc5-0a81-4cab-bae3-49335c04aaaa,0.53,false,false,false,near_mint,en,false,EUR,2026-09-14T12:19:12.813Z
Crypt Rats,MH1,Modern Horizons,84,normal,uncommon,1,44850,96916db2-5121-4ff1-880c-369744f11ecf,0.62,false,false,false,near_mint,en,false,EUR,2026-09-14T12:19:12.813Z
Crypt Sliver,CMM,Commander Masters,863,normal,common,1,84184,2b90c9a9-098b-463a-8588-b078fb0364dd,0.78,false,false,false,near_mint,en,false,EUR,2026-09-14T12:19:12.813Z
Cryptic Serpent,CMM,Commander Masters,83,normal,common,1,84540,7f1af32a-dba2-4c2f-b0ee-9c83849fda53,1.73,false,false,false,near_mint,en,false,EUR,2026-09-14T12:19:12.813Z
Crystal Grotto,WOE,Wilds of Eldraine,254,normal,common,1,85479,6f6f9d3d-600d-43f3-a915-612e5d53aaa1,0.18,false,false,false,near_mint,en,false,EUR,2026-09-14T12:19:12.813Z
Crystallization,ARB,Alara Reborn,144,normal,common,1,23364,cd0e9e1b-bd37-43a7-abd3-4582315a268d,0.19,false,false,false,near_mint,en,false,EUR,2026-09-14T12:19:12.813Z
Culling the Weak,EXO,Exodus,55,normal,common,1,36281,50c33f18-0a5c-4e46-ab0d-6e450915594f,7.16,false,false,false,near_mint,en,false,EUR,2026-09-14T12:19:12.813Z
Cultivate,SOC,Secrets of Strixhaven Commander,265,normal,common,1,112180,f1cc00f9-ae7b-4f7b-95f2-bc5c00e4bd72,0.5,false,false,false,near_mint,en,false,EUR,2026-09-14T12:19:12.813Z
Cunning Maneuver,TLA,Avatar: The Last Airbender,130,normal,common,1,109380,0ff7c993-ba29-43b0-9639-7c4bc0292fa2,0.06,false,false,false,near_mint,en,false,EUR,2026-09-14T12:19:12.813Z
Cunning Survivor,HOU,Hour of Devastation,33,normal,common,1,4642,2f9093e7-c129-4efa-9f25-a2366f92e15a,0.11,false,false,false,near_mint,en,false,EUR,2026-09-14T12:19:12.813Z
Cuombajj Witches,CMR,Commander Legends,116,normal,uncommon,1,55715,6a26e910-275a-4981-831b-bfed936a7e3f,0.24,false,false,false,near_mint,en,false,EUR,2026-09-14T12:19:12.813Z
Curate,MKC,Murders at Karlov Manor Commander,99,normal,common,1,90413,78cd258b-431e-42f7-a938-76ebc80d528d,0.15,false,false,false,near_mint,en,false,EUR,2026-09-14T12:19:12.813Z
Curfew,BRB,Battle Royale Box Set,17,normal,common,1,34043,044e36d6-0967-4a66-8269-2224777bbb6c,1.3,false,false,false,near_mint,en,false,EUR,2026-09-14T12:19:12.813Z
Curious Farm Animals,TLA,Avatar: The Last Airbender,14,normal,common,1,109654,2402d759-84b6-41d2-ad78-9333974e9222,0.09,false,false,false,near_mint,en,false,EUR,2026-09-14T12:19:12.813Z
Curse of Chains,CLU,Ravnica: Clue Edition,183,normal,common,1,90727,26146dec-135b-4b4e-9d85-dcc1df9b5a09,0.23,false,false,false,near_mint,en,false,EUR,2026-09-14T12:19:12.813Z
Curse of the Bloody Tome,ISD,Innistrad,50,normal,common,1,18848,c7865e11-263b-4d61-af54-907c1acbb54f,0.16,false,false,false,near_mint,en,false,EUR,2026-09-14T12:19:12.813Z
Curse of the Pierced Heart,ISD,Innistrad,138,normal,common,1,18760,71010182-c004-4d18-adab-80319cd1e625,0.28,false,false,false,near_mint,en,false,EUR,2026-09-14T12:19:12.813Z
Custodi Squire,CMM,Commander Masters,19,normal,common,1,84095,1771d71b-18b1-44dd-b413-4319519b0778,0.08,false,false,false,near_mint,en,false,EUR,2026-09-14T12:19:12.813Z
Cut Down,DMU,Dominaria United,89,normal,uncommon,1,71544,753db072-5d6a-4f37-8f7d-255572ecd3bd,1.75,false,false,false,near_mint,en,false,EUR,2026-09-14T12:19:12.813Z
Cut Short,MOM,March of the Machine,10,normal,common,1,81433,b0a45d4d-d16a-43c6-843c-916d4629aae1,0.05,false,false,false,near_mint,en,false,EUR,2026-09-14T12:19:12.813Z
Cutthroat il-Dal,TSR,Time Spiral Remastered,105,normal,common,1,57876,d4123bab-d61e-4d69-b9ca-1fff3a11335a,0.06,false,false,false,near_mint,en,false,EUR,2026-09-14T12:19:12.813Z
Cyclopean Mummy,4ED,Fourth Edition,128,normal,common,1,40059,8201b51b-da03-4207-805c-134e527c42e1,0.11,false,false,false,near_mint,en,false,EUR,2026-09-14T12:19:12.813Z
Cyclops Superconductor,MH3,Modern Horizons 3,182,normal,common,1,94861,69ce6839-92d1-497b-9760-6fdc7388614e,0.07,false,false,false,near_mint,en,false,EUR,2026-09-14T12:19:12.813Z
Daggerdrome Imp,BBD,Battlebond,140,normal,common,1,1853,6d9417ab-e2af-436b-9677-6e0120770d80,0.1,false,false,false,near_mint,en,false,EUR,2026-09-14T12:19:12.813Z
Dai Li Indoctrination,TLA,Avatar: The Last Airbender,93,normal,common,1,108299,eca652b8-44f1-4bd9-b4bf-036eeead13aa,0.07,false,false,false,near_mint,en,false,EUR,2026-09-14T12:19:12.813Z
Dampen Thought,MMA,Modern Masters,39,normal,common,1,16270,17c8590d-21f8-4bbf-8b71-1588428e2467,0.07,false,false,false,near_mint,en,false,EUR,2026-09-14T12:19:12.813Z
Dance of the Tumbleweeds,OTJ,Outlaws of Thunder Junction,160,normal,common,1,93345,caf0e715-befb-4904-82e6-d3f8c7fbd454,0.08,false,false,false,near_mint,en,false,EUR,2026-09-14T12:19:12.813Z
Dark Bargain,IKO,Ikoria: Lair of Behemoths,82,normal,common,1,49995,6ef6f861-90ef-4e1d-9f17-1dd306e7d0af,0.06,false,false,false,near_mint,en,false,EUR,2026-09-14T12:19:12.813Z
Dark Heart of the Wood,RAV,Ravnica: City of Guilds,200,normal,uncommon,1,27810,baa3ae99-a770-4487-8de6-68a347ee64bb,0.14,false,false,false,near_mint,en,false,EUR,2026-09-14T12:19:12.813Z
Dark Privilege,VIS,Visions,56,normal,common,1,38117,10d2cf44-cc20-4a37-81ae-930f8c6d0896,0.4,false,false,false,near_mint,en,false,EUR,2026-09-14T12:19:12.813Z
Dark Ritual,A25,Masters 25,82,normal,common,1,2634,95f27eeb-6f14-4db3-adb9-9be5ed76b34b,6.98,false,false,false,near_mint,en,false,EUR,2026-09-14T12:19:12.813Z
Dark Withering,DMR,Dominaria Remastered,79,normal,uncommon,1,77955,6996d612-28a5-4515-baba-9aad65bf4b28,0.14,false,false,false,near_mint,en,false,EUR,2026-09-14T12:19:12.813Z
Dark-Dweller Oracle,2X2,Double Masters 2022,106,normal,common,1,70464,bd35664f-b99d-46b6-988e-8f2814b0a854,0.14,false,false,false,near_mint,en,false,EUR,2026-09-14T12:19:12.813Z
Darkling Stalker,TMP,Tempest,119,normal,common,1,36880,4eb883b7-da6a-45c3-9dde-61334a0ddcae,0.07,false,false,false,near_mint,en,false,EUR,2026-09-14T12:19:12.813Z
Darkmoss Bridge,DSC,Duskmourn: House of Horror Commander,269,normal,common,1,99113,3ca3ef68-ea62-4098-bd43-4597ff0647d4,0.24,false,false,false,near_mint,en,false,EUR,2026-09-14T12:19:12.813Z
Darkness,TSB,Time Spiral Timeshifted,40,normal,special,1,26981,584834fb-b7b6-40eb-9fec-8df17172ce5f,13.37,false,false,false,near_mint,en,false,EUR,2026-09-14T12:19:12.813Z
Darksteel Citadel,C21,Commander 2021,285,normal,uncommon,1,58530,2ba7597d-6d76-45b8-b172-342999e401bd,1.07,false,false,false,near_mint,en,false,EUR,2026-09-14T12:19:12.813Z
Darksteel Ingot,OTC,Outlaws of Thunder Junction Commander,256,normal,uncommon,1,93931,f279fcf1-e4f5-4873-9d73-8d62e0343b81,0.28,false,false,false,near_mint,en,false,EUR,2026-09-14T12:19:12.813Z
Daru Spiritualist,SCG,Scourge,5,normal,common,1,30683,18f26b88-cffc-47ed-a70a-7d704a32c8bb,0.22,false,false,false,near_mint,en,false,EUR,2026-09-14T12:19:12.813Z
Dash Hopes,PLC,Planar Chaos,68,normal,common,1,26466,814bcfc0-7539-4ed9-8b51-27e6a3ab9d9a,0.31,false,false,false,near_mint,en,false,EUR,2026-09-14T12:19:12.813Z
Dauthi Horror,CLB,Commander Legends: Battle for Baldur's Gate,748,normal,common,1,69569,7c41afe6-7eed-4cf5-9bbb-ccc9f82cb4fa,0.31,false,false,false,near_mint,en,false,EUR,2026-09-14T12:19:12.813Z
Dauthi Slayer,TSB,Time Spiral Timeshifted,41,normal,special,1,26980,4a0e40d4-6ecb-4151-be39-7d7c2a6a922e,0.44,false,false,false,near_mint,en,false,EUR,2026-09-14T12:19:12.813Z
Dawn Charm,CMR,Commander Legends,371,normal,uncommon,1,56250,fc47e26a-2ba6-4b7a-bb03-43f7ecb9012e,0.96,false,false,false,near_mint,en,false,EUR,2026-09-14T12:19:12.813Z
Dawn's Light Archer,ECL,Lorwyn Eclipsed,174,normal,common,1,110771,76e80656-6bcb-4d99-8bd2-ca5f75f40daf,0.06,false,false,false,near_mint,en,false,EUR,2026-09-14T12:19:12.813Z
Dawn's Reflection,C18,Commander 2018,139,normal,common,1,704,1366d406-4539-408f-93c1-f940327c1ba2,0.22,false,false,false,near_mint,en,false,EUR,2026-09-14T12:19:12.813Z
Dawnbringer Cleric,CLB,Commander Legends: Battle for Baldur's Gate,15,normal,common,1,68903,201f06ef-c180-4ce3-afaf-bec3b14c0222,0.3,false,false,false,near_mint,en,false,EUR,2026-09-14T12:19:12.813Z
Dawnhart Rejuvenator,MID,Innistrad: Midnight Hunt,180,normal,common,1,63442,cf4b5ad9-3de6-4d53-93a0-3b8d2e484687,0.03,false,false,false,near_mint,en,false,EUR,2026-09-14T12:19:12.813Z
Daybreak Chimera,THB,Theros Beyond Death,10,normal,common,1,47052,f9c1de31-73d4-4c32-9f99-e15df48638e9,0.05,false,false,false,near_mint,en,false,EUR,2026-09-14T12:19:12.813Z
Daysquad Marshal,IKO,Ikoria: Lair of Behemoths,8,normal,common,1,50069,17d566bd-f272-49d1-bffb-588f2a42046a,0.05,false,false,false,near_mint,en,false,EUR,2026-09-14T12:19:12.813Z
Dead // Gone,TSR,Time Spiral Remastered,161,normal,common,1,57625,45b090c7-f1ba-4656-8b51-915fc1876922,0.23,false,false,false,near_mint,en,false,EUR,2026-09-14T12:19:12.813Z
Dead Revels,RNA,Ravnica Allegiance,71,normal,common,1,43793,f5b2c21a-419d-4896-82e3-1b5cb32b158e,0.04,false,false,false,near_mint,en,false,EUR,2026-09-14T12:19:12.813Z
Dead Weight,LCI,The Lost Caverns of Ixalan,99,normal,common,1,88638,82e6b971-3f5b-47e7-8209-98d72ee781fc,0.05,false,false,false,near_mint,en,false,EUR,2026-09-14T12:19:12.813Z
Deadly Precision,TLA,Avatar: The Last Airbender,95,normal,common,1,109422,4661daf6-d960-4278-8946-70948efaf99d,0.13,false,false,false,near_mint,en,false,EUR,2026-09-14T12:19:12.813Z
Deadly Riposte,FDN,Foundations,492,normal,common,1,101535,65f5804a-075b-41d8-9639-785cad5c0974,0.24,false,false,false,near_mint,en,false,EUR,2026-09-14T12:19:12.813Z
Death Denied,UMA,Ultimate Masters,92,normal,common,1,43410,73d0a239-4d45-4762-968a-d4b9479346d9,0.11,false,false,false,near_mint,en,false,EUR,2026-09-14T12:19:12.813Z
Death Spark,CST,Coldsnap Theme Decks,70,normal,uncommon,1,27067,ed140e5c-7e8c-4200-ad41-60ac39db8ed3,0.28,false,false,false,near_mint,en,false,EUR,2026-09-14T12:19:12.813Z
Death Speakers,5ED,Fifth Edition,24,normal,common,1,37982,31f70687-1d96-4d85-bed6-f08edef223cd,0.18,false,false,false,near_mint,en,false,EUR,2026-09-14T12:19:12.813Z
Deathcult Rogue,GTC,Gatecrash,218,normal,common,1,16606,a4c186d2-e631-4811-83ea-fdb54e730a5d,0.12,false,false,false,near_mint,en,false,EUR,2026-09-14T12:19:12.813Z
Deathgreeter,GVL,Duel Decks Anthology: Garruk vs. Liliana,33,normal,common,1,12321,561b8539-cb84-42f0-97f2-2c94839777e3,2.45,false,false,false,near_mint,en,false,EUR,2026-09-14T12:19:12.813Z
Debt to the Kami,NEO,Kamigawa: Neon Dynasty,92,normal,common,1,66908,c1a7e728-ba01-4e3d-b269-9e2dd85a1d1b,0.06,false,false,false,near_mint,en,false,EUR,2026-09-14T12:19:12.813Z
Decanter of Endless Water,CLB,Commander Legends: Battle for Baldur's Gate,309,normal,common,1,69016,518bbc36-58ea-44c4-a857-75a3aff058f5,2.55,false,false,false,near_mint,en,false,EUR,2026-09-14T12:19:12.813Z
Deceptive Landscape,TDC,Tarkir: Dragonstorm Commander,356,normal,common,1,104909,ba863744-929b-43f3-a773-342ba3437b18,0.16,false,false,false,near_mint,en,false,EUR,2026-09-14T12:19:12.813Z
Deduce,MKM,Murders at Karlov Manor,52,normal,common,1,90996,7cbb17af-e17e-438a-ad72-0c942e6706b6,0.15,false,false,false,near_mint,en,false,EUR,2026-09-14T12:19:12.813Z
Deem Inferior,MH3,Modern Horizons 3,57,normal,common,1,94616,cc0835c7-58ca-4f16-984a-c590ce6a229a,0.16,false,false,false,near_mint,en,false,EUR,2026-09-14T12:19:12.813Z
Deep Analysis,SOC,Secrets of Strixhaven Commander,194,normal,common,1,112110,c3acd528-c46c-4fa5-9038-8f821ba49014,0.1,false,false,false,near_mint,en,false,EUR,2026-09-14T12:19:12.813Z
Deepcavern Imp,TSR,Time Spiral Remastered,110,normal,common,1,57526,13cfa5f3-495f-457b-ad44-bd2cf3414ce4,0.06,false,false,false,near_mint,en,false,EUR,2026-09-14T12:19:12.813Z
Deepwood Denizen,MH2,Modern Horizons 2,155,normal,common,1,59490,333f02f7-3b8a-41e3-9ae5-2151539e64ad,0.1,false,false,false,near_mint,en,false,EUR,2026-09-14T12:19:12.813Z
Defender en-Vec,NEM,Nemesis,5,normal,common,1,33877,e7b224b7-d5f7-4515-beca-523f305ee3b8,0.06,false,false,false,near_mint,en,false,EUR,2026-09-14T12:19:12.813Z
Defiant Falcon,NEM,Nemesis,6,normal,common,1,33876,4c80032b-daeb-4661-9a66-61abe9d12ddd,0.23,false,false,false,near_mint,en,false,EUR,2026-09-14T12:19:12.813Z
Defiant Strike,M21,Core Set 2021,15,normal,common,1,50823,5c23869b-c99a-49dd-9e29-fcc0eb63fad1,0.08,false,false,false,near_mint,en,false,EUR,2026-09-14T12:19:12.813Z
Defile,MH1,Modern Horizons,86,normal,common,1,44848,5bcb4398-edd1-41a7-a496-b12bce22ceb6,1.02,false,false,false,near_mint,en,false,EUR,2026-09-14T12:19:12.813Z
Deftblade Elite,LGN,Legions,12,normal,common,1,30822,76ffbae4-7aad-493c-86a0-c6e6425da8fd,0.33,false,false,false,near_mint,en,false,EUR,2026-09-14T12:19:12.813Z
Defy Gravity,UMA,Ultimate Masters,48,normal,common,1,43451,c31e6c69-e5c4-47b0-b226-4e1d84fabfa7,0.12,false,false,false,near_mint,en,false,EUR,2026-09-14T12:19:12.813Z
Deglamer,MOR,Morningtide,118,normal,common,1,24907,985b43aa-58f0-42fc-9ef0-a7925727d58f,1.61,false,false,false,near_mint,en,false,EUR,2026-09-14T12:19:12.813Z
Deliberate,ZNR,Zendikar Rising,56,normal,common,1,54741,c41c0dd0-fef2-4f3c-8f3c-9c9c521b5442,0.13,false,false,false,near_mint,en,false,EUR,2026-09-14T12:19:12.813Z
Deluge Virtuoso,SOS,Secrets of Strixhaven,42,normal,common,1,112222,2e3b16ed-8727-48fd-8b1f-c0cbd329385e,0.06,false,false,false,near_mint,en,false,EUR,2026-09-14T12:19:12.813Z
Delver of Secrets // Insectile Aberration,INR,Innistrad Remastered,60,normal,common,1,102586,6904ea20-e504-47da-95a0-08739fdde260,0.44,false,false,false,near_mint,en,false,EUR,2026-09-14T12:19:12.813Z
Demand Answers,MKM,Murders at Karlov Manor,122,normal,common,1,91286,eca092fc-7c67-4a73-989e-5297bbaaea76,0.52,false,false,false,near_mint,en,false,EUR,2026-09-14T12:19:12.813Z
Demolish,RVR,Ravnica Remastered,106,normal,common,1,89638,3abaf8fe-5fab-442c-b219-45137f9ae112,0.03,false,false,false,near_mint,en,false,EUR,2026-09-14T12:19:12.813Z
Demon's Jester,DVD,Duel Decks Anthology: Divine vs. Demonic,38,normal,common,1,12440,f4213f45-e8b6-4d90-a3b0-e3d37f745c97,0.05,false,false,false,near_mint,en,false,EUR,2026-09-14T12:19:12.813Z
Demonic Dread,ARB,Alara Reborn,38,normal,common,1,23470,fb81132e-ab33-435f-ade4-af4416d36044,0.3,false,false,false,near_mint,en,false,EUR,2026-09-14T12:19:12.813Z
Depressurize,EOE,Edge of Eternities,95,normal,common,1,107697,25520d5a-1a83-42cc-8ace-8b1156019d64,0.05,false,false,false,near_mint,en,false,EUR,2026-09-14T12:19:12.813Z
Deprive,ROE,Rise of the Eldrazi,59,normal,common,1,21908,2efecdd9-bd3a-4b79-92da-6485589d5bde,0.54,false,false,false,near_mint,en,false,EUR,2026-09-14T12:19:12.813Z
Deranged Assistant,INR,Innistrad Remastered,61,normal,common,1,102495,3960ed42-b3e7-4464-b345-1b9b22719efc,0.08,false,false,false,near_mint,en,false,EUR,2026-09-14T12:19:12.813Z
Derelict Attic // Widow's Walk,DSK,Duskmourn: House of Horror,93,normal,common,1,99091,2cae24c1-53f1-4f3f-8795-b634c46a17c4,0.06,false,false,false,near_mint,en,false,EUR,2026-09-14T12:19:12.813Z
Desert,AFC,Forgotten Realms Commander,233,normal,uncommon,1,60854,c74e13eb-6f82-4db1-9d0d-8310f48d9f6d,1.89,false,false,false,near_mint,en,false,EUR,2026-09-14T12:19:12.813Z
Desert of the Glorified,DRC,Aetherdrift Commander,149,normal,common,1,103069,5f28907a-491d-4d09-93cb-b5729696607d,0.16,false,false,false,near_mint,en,false,EUR,2026-09-14T12:19:12.813Z
Desert Sandstorm,PTK,Portal Three Kingdoms,107,normal,common,1,34919,588ad2bf-405d-4c36-b485-e415c22f2703,1.3,false,false,false,near_mint,en,false,EUR,2026-09-14T12:19:12.813Z
Desert's Due,OTJ,Outlaws of Thunder Junction,85,normal,common,1,93119,35e899e4-e2de-44cf-b6f4-cace8d3770cb,0.07,false,false,false,near_mint,en,false,EUR,2026-09-14T12:19:12.813Z
Desperate Bloodseeker,OTJ,Outlaws of Thunder Junction,86,normal,common,1,93295,a59da027-b5dd-4920-b3a1-9da05fcb1977,0.04,false,false,false,near_mint,en,false,EUR,2026-09-14T12:19:12.813Z
Desperate Farmer // Depraved Harvester,INR,Innistrad Remastered,105,normal,common,1,102418,0ec488de-fded-4df9-97ed-ba46cbacfdbf,0.07,false,false,false,near_mint,en,false,EUR,2026-09-14T12:19:12.813Z
Desperate Ravings,C19,Commander 2019,137,normal,uncommon,1,45797,b2e59ba7-e4e1-4c51-a34c-17a48850a0f5,0.1,false,false,false,near_mint,en,false,EUR,2026-09-14T12:19:12.813Z
Desperate Ritual,UMA,Ultimate Masters,127,normal,uncommon,1,43383,3825b85d-07df-43b9-a8d8-930863262d83,2.88,false,false,false,near_mint,en,false,EUR,2026-09-14T12:19:12.813Z
Destroy Evil,DMU,Dominaria United,17,normal,common,1,71434,4f7862ef-2c8d-4d28-9e50-7cc41861f245,0.36,false,false,false,near_mint,en,false,EUR,2026-09-14T12:19:12.813Z
Destroy the Evidence,RTR,Return to Ravnica,64,normal,common,1,17358,bca53097-108d-457e-831c-e3d6cb499a41,0.12,false,false,false,near_mint,en,false,EUR,2026-09-14T12:19:12.813Z
Devious Cover-Up,MID,Innistrad: Midnight Hunt,48,normal,common,1,63277,648281fe-89fb-4d8d-b944-3af28fb044f6,0.04,false,false,false,near_mint,en,false,EUR,2026-09-14T12:19:12.813Z
Devoted Druid,ECC,Lorwyn Eclipsed Commander,104,normal,uncommon,1,110456,22589a81-3ea8-4e78-98c9-c015e7539cf9,0.7,false,false,false,near_mint,en,false,EUR,2026-09-14T12:19:12.813Z
Devoted Duelist,TDM,Tarkir: Dragonstorm,104,normal,common,1,104354,bbf9c673-37b4-48ed-a9ea-13f8e3e6c47b,0.05,false,false,false,near_mint,en,false,EUR,2026-09-14T12:19:12.813Z
Devour Flesh,GTC,Gatecrash,63,normal,common,1,16761,88c42ebd-114a-430d-b3a4-ff2fb3093bf5,0.16,false,false,false,near_mint,en,false,EUR,2026-09-14T12:19:12.813Z
Diabolic Edict,MH1,Modern Horizons,87,normal,common,1,44847,4eabbed2-1399-4cf1-9eba-b53c56caced4,0.14,false,false,false,near_mint,en,false,EUR,2026-09-14T12:19:12.813Z
Didn't Say Please,ELD,Throne of Eldraine,42,normal,common,1,46296,77500b53-0852-4d6a-bfe3-b1e8ef5a12cd,0.17,false,false,false,near_mint,en,false,EUR,2026-09-14T12:19:12.813Z
Dig Site Inventory,SOS,Secrets of Strixhaven,10,normal,common,1,112707,e52464ee-df8b-41ec-af93-4b0eb004383e,0.08,false,false,false,near_mint,en,false,EUR,2026-09-14T12:19:12.813Z
Dig Up the Body,SNC,Streets of New Capenna,76,normal,common,1,67879,902abe4d-5c19-4c96-b825-e6cd4d954a84,0.08,false,false,false,near_mint,en,false,EUR,2026-09-14T12:19:12.813Z
Dihada's Ploy,MH2,Modern Horizons 2,193,normal,common,1,59675,9091e8dc-b546-4b74-9dc9-aef55f60d13a,0.1,false,false,false,near_mint,en,false,EUR,2026-09-14T12:19:12.813Z
Dimension X,TMT,Teenage Mutant Ninja Turtles,183,normal,common,1,111558,1c244fc2-70f0-4149-b0d2-d49fc6bac2b0,0.07,false,false,false,near_mint,en,false,EUR,2026-09-14T12:19:12.813Z
Dimir Aqueduct,DSC,Duskmourn: House of Horror Commander,270,normal,uncommon,1,99238,84bf9d60-64b8-4209-acfe-e07eefc6bf1f,0.24,false,false,false,near_mint,en,false,EUR,2026-09-14T12:19:12.813Z
Dimir Guildgate,FDN,Foundations,688,normal,common,1,101376,f9b8a159-5e58-4432-8ecd-62f39afa96da,0.12,false,false,false,near_mint,en,false,EUR,2026-09-14T12:19:12.813Z
Dimir House Guard,RVR,Ravnica Remastered,73,normal,common,1,89830,a1974bac-4763-4f95-ae60-061e34d0283d,0.14,false,false,false,near_mint,en,false,EUR,2026-09-14T12:19:12.813Z
Dimir Infiltrator,PCA,Planechase Anthology,86,normal,common,1,6596,b94cc636-de31-41b2-9c35-0bdfcdd0c1c1,0.88,false,false,false,near_mint,en,false,EUR,2026-09-14T12:19:12.813Z
Dinrova Horror,GK1,GRN Guild Kit,14,normal,uncommon,1,132,c0018de2-0646-48fe-8112-11952867c3bb,0.14,false,false,false,near_mint,en,false,EUR,2026-09-14T12:19:12.813Z
Dire Mimic,CLB,Commander Legends: Battle for Baldur's Gate,310,normal,common,1,69088,6e29bae1-0643-4781-9edc-50a8e6d1a3a1,0.1,false,false,false,near_mint,en,false,EUR,2026-09-14T12:19:12.813Z
Diresight,BLB,Bloomburrow,91,normal,common,1,95985,fada29c0-5293-40a4-b36d-d073ee99e650,0.09,false,false,false,near_mint,en,false,EUR,2026-09-14T12:19:12.813Z
Dirge of Dread,A25,Masters 25,86,normal,common,1,2630,d69a1a58-6aab-4feb-850c-31fd2220bbc0,0.11,false,false,false,near_mint,en,false,EUR,2026-09-14T12:19:12.813Z
Dirgur Island Dragon // Skimming Strike,TDM,Tarkir: Dragonstorm,40,normal,common,1,104342,b1d21a9a-6b0c-4fbc-a427-81be885d326b,0.06,false,false,false,near_mint,en,false,EUR,2026-09-14T12:19:12.813Z
Discerning Taste,MH2,Modern Horizons 2,82,normal,common,1,59710,9f395828-9d6d-4ffa-be92-b681350031b0,0.15,false,false,false,near_mint,en,false,EUR,2026-09-14T12:19:12.813Z
Disciple of Grace,ONS,Onslaught,25,normal,common,1,31278,1d1790cb-34e4-4f23-8a13-1906fd9a956f,0.09,false,false,false,near_mint,en,false,EUR,2026-09-14T12:19:12.813Z
Disciple of the Sun,MH2,Modern Horizons 2,11,normal,common,1,59743,ad9723a1-7c5f-49ea-a8c6-24ee572d839f,0.12,false,false,false,near_mint,en,false,EUR,2026-09-14T12:19:12.813Z
Disdainful Stroke,WOE,Wilds of Eldraine,47,normal,uncommon,1,85411,588c6217-c460-417e-98bf-de5475780baf,0.12,false,false,false,near_mint,en,false,EUR,2026-09-14T12:19:12.813Z
Disenchant,FDN,Foundations,572,normal,common,1,100709,7ac43e16-8b14-46f2-877a-600ea918766b,0.16,false,false,false,near_mint,en,false,EUR,2026-09-14T12:19:12.813Z
Disentomb,M20,Core Set 2020,322,normal,common,1,45138,7debd8f7-2f34-4fdd-8eb6-fa8f9d2a60e8,0.92,false,false,false,near_mint,en,false,EUR,2026-09-14T12:19:12.813Z
Disfigure,BRO,The Brothers' War,91,normal,common,1,75700,aaa9c6f1-3938-448b-bdc3-22420c5984d3,0.05,false,false,false,near_mint,en,false,EUR,2026-09-14T12:19:12.813Z
Disintegrate,TSB,Time Spiral Timeshifted,58,normal,special,1,26963,a83420d1-c51a-4fb7-8f1d-b376a0083d95,0.28,false,false,false,near_mint,en,false,EUR,2026-09-14T12:19:12.813Z
Dismal Backwater,TDM,Tarkir: Dragonstorm,254,normal,common,1,104238,082b52c9-c46e-44d3-b723-546ba528e07b,0.1,false,false,false,near_mint,en,false,EUR,2026-09-14T12:19:12.813Z
Dispatch,EOC,Edge of Eternities Commander,64,normal,uncommon,1,107247,27554761-8d6e-4de4-8ce3-f31b2c03708c,0.58,false,false,false,near_mint,en,false,EUR,2026-09-14T12:19:12.813Z
Dispel,BFZ,Battle for Zendikar,76,normal,common,1,10275,bceab6b3-6b64-4964-a501-ce806a6c13ad,0.38,false,false,false,near_mint,en,false,EUR,2026-09-14T12:19:12.813Z
Dispelling Exhale,TDM,Tarkir: Dragonstorm,41,normal,common,1,104477,1c9af3f1-711e-42ae-803a-1100eba3fb13,0.12,false,false,false,near_mint,en,false,EUR,2026-09-14T12:19:12.813Z
Dispersal Shield,SCG,Scourge,33,normal,common,1,30655,0c257df6-f275-40db-bfe3-a9291356cdf7,0.14,false,false,false,near_mint,en,false,EUR,2026-09-14T12:19:12.813Z
Disrupt,INV,Invasion,51,normal,uncommon,1,33282,c000a02f-6b7e-4925-a938-59e645e980d7,0.69,false,false,false,near_mint,en,false,EUR,2026-09-14T12:19:12.813Z
Disruptive Pitmage,ONS,Onslaught,81,normal,common,1,31222,5b0d9c2f-356c-4f27-8560-8ffceadac31c,0.12,false,false,false,near_mint,en,false,EUR,2026-09-14T12:19:12.813Z
Dissatisfied Customer,UNF,Unfinity,72,normal,common,1,73332,ef5df2dd-0a16-4f3c-9352-91bd87b955b4,0.1,false,false,false,near_mint,en,false,EUR,2026-09-14T12:19:12.813Z
Dissolve,IMA,Iconic Masters,51,normal,common,1,3574,b4fb87ab-8595-459a-a5f2-087296d9b120,0.21,false,false,false,near_mint,en,false,EUR,2026-09-14T12:19:12.813Z
Distant Melody,ECC,Lorwyn Eclipsed Commander,45,normal,common,1,110658,f1d7e8c9-0936-47eb-8996-309e7a7edcad,0.49,false,false,false,near_mint,en,false,EUR,2026-09-14T12:19:12.813Z
Distortion Strike,IMA,Iconic Masters,52,normal,uncommon,1,3573,57556595-8ede-4a35-b3a4-0e6f8bfc4d9d,0.64,false,false,false,near_mint,en,false,EUR,2026-09-14T12:19:12.813Z
Distress,M12,Magic 2012,94,normal,common,1,19173,630d4080-8183-41fb-8091-740719083765,0.12,false,false,false,near_mint,en,false,EUR,2026-09-14T12:19:12.813Z
Disturbed Burial,TMP,Tempest,129,normal,common,1,36870,06254b6c-eb22-4ec9-9420-74e9ee15e072,0.21,false,false,false,near_mint,en,false,EUR,2026-09-14T12:19:12.813Z
Disturbed Slumber,LCI,The Lost Caverns of Ixalan,182,normal,common,1,88441,4404b8d6-3673-4d82-b9ed-d28e9b54e1f6,0.06,false,false,false,near_mint,en,false,EUR,2026-09-14T12:19:12.813Z
Dive Down,FDN,Foundations,588,normal,common,1,100608,65d5cff9-a3ec-432d-9ce5-68949e524279,0.15,false,false,false,near_mint,en,false,EUR,2026-09-14T12:19:12.813Z
Divest,2XM,Double Masters,87,normal,common,1,52121,4494cb6d-1a99-40b6-96cc-0dc2ddec102f,0.18,false,false,false,near_mint,en,false,EUR,2026-09-14T12:19:12.813Z
Divine Arrow,IKO,Ikoria: Lair of Behemoths,9,normal,common,1,50068,5b29acc2-5749-4e8a-924d-3c82406e6393,0.04,false,false,false,near_mint,en,false,EUR,2026-09-14T12:19:12.813Z
Divine Offering,MBS,Mirrodin Besieged,5,normal,common,1,20136,fe7c7a65-5a96-4986-877b-b34583092bb6,0.13,false,false,false,near_mint,en,false,EUR,2026-09-14T12:19:12.813Z
Dizzy Spell,RAV,Ravnica: City of Guilds,43,normal,common,1,27967,6e0db10d-fb6d-44df-9ff2-6f1e0e8f8209,0.45,false,false,false,near_mint,en,false,EUR,2026-09-14T12:19:12.813Z
Doc Ock's Henchmen,MSC,Marvel Super Heroes Commander,784,normal,common,1,113669,455e9558-494e-43b2-b661-8e996d767f49,0.12,false,false,false,near_mint,en,false,EUR,2026-09-14T12:19:12.813Z
"Doc Ock, Sinister Scientist",MSC,Marvel Super Heroes Commander,783,normal,common,1,113629,38681802-429a-4465-8c23-f3d8f790431d,0.13,false,false,false,near_mint,en,false,EUR,2026-09-14T12:19:12.813Z
Dockworker Drone,EOE,Edge of Eternities,11,normal,common,1,107784,eeff069f-427b-42ad-afb1-36f0e547fb74,0.03,false,false,false,near_mint,en,false,EUR,2026-09-14T12:19:12.813Z
Dog Umbra,MH3,Modern Horizons 3,22,normal,common,1,94534,8d4ba710-eddb-40ca-b2fe-0e4e778aab9c,0.11,false,false,false,near_mint,en,false,EUR,2026-09-14T12:19:12.813Z
Dogged Pursuit,KHM,Kaldheim,85,normal,common,1,56903,60f6a159-b969-4767-802e-409f8bf286fe,0.1,false,false,false,near_mint,en,false,EUR,2026-09-14T12:19:12.813Z
Dokuchi Shadow-Walker,NEO,Kamigawa: Neon Dynasty,94,normal,common,1,66399,81496a81-c986-4749-a28c-45341764e28f,0.03,false,false,false,near_mint,en,false,EUR,2026-09-14T12:19:12.813Z
Doom Blade,E02,Explorers of Ixalan,18,normal,uncommon,1,3357,7e89b4da-a095-4790-b1b7-2369fa221aa4,0.29,false,false,false,near_mint,en,false,EUR,2026-09-14T12:19:12.813Z
Doomed Traveler,CLU,Ravnica: Clue Edition,59,normal,common,1,91032,8a03d414-bff9-4aba-8b0a-0ed57982251e,0.15,false,false,false,near_mint,en,false,EUR,2026-09-14T12:19:12.813Z
Double Cleave,UMA,Ultimate Masters,214,normal,common,1,43307,82505754-a22f-4ae9-8efd-75eff17cbed6,0.15,false,false,false,near_mint,en,false,EUR,2026-09-14T12:19:12.813Z
Downhill Charge,DDI,Duel Decks: Venser vs. Koth,69,normal,common,1,18305,8d7ef860-f248-4b14-8080-592121983d83,0.35,false,false,false,near_mint,en,false,EUR,2026-09-14T12:19:12.813Z
Draconic Lore,TDC,Tarkir: Dragonstorm Commander,151,normal,common,1,104790,8b3da929-eb0a-4149-9a0d-8f2b916f0e47,0.17,false,false,false,near_mint,en,false,EUR,2026-09-14T12:19:12.813Z
Draconic Roar,IMA,Iconic Masters,123,normal,common,1,3502,11c57c26-500b-4ca2-9c47-f2a0e31975b3,0.1,false,false,false,near_mint,en,false,EUR,2026-09-14T12:19:12.813Z
Drafna's Restoration,ATQ,Antiquities,8,normal,common,1,41517,4be2aa3b-207b-4d21-abfb-6788520c7676,2.08,false,false,false,near_mint,en,false,EUR,2026-09-14T12:19:12.813Z
Dragon Breath,BBD,Battlebond,172,normal,uncommon,1,1821,0900c3b6-cf56-4089-a1e3-c1f53edcf23a,0.24,false,false,false,near_mint,en,false,EUR,2026-09-14T12:19:12.813Z
Dragon Fangs,SCG,Scourge,117,normal,common,1,30571,9754f52f-8937-4402-8956-2c18b520898a,0.19,false,false,false,near_mint,en,false,EUR,2026-09-14T12:19:12.813Z
Dragon Fodder,FDN,Foundations,535,normal,common,1,101626,f9abe517-f601-4784-8d62-2350bd755146,0.12,false,false,false,near_mint,en,false,EUR,2026-09-14T12:19:12.813Z
Dragon Hatchling,BBD,Battlebond,173,normal,common,1,1820,83cb9ea2-ce64-437e-afac-5029a34bf10f,0.08,false,false,false,near_mint,en,false,EUR,2026-09-14T12:19:12.813Z
Dragon Mantle,CMR,Commander Legends,174,normal,common,1,55891,ca32fd66-f7f1-4e50-817f-bb259f690f00,0.07,false,false,false,near_mint,en,false,EUR,2026-09-14T12:19:12.813Z
Dragon Shadow,SCG,Scourge,65,normal,common,1,30623,0ec35e03-022b-417c-9987-7379cf3956f9,0.2,false,false,false,near_mint,en,false,EUR,2026-09-14T12:19:12.813Z
Dragon Wings,SCG,Scourge,34,normal,common,1,30654,7674ab4d-9bc0-45c3-88e1-3fd2c947cfaa,0.21,false,false,false,near_mint,en,false,EUR,2026-09-14T12:19:12.813Z
Dragon's Approach,STX,Strixhaven: School of Mages,97,normal,common,1,57991,0cb504a0-1dfb-49d0-84c3-7bd318d55481,1.07,false,false,false,near_mint,en,false,EUR,2026-09-14T12:19:12.813Z
Dragon's Fire,AFR,Adventures in the Forgotten Realms,139,normal,common,1,60338,9666987a-5267-46d3-9b00-31baa92a9cbc,0.15,false,false,false,near_mint,en,false,EUR,2026-09-14T12:19:12.813Z
Dragon's Prey,TDM,Tarkir: Dragonstorm,79,normal,common,1,104754,7a6004ff-4180-4332-8b51-960f8c7521d9,0.05,false,false,false,near_mint,en,false,EUR,2026-09-14T12:19:12.813Z
Dragonlord's Servant,TDC,Tarkir: Dragonstorm Commander,210,normal,uncommon,1,104924,be6fa0dc-74e7-4fad-9bdd-8e986612577a,0.28,false,false,false,near_mint,en,false,EUR,2026-09-14T12:19:12.813Z
Dragonstorm Globe,TDM,Tarkir: Dragonstorm,241,normal,common,1,104767,7f50aa6e-ce6a-4479-9725-202926245f2c,0.13,false,false,false,near_mint,en,false,EUR,2026-09-14T12:19:12.813Z
Drain Life,BTD,Beatdown Box Set,24,normal,common,1,33399,6995dfc3-7365-408f-aeb4-9a2963f513a0,0.6,false,false,false,near_mint,en,false,EUR,2026-09-14T12:19:12.813Z
Drake Familiar,RAV,Ravnica: City of Guilds,44,normal,common,1,27966,b4583623-e367-48cc-8e86-e6c5e35f1a9c,0.1,false,false,false,near_mint,en,false,EUR,2026-09-14T12:19:12.813Z
Dramatic Reversal,KLD,Kaladesh,44,normal,common,1,7599,dcb59045-2743-48ae-8063-727e551b1c41,0.54,false,false,false,near_mint,en,false,EUR,2026-09-14T12:19:12.813Z
Drannith Healer,IKO,Ikoria: Lair of Behemoths,10,normal,common,1,50067,ff5a821c-eaec-4f69-97c7-8299cdebc2f4,0.12,false,false,false,near_mint,en,false,EUR,2026-09-14T12:19:12.813Z
Drannith Stinger,IKO,Ikoria: Lair of Behemoths,113,normal,common,1,49964,612ee4be-e7a2-423c-a37c-7c6ca97f630e,0.12,false,false,false,near_mint,en,false,EUR,2026-09-14T12:19:12.813Z
Dread Linnorm // Scale Deflection,CLB,Commander Legends: Battle for Baldur's Gate,225,normal,common,1,68876,174ee9e7-8040-4b53-8d0d-177ce924521c,0.17,false,false,false,near_mint,en,false,EUR,2026-09-14T12:19:12.813Z
Dread Return,CMM,Commander Masters,153,normal,common,1,84222,34a87901-98bb-41dd-b566-bcb510c20022,0.29,false,false,false,near_mint,en,false,EUR,2026-09-14T12:19:12.813Z
Dream Seizer,ECL,Lorwyn Eclipsed,101,normal,common,1,110321,3573f425-9251-4c17-9619-15278ce5d8fb,0.03,false,false,false,near_mint,en,false,EUR,2026-09-14T12:19:12.813Z
Dream Stalker,TSR,Time Spiral Remastered,63,normal,common,1,57904,e59b4729-74c1-4aa9-937d-27cda960f157,0.12,false,false,false,near_mint,en,false,EUR,2026-09-14T12:19:12.813Z
Dream Twist,EMA,Eternal Masters,47,normal,common,1,8628,a9fa20df-b8d5-4de7-a2fa-6ced4bfcf979,0.17,false,false,false,near_mint,en,false,EUR,2026-09-14T12:19:12.813Z
Dream's Grip,MRD,Mirrodin,34,normal,common,1,30011,7ffaa6a2-7c86-45b4-8892-b837e05f11a6,0.37,false,false,false,near_mint,en,false,EUR,2026-09-14T12:19:12.813Z
Dreamdrinker Vampire,MH3,Modern Horizons 3,88,normal,common,1,94872,961a3a53-344b-44d5-bc8e-f43437e6b558,0.04,false,false,false,near_mint,en,false,EUR,2026-09-14T12:19:12.813Z
Dreams of Laguna,FIN,Final Fantasy,50,normal,common,1,106292,ba752243-2727-4b8a-8e21-e70becfd4ff3,0.08,false,false,false,near_mint,en,false,EUR,2026-09-14T12:19:12.813Z
Dreamtail Heron,IKO,Ikoria: Lair of Behemoths,47,normal,common,1,50030,ca777d40-736a-4cd6-85c4-5afd52f2fadd,0.08,false,false,false,near_mint,en,false,EUR,2026-09-14T12:19:12.813Z
Dregscape Zombie,MM3,Modern Masters 2017,67,normal,common,1,6146,db87a2be-4490-45af-89d7-540549d1d6af,0.08,false,false,false,near_mint,en,false,EUR,2026-09-14T12:19:12.813Z
Drift of Phantasms,RVR,Ravnica Remastered,42,normal,common,1,89925,d722c22d-3cab-48b5-96cd-0874060ac9a4,0.25,false,false,false,near_mint,en,false,EUR,2026-09-14T12:19:12.813Z
Drifting Meadow,DMR,Dominaria Remastered,245,normal,common,1,78028,8cb024fa-2df1-4414-b0d7-6f700d152c51,0.07,false,false,false,near_mint,en,false,EUR,2026-09-14T12:19:12.813Z
Dripping-Tongue Zubera,CHK,Champions of Kamigawa,206,normal,common,1,29019,e752b762-38b7-463c-aa09-37fecfe71a53,0.11,false,false,false,near_mint,en,false,EUR,2026-09-14T12:19:12.813Z
Drix Fatemaker,EOE,Edge of Eternities,178,normal,common,1,107381,1beb7566-305e-4091-bdc4-cf4c789ac05a,0.06,false,false,false,near_mint,en,false,EUR,2026-09-14T12:19:12.813Z
Dross Golem,DST,Darksteel,119,normal,common,1,29542,1df2f4fd-b96a-4537-93a4-38141b0fa577,0.13,false,false,false,near_mint,en,false,EUR,2026-09-14T12:19:12.813Z
Drossforge Bridge,MH2,Modern Horizons 2,246,normal,common,1,59574,5b46b8d8-723a-4752-b97d-29ef83bd294c,1.28,false,false,false,near_mint,en,false,EUR,2026-09-14T12:19:12.813Z
Drown in Sorrow,CMM,Commander Masters,154,normal,common,1,84305,4512357b-0d08-4996-9301-5853eae1ea64,0.39,false,false,false,near_mint,en,false,EUR,2026-09-14T12:19:12.813Z
Drowner Initiate,SHM,Shadowmoor,36,normal,common,1,24830,28accc5f-63a5-47d0-b0e6-747aa0aa43e5,0.2,false,false,false,near_mint,en,false,EUR,2026-09-14T12:19:12.813Z
Drownyard Lurker,MH3,Modern Horizons 3,3,normal,common,1,94867,7faf5812-2067-4386-bb83-150723d67d02,0.09,false,false,false,near_mint,en,false,EUR,2026-09-14T12:19:12.813Z
Drowsing Tyrannodon,M21,Core Set 2021,178,normal,common,1,50742,288b056a-ea80-4fdc-990d-0ee1e9a7bf64,0.06,false,false,false,near_mint,en,false,EUR,2026-09-14T12:19:12.813Z
Drudge Skeletons,GVL,Duel Decks Anthology: Garruk vs. Liliana,36,normal,common,1,12318,bd6f73bc-3181-40fa-9156-b73e4280e747,0.18,false,false,false,near_mint,en,false,EUR,2026-09-14T12:19:12.813Z
Druid of the Anima,ALA,Shards of Alara,128,normal,common,1,23971,de32bf78-73c2-4cd4-b3b3-ef8be53e1e5e,0.27,false,false,false,near_mint,en,false,EUR,2026-09-14T12:19:12.813Z
Dry Spell,6ED,Classic Sixth Edition,124,normal,common,1,35253,f765719b-609a-47ae-8dc8-0c97db104d1b,0.14,false,false,false,near_mint,en,false,EUR,2026-09-14T12:19:12.813Z
Dryad's Favor,M11,Magic 2011,169,normal,common,1,21220,c259509e-9f95-4566-b78a-ba34107539f7,0.16,false,false,false,near_mint,en,false,EUR,2026-09-14T12:19:12.813Z
Dueling Rapier,AFR,Adventures in the Forgotten Realms,140,normal,common,1,60421,c304118a-c83b-490a-b0e2-721734a996ee,0.1,false,false,false,near_mint,en,false,EUR,2026-09-14T12:19:12.813Z
Duress,FDN,Foundations,606,normal,common,1,100348,34c3a894-ee75-4db9-a69f-711bb3cc150a,0.17,false,false,false,near_mint,en,false,EUR,2026-09-14T12:19:12.813Z
Dusk Legion Zealot,LCC,The Lost Caverns of Ixalan Commander,194,normal,common,1,88592,72048624-e3fd-4e9b-91a9-996ea3a1a74f,0.23,false,false,false,near_mint,en,false,EUR,2026-09-14T12:19:12.813Z
Duskrider Falcon,WTH,Weatherlight,12,normal,common,1,37285,bee3a23a-6ecf-439c-8637-e096fa8c1a80,0.21,false,false,false,near_mint,en,false,EUR,2026-09-14T12:19:12.813Z
Duskshell Crawler,CLU,Ravnica: Clue Edition,161,normal,common,1,91280,eb39a0c0-668f-4881-957a-3d09c50beaf4,0.2,false,false,false,near_mint,en,false,EUR,2026-09-14T12:19:12.813Z
Dust to Dust,5ED,Fifth Edition,29,normal,uncommon,1,37977,6e8a9a5c-0e5f-4498-88d8-6aac465923b1,13.69,false,false,false,near_mint,en,false,EUR,2026-09-14T12:19:12.813Z
Dutiful Return,BFZ,Battle for Zendikar,110,normal,common,1,10241,55d6cb71-c911-4f82-93e9-654e8ffa85c9,0.06,false,false,false,near_mint,en,false,EUR,2026-09-14T12:19:12.813Z
Dwarven Forge-Chanter,BRO,The Brothers' War,131,normal,common,1,75737,bbd6a95a-11b9-43aa-b293-20a3102bae71,0.14,false,false,false,near_mint,en,false,EUR,2026-09-14T12:19:12.813Z
Dwarven Mine,ELD,Throne of Eldraine,243,normal,common,1,46095,5c83074d-0c9b-4b58-94ca-d75240485579,0.25,false,false,false,near_mint,en,false,EUR,2026-09-14T12:19:12.813Z
Dwynen's Elite,FDN,Foundations,218,normal,common,1,100800,89d94c28-ea2e-4a3d-935f-6b2d9f2efc7a,0.09,false,false,false,near_mint,en,false,EUR,2026-09-14T12:19:12.813Z
Dynamite Diver,DFT,Aetherdrift,123,normal,common,1,103508,5a4f96f6-dd91-4357-ae19-1c35db2c2bcb,0.05,false,false,false,near_mint,en,false,EUR,2026-09-14T12:19:12.813Z
Eagles of the North,HOC,The Hobbit Eternal,164,normal,common,1,115126,068a5bf7-6faf-41d5-924d-cdf387c1a193,0.44,false,false,false,near_mint,en,false,EUR,2026-09-14T12:19:12.813Z
Early Frost,5DN,Fifth Dawn,29,normal,common,1,29466,5989d4c4-bfa4-4b07-ab64-65a3aee6144e,0.1,false,false,false,near_mint,en,false,EUR,2026-09-14T12:19:12.813Z
Earth Rift,ODY,Odyssey,189,normal,common,1,31988,e2e10742-77c9-4f91-81b2-37b2ac910f09,0.22,false,false,false,near_mint,en,false,EUR,2026-09-14T12:19:12.813Z
Earth-Cult Elemental,AFR,Adventures in the Forgotten Realms,141,normal,common,1,60518,fa05f317-b2f8-4eea-951b-0c374774764b,0.08,false,false,false,near_mint,en,false,EUR,2026-09-14T12:19:12.813Z
Earthbending Lesson,TLA,Avatar: The Last Airbender,176,normal,common,1,108142,eccd63b3-3a3a-4661-9d6e-fb8152429bdb,0.05,false,false,false,near_mint,en,false,EUR,2026-09-14T12:19:12.813Z
Eastfarthing Farmer,LTR,The Lord of the Rings: Tales of Middle-earth,8,normal,common,1,82944,26bb65ba-d605-4b79-a700-4a08ec5a90b4,0.06,false,false,false,near_mint,en,false,EUR,2026-09-14T12:19:12.813Z
Eaten Alive,INR,Innistrad Remastered,106,normal,common,1,102431,143d278d-d99b-42da-9fbd-9ab70526d53a,0.09,false,false,false,near_mint,en,false,EUR,2026-09-14T12:19:12.813Z
Ebony Charm,MIR,Mirage,120,normal,common,1,38470,937c8016-43c8-418b-9057-b5d6715f71f7,0.35,false,false,false,near_mint,en,false,EUR,2026-09-14T12:19:12.813Z
Echo of Dusk,LCI,The Lost Caverns of Ixalan,104,normal,common,1,88387,319a457c-89b7-47f6-a13c-20bb50d41138,0.03,false,false,false,near_mint,en,false,EUR,2026-09-14T12:19:12.813Z
Echoing Courage,A25,Masters 25,166,normal,common,1,2550,04367e72-3f8c-4cba-8bdf-5a1ba9c9f01f,0.09,false,false,false,near_mint,en,false,EUR,2026-09-14T12:19:12.813Z
Echoing Decay,DST,Darksteel,41,normal,common,1,29620,f8e688e7-8350-4b78-bd49-a6ffdedad556,0.18,false,false,false,near_mint,en,false,EUR,2026-09-14T12:19:12.813Z
Echoing Return,MH2,Modern Horizons 2,83,normal,common,1,59505,39eb0e67-f989-4430-b2d6-b8b647f0b7ca,0.12,false,false,false,near_mint,en,false,EUR,2026-09-14T12:19:12.813Z
Echoing Ruin,DST,Darksteel,59,normal,common,1,29602,01f842c8-cd6c-4f4d-9aa8-417a92b37867,0.18,false,false,false,near_mint,en,false,EUR,2026-09-14T12:19:12.813Z
Echoing Truth,DMC,Dominaria United Commander,109,normal,common,1,71479,5d987d26-c8e8-4edf-8ac0-6a2980265710,0.37,false,false,false,near_mint,en,false,EUR,2026-09-14T12:19:12.813Z
Eddytrail Hawk,KLD,Kaladesh,12,normal,common,1,7631,81dcaec6-4cb9-46d8-aed1-46f33c67dff2,0.09,false,false,false,near_mint,en,false,EUR,2026-09-14T12:19:12.813Z
Edge of the Divinity,EVE,Eventide,87,normal,common,1,24464,ffd079d8-b191-4f54-bb04-427b3736f745,0.36,false,false,false,near_mint,en,false,EUR,2026-09-14T12:19:12.813Z
Eerie Gravestone,MSC,Marvel Super Heroes Commander,824,normal,common,1,113533,0d7705e8-b233-4cd0-ad8c-90d900b3cf79,0.17,false,false,false,near_mint,en,false,EUR,2026-09-14T12:19:12.813Z
Eland Umbra,ROE,Rise of the Eldrazi,19,normal,common,1,21948,f3a2ec16-bee4-4dfd-81cb-cb81b017170c,0.34,false,false,false,near_mint,en,false,EUR,2026-09-14T12:19:12.813Z
Elder Auntie,ECL,Lorwyn Eclipsed,133,normal,common,1,110370,84678e98-2258-4ea1-aaf0-8ac4cc2ecf8d,0.05,false,false,false,near_mint,en,false,EUR,2026-09-14T12:19:12.813Z
Eldrazi Aggressor,OGW,Oath of the Gatewatch,95,normal,common,1,9287,62f3ec85-552d-4e28-939e-ab2c39e3e9c5,0.07,false,false,false,near_mint,en,false,EUR,2026-09-14T12:19:12.813Z
Eldrazi Devastator,BFZ,Battle for Zendikar,7,normal,common,1,10344,04b13e32-01b9-4a86-a3df-ca8b784c6a6c,0.11,false,false,false,near_mint,en,false,EUR,2026-09-14T12:19:12.813Z
Eldrazi Repurposer,MH3,Modern Horizons 3,150,normal,common,1,94846,37f79ba7-7b65-4387-b498-f770816ce8dd,0.17,false,false,false,near_mint,en,false,EUR,2026-09-14T12:19:12.813Z
Electric Revelation,OTC,Outlaws of Thunder Junction Commander,163,normal,common,1,93864,d06023c5-8cb8-4d67-bba6-8dd5201a25dd,0.22,false,false,false,near_mint,en,false,EUR,2026-09-14T12:19:12.813Z
Electrickery,GK1,GRN Guild Kit,29,normal,common,1,117,61710c6a-b3d1-46ae-8aec-e7f8e56b135e,0.94,false,false,false,near_mint,en,false,EUR,2026-09-14T12:19:12.813Z
Electrify,M19,Core Set 2019,139,normal,common,1,1173,60bee89d-d916-4095-830f-6270f8c4f0d8,0.03,false,false,false,near_mint,en,false,EUR,2026-09-14T12:19:12.813Z
Elemental Mascot,SOS,Secrets of Strixhaven,185,normal,common,1,111741,c507eb1c-48e9-4d28-bb2d-71f2a9df9ab0,0.04,false,false,false,near_mint,en,false,EUR,2026-09-14T12:19:12.813Z
Elemental Summoning,STX,Strixhaven: School of Mages,183,normal,common,1,58369,ea51991c-1589-4c62-965b-5ae8d233520b,0.06,false,false,false,near_mint,en,false,EUR,2026-09-14T12:19:12.813Z
Elementalist Adept,FDN,Foundations,36,normal,common,1,101605,d9768cc6-8f53-4922-ae32-376a2f32d719,0.05,false,false,false,near_mint,en,false,EUR,2026-09-14T12:19:12.813Z
Elephant Guide,EMA,Eternal Masters,163,normal,common,1,8512,c997fe6c-cb57-4e0e-9267-42bd12cc3b03,0.11,false,false,false,near_mint,en,false,EUR,2026-09-14T12:19:12.813Z
Elfhame Wurm,DMU,Dominaria United,161,normal,common,1,71842,ef2dc99b-083d-473e-b352-e8264353e85b,0.06,false,false,false,near_mint,en,false,EUR,2026-09-14T12:19:12.813Z
Elfsworn Giant,FDN,Foundations,103,normal,common,1,100497,5128a5be-ffa6-4998-8488-872d80b24cb2,0.08,false,false,false,near_mint,en,false,EUR,2026-09-14T12:19:12.813Z
Elite Instructor,THB,Theros Beyond Death,49,normal,common,1,47013,821cd2dd-aa03-4c55-b9e4-98e0284889d3,0.05,false,false,false,near_mint,en,false,EUR,2026-09-14T12:19:12.813Z
Elite Interceptor // Rejoinder,SOS,Secrets of Strixhaven,12,normal,common,1,112577,2970683e-e69c-42cb-a067-34abd56fb42b,0.12,false,false,false,near_mint,en,false,EUR,2026-09-14T12:19:12.813Z
Elusive Spellfist,IMA,Iconic Masters,54,normal,common,1,3571,aac94901-f4ec-4888-82ef-87fd2b20cf11,0.08,false,false,false,near_mint,en,false,EUR,2026-09-14T12:19:12.813Z
Elven Farsight,LTR,The Lord of the Rings: Tales of Middle-earth,161,normal,common,1,83195,73d135b2-d2b8-499c-84d9-824370c19ccc,0.11,false,false,false,near_mint,en,false,EUR,2026-09-14T12:19:12.813Z
Elves of Deep Shadow,GK1,GRN Guild Kit,56,normal,common,1,90,fd1cd0c9-ab13-48c4-b5bf-942ca75608cd,3.32,false,false,false,near_mint,en,false,EUR,2026-09-14T12:19:12.813Z
Elvish Branchbender,DDU,Duel Decks: Elves vs. Inventors,6,normal,common,1,2461,f3731491-097c-4915-acab-1da2d5176b37,0.17,false,false,false,near_mint,en,false,EUR,2026-09-14T12:19:12.813Z
Elvish Eulogist,EVG,Duel Decks Anthology: Elves vs. Goblins,3,normal,common,1,12413,df88baac-0d92-4b67-a417-aac79c74aa64,0.2,false,false,false,near_mint,en,false,EUR,2026-09-14T12:19:12.813Z
Elvish Guidance,ONS,Onslaught,255,normal,common,1,31048,8698c46b-2628-4482-88f9-e37a01ade274,0.43,false,false,false,near_mint,en,false,EUR,2026-09-14T12:19:12.813Z
Elvish Hexhunter,SHM,Shadowmoor,226,normal,common,1,24640,c2b7f4d7-278b-45fc-98aa-b7c8b9162bcd,0.16,false,false,false,near_mint,en,false,EUR,2026-09-14T12:19:12.813Z
Elvish Lyrist,8ED,Eighth Edition,242,normal,uncommon,1,30294,4a1da8da-12b2-47aa-9565-92d305061798,0.22,false,false,false,near_mint,en,false,EUR,2026-09-14T12:19:12.813Z
Elvish Mystic,SOC,Secrets of Strixhaven Commander,266,normal,common,1,112173,eb654a76-62ee-4fd8-83d4-cb912211a9a0,0.74,false,false,false,near_mint,en,false,EUR,2026-09-14T12:19:12.813Z
Elvish Pioneer,8ED,Eighth Edition,243,normal,common,1,30293,88244522-1cf3-40a6-9ff7-bb78f2151b60,0.19,false,false,false,near_mint,en,false,EUR,2026-09-14T12:19:12.813Z
Elvish Rejuvenator,M3C,Modern Horizons 3 Commander,226,normal,common,1,94957,5deb7010-131c-40e9-a4c2-dee1b700e6c9,0.1,false,false,false,near_mint,en,false,EUR,2026-09-14T12:19:12.813Z
Elvish Vanguard,DDU,Duel Decks: Elves vs. Inventors,8,normal,common,1,2459,838a8d40-5268-467e-8d14-d9fd72253df6,1.06,false,false,false,near_mint,en,false,EUR,2026-09-14T12:19:12.813Z
Elvish Visionary,CMR,Commander Legends,223,normal,common,1,55812,a2f174e6-9532-4fc3-815b-2dc3966c6523,0.1,false,false,false,near_mint,en,false,EUR,2026-09-14T12:19:12.813Z
Elvish Warrior,EVG,Duel Decks Anthology: Elves vs. Goblins,5,normal,common,1,12411,c3d0485a-209d-4040-94ab-856bdee83b81,0.11,false,false,false,near_mint,en,false,EUR,2026-09-14T12:19:12.813Z
Ember-Eye Wolf,SOI,Shadows over Innistrad,154,normal,common,1,8842,98fe1e1e-b14a-4efe-894b-b9da635f007f,0.06,false,false,false,near_mint,en,false,EUR,2026-09-14T12:19:12.813Z
Ember-Fist Zubera,CHK,Champions of Kamigawa,166,normal,common,1,29059,0150e3f0-237e-4669-9401-d2cd08e86387,0.11,false,false,false,near_mint,en,false,EUR,2026-09-14T12:19:12.813Z
Embiggen,UNF,Unfinity,137,normal,common,1,73043,1b759c27-9fb6-4c23-adc1-f6d3f3a0eb52,1.15,false,false,false,near_mint,en,false,EUR,2026-09-14T12:19:12.813Z
Embrace Oblivion,EOE,Edge of Eternities,98,normal,common,1,106927,3754fc20-7aaa-437d-97df-d6cf1c29586c,0.07,false,false,false,near_mint,en,false,EUR,2026-09-14T12:19:12.813Z
Embrace the Paradox,SOS,Secrets of Strixhaven,186,normal,common,1,112679,c0cf5e0f-3668-46f2-850d-d91a538e8ead,0.11,false,false,false,near_mint,en,false,EUR,2026-09-14T12:19:12.813Z
Emerge Unscathed,IMA,Iconic Masters,19,normal,common,1,3606,d016f166-183e-4d9e-9292-9bfb1ca0d72b,0.47,false,false,false,near_mint,en,false,EUR,2026-09-14T12:19:12.813Z
Emrakul's Hatcher,DDP,Duel Decks: Zendikar vs. Eldrazi,59,normal,common,1,10506,35fab29d-1bcc-4ba0-90bf-427d95bf6699,0.23,false,false,false,near_mint,en,false,EUR,2026-09-14T12:19:12.813Z
Enchantment Alteration,USG,Urza's Saga,72,normal,uncommon,1,35896,254aa8d0-f0f5-4fb2-a6ba-07453d71e229,0.22,false,false,false,near_mint,en,false,EUR,2026-09-14T12:19:12.813Z
Enclave Elite,CNS,Conspiracy,96,normal,common,1,14324,1641ff92-f3e0-4f9c-996a-15e4b103fa3c,0.06,false,false,false,near_mint,en,false,EUR,2026-09-14T12:19:12.813Z
End the Festivities,VOW,Innistrad: Crimson Vow,155,normal,common,1,64392,bec748e6-7245-4a71-aeee-cefed8346948,1.41,false,false,false,near_mint,en,false,EUR,2026-09-14T12:19:12.813Z
Energy Refractor,BRO,The Brothers' War,234,normal,common,1,75783,cc2a81fb-5045-4b7b-8cfb-b90c4f4a1f51,0.24,false,false,false,near_mint,en,false,EUR,2026-09-14T12:19:12.813Z
Engine Rat,DFT,Aetherdrift,84,normal,common,1,103579,949d6137-98d3-4f46-ab1e-08d7492af307,0.11,false,false,false,near_mint,en,false,EUR,2026-09-14T12:19:12.813Z
Enigma Eidolon,DIS,Dissension,24,normal,common,1,27401,814a1082-6e2c-46d3-9b45-12dab7006c0f,0.1,false,false,false,near_mint,en,false,EUR,2026-09-14T12:19:12.813Z
Enraged Flamecaster,ECL,Lorwyn Eclipsed,135,normal,common,1,110686,104baa2c-75c5-44fc-a3b9-b19efcf3d7c2,0.07,false,false,false,near_mint,en,false,EUR,2026-09-14T12:19:12.813Z
Enter the Enigma,DSK,Duskmourn: House of Horror,52,normal,common,1,99008,cf5479c7-9e46-4a57-abe7-8cc670de89e4,0.16,false,false,false,near_mint,en,false,EUR,2026-09-14T12:19:12.813Z
Entourage of Trest,CMM,Commander Masters,285,normal,common,1,84507,78075b31-8145-4053-90dd-6a34bd48fa7c,0.1,false,false,false,near_mint,en,false,EUR,2026-09-14T12:19:12.813Z
Entropic Eidolon,DIS,Dissension,45,normal,common,1,27380,5998cab0-77cd-4a22-8049-37d39928df6d,0.1,false,false,false,near_mint,en,false,EUR,2026-09-14T12:19:12.813Z
Envelop,JUD,Judgment,39,normal,common,1,31559,e7ed250e-12d0-4ebc-9410-5711e71c6d1f,3.53,false,false,false,near_mint,en,false,EUR,2026-09-14T12:19:12.813Z
Environmental Sciences,STX,Strixhaven: School of Mages,1,normal,common,1,58081,46b394fc-a99c-44e7-9226-da0699167541,0.11,false,false,false,near_mint,en,false,EUR,2026-09-14T12:19:12.813Z
Envoy of Okinec Ahau,LCI,The Lost Caverns of Ixalan,11,normal,common,1,88717,96de0741-9270-4118-bb8e-f3480c75a582,0.11,false,false,false,near_mint,en,false,EUR,2026-09-14T12:19:12.813Z
Ephemeral Shields,MOC,March of the Machine Commander,184,normal,common,1,81708,60fcd11e-9bc3-4a27-966c-42767bac3223,0.19,false,false,false,near_mint,en,false,EUR,2026-09-14T12:19:12.813Z
Ephemerate,MH1,Modern Horizons,7,normal,common,1,44927,2da5f3f8-5eef-498f-ba2c-2f3fbc3745aa,5.23,false,false,false,near_mint,en,false,EUR,2026-09-14T12:19:12.813Z
Equinox,LEG,Legends,13,normal,common,1,41106,840c6586-a7a9-4ae8-96be-a995a0693eb6,4.07,false,false,false,near_mint,en,false,EUR,2026-09-14T12:19:12.813Z
Erebor Flamesmith,LTR,The Lord of the Rings: Tales of Middle-earth,122,normal,common,1,83086,552730c5-e3a6-468f-91b2-82c272dda400,0.16,false,false,false,near_mint,en,false,EUR,2026-09-14T12:19:12.813Z
Eroded Canyon,OTJ,Outlaws of Thunder Junction,256,normal,common,1,93177,5c9d080f-28d7-41d6-a4e0-5b3e3a5ed770,0.2,false,false,false,near_mint,en,false,EUR,2026-09-14T12:19:12.813Z
Escape Routes,PLS,Planeshift,25,normal,common,1,32927,dbc9062e-ddd9-41ac-a88a-33f5a7b22103,0.08,false,false,false,near_mint,en,false,EUR,2026-09-14T12:19:12.813Z
Escape Tunnel,EOC,Edge of Eternities Commander,157,normal,common,1,107110,a0335da5-d754-480d-89d9-be6b8ca33fda,0.22,false,false,false,near_mint,en,false,EUR,2026-09-14T12:19:12.813Z
Esper Stormblade,ARB,Alara Reborn,132,normal,common,1,23376,e60ac6f0-fdec-4e2c-86c6-02d36c7bbaf5,0.16,false,false,false,near_mint,en,false,EUR,2026-09-14T12:19:12.813Z
Essence Flux,INR,Innistrad Remastered,64,normal,common,1,102778,c94b37df-aaa5-4981-be3b-c934a7971123,1.05,false,false,false,near_mint,en,false,EUR,2026-09-14T12:19:12.813Z
Essence Harvest,AVR,Avacyn Restored,100,normal,common,1,18178,7c3fac03-a019-4faa-bc1c-09e3a394fff7,0.58,false,false,false,near_mint,en,false,EUR,2026-09-14T12:19:12.813Z
Essence Infusion,STX,Strixhaven: School of Mages,69,normal,common,1,58142,71a48d0c-1e5b-43f2-8974-e2e5bb06310d,0.05,false,false,false,near_mint,en,false,EUR,2026-09-14T12:19:12.813Z
Essence Scatter,SOS,Secrets of Strixhaven,47,normal,common,1,112586,32840097-0531-4c43-b6a8-e76c17420b04,0.05,false,false,false,near_mint,en,false,EUR,2026-09-14T12:19:12.813Z
Essence Symbiote,IKO,Ikoria: Lair of Behemoths,149,normal,common,1,49928,8d09ddf0-91f0-4e76-809f-c39ca7418ed5,0.12,false,false,false,near_mint,en,false,EUR,2026-09-14T12:19:12.813Z
Essence Warden,CMA,Commander Anthology,106,normal,common,1,5180,31ca84d1-30a6-432b-966c-089fb6652a89,3.6,false,false,false,near_mint,en,false,EUR,2026-09-14T12:19:12.813Z
Etali's Favor,LCI,The Lost Caverns of Ixalan,149,normal,common,1,88579,6d4075a8-c15d-4078-bf4b-0f85c03fecec,0.08,false,false,false,near_mint,en,false,EUR,2026-09-14T12:19:12.813Z
Etched Cornfield,DSK,Duskmourn: House of Horror,258,normal,common,1,98681,f8900b89-0e10-4602-bba2-da8d60ea5885,0.08,false,false,false,near_mint,en,false,EUR,2026-09-14T12:19:12.813Z
Eternal Thirst,IMA,Iconic Masters,89,normal,common,1,3536,14ab1802-1756-44cf-8cf5-ca69f24875f2,0.11,false,false,false,near_mint,en,false,EUR,2026-09-14T12:19:12.813Z
Ethereal Armor,DSK,Duskmourn: House of Horror,7,normal,uncommon,1,98756,fd0e8a82-0201-483e-a976-5f29764b35a4,0.34,false,false,false,near_mint,en,false,EUR,2026-09-14T12:19:12.813Z
Ethereal Haze,CHK,Champions of Kamigawa,9,normal,common,1,29217,7f1996af-5f15-447f-9b1d-98a7e97df53a,0.36,false,false,false,near_mint,en,false,EUR,2026-09-14T12:19:12.813Z
Etherium Sculptor,EOC,Edge of Eternities Commander,72,normal,common,1,107315,b0556f20-1ea8-4ab5-9a09-dec9959f017b,0.77,false,false,false,near_mint,en,false,EUR,2026-09-14T12:19:12.813Z
Etherium Spinner,MH2,Modern Horizons 2,40,normal,common,1,59809,cdc8056f-4c8e-4a2b-b32f-c50c2cb7601a,0.1,false,false,false,near_mint,en,false,EUR,2026-09-14T12:19:12.813Z
Eureka Moment,SOC,Secrets of Strixhaven Commander,308,normal,common,1,111926,4d267ed8-e760-4f92-962b-f83dea822c45,0.17,false,false,false,near_mint,en,false,EUR,2026-09-14T12:19:12.813Z
Everflowing Chalice,EOC,Edge of Eternities Commander,137,normal,uncommon,1,107346,e4ed0052-d6dd-4f69-8313-10863baefac9,0.26,false,false,false,near_mint,en,false,EUR,2026-09-14T12:19:12.813Z
Evil Presence,NPH,New Phyrexia,60,normal,common,1,19825,4dd00bc5-234c-4ded-b0b7-1181bc16cb28,0.15,false,false,false,near_mint,en,false,EUR,2026-09-14T12:19:12.813Z
Evincar's Justice,CMA,Commander Anthology,58,normal,common,1,5228,2e0fffc6-4395-441e-95a9-c9cf33af7907,0.45,false,false,false,near_mint,en,false,EUR,2026-09-14T12:19:12.813Z
Eviscerate,DOM,Dominaria,91,normal,common,1,2185,62ba90b8-3a30-4058-b8d3-72900b1f4fe0,0.07,false,false,false,near_mint,en,false,EUR,2026-09-14T12:19:12.813Z
Eviscerator's Insight,MH3,Modern Horizons 3,93,normal,common,1,94582,b00573bd-5bbb-4531-a0bb-a40f62b92b88,0.28,false,false,false,near_mint,en,false,EUR,2026-09-14T12:19:12.813Z
Evolution Charm,TSR,Time Spiral Remastered,202,normal,common,1,57698,723d21cb-f506-4ad4-89d8-ecfdaed5952f,0.13,false,false,false,near_mint,en,false,EUR,2026-09-14T12:19:12.813Z
Evolution Witness,MH3,Modern Horizons 3,151,normal,common,1,94439,4d89283e-9783-4006-9294-4ae0473d2ce6,0.21,false,false,false,near_mint,en,false,EUR,2026-09-14T12:19:12.813Z
Evolving Wilds,ECL,Lorwyn Eclipsed,264,normal,common,1,110560,8c632984-5176-4c37-91df-6577cc294b85,0.09,false,false,false,near_mint,en,false,EUR,2026-09-14T12:19:12.813Z
Exclude,CMM,Commander Masters,90,normal,common,1,83982,014bc5a5-4483-42e9-9c14-1ad229b28eb7,0.13,false,false,false,near_mint,en,false,EUR,2026-09-14T12:19:12.813Z
Executioner's Capsule,2XM,Double Masters,92,normal,common,1,52088,032ea333-96e1-4ad8-8947-21d6bc3a9f91,0.11,false,false,false,near_mint,en,false,EUR,2026-09-14T12:19:12.813Z
Exhilarating Elocution,STX,Strixhaven: School of Mages,185,normal,common,1,58187,8468417d-7ef5-43e0-9190-e88f3eed9e82,0.03,false,false,false,near_mint,en,false,EUR,2026-09-14T12:19:12.813Z
Exhume,BRB,Battle Royale Box Set,24,normal,common,1,34036,41c79afa-8f88-48bd-9122-984327d3e54d,5.62,false,false,false,near_mint,en,false,EUR,2026-09-14T12:19:12.813Z
Exile,6ED,Classic Sixth Edition,21,normal,rare,1,35356,bf6e3ca4-5b56-40bb-bec7-c92fc7eb50d2,1.21,false,false,false,near_mint,en,false,EUR,2026-09-14T12:19:12.813Z
Exosuit Savior,EOE,Edge of Eternities,16,normal,common,1,107741,826c0455-a6ce-43ad-bd5c-0a5df169da90,0.04,false,false,false,near_mint,en,false,EUR,2026-09-14T12:19:12.813Z
Expanded Anatomy,STX,Strixhaven: School of Mages,2,normal,common,1,58312,c5642b9d-0daa-4e6b-ad48-f88dd37d6574,0.07,false,false,false,near_mint,en,false,EUR,2026-09-14T12:19:12.813Z
Expanding Ooze,MH3,Modern Horizons 3,184,normal,common,1,94599,bbdb095d-b826-4e3e-8c61-0d408e52d6b8,0.04,false,false,false,near_mint,en,false,EUR,2026-09-14T12:19:12.813Z
Expedite,CMR,Commander Legends,413,normal,common,1,56167,b86c0628-0b61-44f2-91cc-1c3c309631ce,0.28,false,false,false,near_mint,en,false,EUR,2026-09-14T12:19:12.813Z
Expedition Diviner,ZNR,Zendikar Rising,57,normal,common,1,54429,090f6e94-fb5f-4861-a465-f11766303676,0.03,false,false,false,near_mint,en,false,EUR,2026-09-14T12:19:12.813Z
Expedition Map,M3C,Modern Horizons 3 Commander,292,normal,common,1,94986,8710f97d-28c7-4809-a4cd-81d08a7e3909,1.57,false,false,false,near_mint,en,false,EUR,2026-09-14T12:19:12.813Z
Expel the Unworthy,MH3,Modern Horizons 3,25,normal,common,1,94467,5f68baee-f503-407d-931f-2a550470a55f,0.05,false,false,false,near_mint,en,false,EUR,2026-09-14T12:19:12.813Z
Experiment One,RVR,Ravnica Remastered,137,normal,uncommon,1,89639,3b551403-47dd-4c2b-95c8-0e2e674d6fcf,0.14,false,false,false,near_mint,en,false,EUR,2026-09-14T12:19:12.813Z
Experimental Augury,EOC,Edge of Eternities Commander,73,normal,common,1,107295,8b817b17-27cf-4f6b-baf2-4c4dbb3e71d1,0.26,false,false,false,near_mint,en,false,EUR,2026-09-14T12:19:12.813Z
Experimental Synthesizer,NEO,Kamigawa: Neon Dynasty,138,normal,common,1,66909,c47931c9-685d-4b83-8299-bc347224b4e8,0.77,false,false,false,near_mint,en,false,EUR,2026-09-14T12:19:12.813Z
Exploding Borders,CON,Conflux,106,normal,common,1,23623,f247aaaf-4d65-4dfc-bab2-3c1331762647,0.1,false,false,false,near_mint,en,false,EUR,2026-09-14T12:19:12.813Z
Explore,BLC,Bloomburrow Commander,216,normal,common,1,96187,18e5fdee-1ec4-44a2-b84c-35897f1d2912,0.27,false,false,false,near_mint,en,false,EUR,2026-09-14T12:19:12.813Z
Extinguish,S99,Starter 1999,37,normal,common,1,34665,8194b7c8-74d1-488a-9d8e-8d9421a63bae,0.33,false,false,false,near_mint,en,false,EUR,2026-09-14T12:19:12.813Z
Extract a Confession,MKM,Murders at Karlov Manor,84,normal,common,1,90724,256c8b6e-4031-458b-8eb9-bbfe58405a0c,0.29,false,false,false,near_mint,en,false,EUR,2026-09-14T12:19:12.813Z
Extract the Truth,SNC,Streets of New Capenna,78,normal,common,1,67667,2bdb9df1-4475-45e7-bc9c-40937c8c1722,0.1,false,false,false,near_mint,en,false,EUR,2026-09-14T12:19:12.813Z
Eye of Nowhere,CHK,Champions of Kamigawa,59,normal,common,1,29167,b307af89-1890-4fac-a12e-f8a678f1101f,0.15,false,false,false,near_mint,en,false,EUR,2026-09-14T12:19:12.813Z
Eyeblight's Ending,2X2,Double Masters 2022,75,normal,common,1,70273,6738c356-734a-4930-acd3-31dead241bea,0.08,false,false,false,near_mint,en,false,EUR,2026-09-14T12:19:12.813Z
Fade Away,EXO,Exodus,34,normal,common,1,36302,a6f9103e-dcc2-4f7a-a8ca-eaa831f5f83b,0.58,false,false,false,near_mint,en,false,EUR,2026-09-14T12:19:12.813Z
Faerie Duelist,RNA,Ravnica Allegiance,39,normal,common,1,43825,a7da9c9b-aeef-4f48-bc8f-39425841cc8c,0.07,false,false,false,near_mint,en,false,EUR,2026-09-14T12:19:12.813Z
Faerie Guidemother // Gift of the Fae,ELD,Throne of Eldraine,11,normal,common,1,46327,e8bbece8-9620-44d9-b991-350fe952538a,0.08,false,false,false,near_mint,en,false,EUR,2026-09-14T12:19:12.813Z
Faerie Macabre,GVL,Duel Decks Anthology: Garruk vs. Liliana,42,normal,common,1,12312,62103ceb-b16d-48ea-af42-d3df88d1ee4c,8.9,false,false,false,near_mint,en,false,EUR,2026-09-14T12:19:12.813Z
Faerie Miscreant,M20,Core Set 2020,58,normal,common,1,45403,28aa0337-94bd-4274-b2ee-6f43747c77b3,0.2,false,false,false,near_mint,en,false,EUR,2026-09-14T12:19:12.813Z
Faerie Seer,WOC,Wilds of Eldraine Commander,92,normal,common,1,85424,5c4a8469-f9d8-447f-8143-fa6a694531ec,0.66,false,false,false,near_mint,en,false,EUR,2026-09-14T12:19:12.813Z
Failed Fording,OTJ,Outlaws of Thunder Junction,47,normal,common,1,93188,62bbe11b-e959-4080-98ac-09bd57519c00,0.03,false,false,false,near_mint,en,false,EUR,2026-09-14T12:19:12.813Z
Faithful Watchdog,MH3,Modern Horizons 3,185,normal,common,1,94882,b9afac99-a094-41a8-8323-90dec29691c4,0.08,false,false,false,near_mint,en,false,EUR,2026-09-14T12:19:12.813Z
Faithless Looting,SOC,Secrets of Strixhaven Commander,244,normal,common,1,112201,fc019ffa-4461-4f3d-ab8d-e4d20e77ca0c,0.61,false,false,false,near_mint,en,false,EUR,2026-09-14T12:19:12.813Z
Faithless Salvaging,MH2,Modern Horizons 2,122,normal,common,1,59796,c6ed4077-4ed5-48fb-91c9-a9195d652978,0.1,false,false,false,near_mint,en,false,EUR,2026-09-14T12:19:12.813Z
Fake Your Own Death,FDN,Foundations,174,normal,common,1,101539,693635a6-df50-44c5-9598-0c79b45d4df4,0.08,false,false,false,near_mint,en,false,EUR,2026-09-14T12:19:12.813Z
Falkenrath Noble,DSC,Duskmourn: House of Horror Commander,140,normal,common,1,99408,f38eac93-3a0e-40e0-84f8-3670fd84ca00,0.24,false,false,false,near_mint,en,false,EUR,2026-09-14T12:19:12.813Z
Falkenrath Perforator,MID,Innistrad: Midnight Hunt,136,normal,common,1,63429,c40998e0-d7d0-4d79-a40a-9a381debd2cb,0.05,false,false,false,near_mint,en,false,EUR,2026-09-14T12:19:12.813Z
Fallaji Archaeologist,BRO,The Brothers' War,48,normal,common,1,75714,b0eab397-25a6-4377-8e12-e8acef9675cf,0.47,false,false,false,near_mint,en,false,EUR,2026-09-14T12:19:12.813Z
False Defeat,PTK,Portal Three Kingdoms,4,normal,common,1,35022,5ca71ce3-8633-428a-8d9e-9b807b77a8e2,9.32,false,false,false,near_mint,en,false,EUR,2026-09-14T12:19:12.813Z
False Summoning,P02,Portal Second Age,40,normal,common,1,36462,cd7d30a8-bc7a-42bc-8d1b-600cbf78ab98,0.35,false,false,false,near_mint,en,false,EUR,2026-09-14T12:19:12.813Z
Falter,USG,Urza's Saga,184,normal,common,1,35784,e279126c-0512-4ee6-ad83-6fdfc7ae46c5,0.14,false,false,false,near_mint,en,false,EUR,2026-09-14T12:19:12.813Z
Family Reunion,LCI,The Lost Caverns of Ixalan,13,normal,common,1,88527,5c2cfbdc-8d40-4abb-afca-6c6d8e36185b,0.09,false,false,false,near_mint,en,false,EUR,2026-09-14T12:19:12.813Z
Famished Foragers,MID,Innistrad: Midnight Hunt,138,normal,common,1,63519,fdbe6937-ceda-4367-a101-562fd5e0e09d,0.06,false,false,false,near_mint,en,false,EUR,2026-09-14T12:19:12.813Z
Fanatical Firebrand,FDN,Foundations,195,normal,common,1,101598,d1296316-7781-4e98-95e6-7020648be6a5,0.06,false,false,false,near_mint,en,false,EUR,2026-09-14T12:19:12.813Z
Fanatical Offering,LCI,The Lost Caverns of Ixalan,105,normal,common,1,88940,d896dd52-b134-4b55-ab91-ccb05ecc50f4,2.55,false,false,false,near_mint,en,false,EUR,2026-09-14T12:19:12.813Z
Fanatical Strength,MKM,Murders at Karlov Manor,159,normal,common,1,90841,4941fa74-c7b9-4468-8080-de8057d3d27b,0.05,false,false,false,near_mint,en,false,EUR,2026-09-14T12:19:12.813Z
Fang Dragon // Forktail Sweep,CLB,Commander Legends: Battle for Baldur's Gate,173,normal,common,1,68974,3d74937b-c87f-4894-8f00-36e4d6844ebd,0.51,false,false,false,near_mint,en,false,EUR,2026-09-14T12:19:12.813Z
Fanged Flames,MH3,Modern Horizons 3,118,normal,common,1,94898,fcfac301-55db-49a7-9a0d-918c907703da,0.11,false,false,false,near_mint,en,false,EUR,2026-09-14T12:19:12.813Z
Fangren Hunter,MRD,Mirrodin,119,normal,common,1,29926,2dbc8eef-f032-490a-b487-da1af71b7ff2,0.06,false,false,false,near_mint,en,false,EUR,2026-09-14T12:19:12.813Z
Fangren Marauder,MBS,Mirrodin Besieged,79,normal,common,1,20062,f5cf62a2-d03a-495d-924a-bf79524175fa,1.08,false,false,false,near_mint,en,false,EUR,2026-09-14T12:19:12.813Z
Farideh's Fireball,AFR,Adventures in the Forgotten Realms,142,normal,common,1,60243,57a46987-f05a-4b83-af56-f18000874e65,0.07,false,false,false,near_mint,en,false,EUR,2026-09-14T12:19:12.813Z
Farseek,EOC,Edge of Eternities Commander,50,normal,common,1,107097,95e0760a-d285-493b-88cd-7556d9b10007,0.85,false,false,false,near_mint,en,false,EUR,2026-09-14T12:19:12.813Z
Fatal Blow,6ED,Classic Sixth Edition,128,normal,common,1,35249,6890c3aa-9321-4c41-9b16-cff4e6364350,0.14,false,false,false,near_mint,en,false,EUR,2026-09-14T12:19:12.813Z
Fate Transfer,SHM,Shadowmoor,161,normal,common,1,24705,3e052cde-985a-401f-828a-2d98511bbcd5,0.26,false,false,false,near_mint,en,false,EUR,2026-09-14T12:19:12.813Z
Fathom Fleet Firebrand,XLN,Ixalan,142,normal,common,1,3870,52280963-ba5b-4735-b5cb-67866f8624c9,0.05,false,false,false,near_mint,en,false,EUR,2026-09-14T12:19:12.813Z
Fathom Seer,TSR,Time Spiral Remastered,68,normal,common,1,57691,6c0f831e-2eb0-499f-9502-418c04ac34a0,0.06,false,false,false,near_mint,en,false,EUR,2026-09-14T12:19:12.813Z
Fatigue,UDS,Urza's Destiny,32,normal,common,1,34813,660fb109-dd65-4410-99b9-a2a14f8ea202,0.07,false,false,false,near_mint,en,false,EUR,2026-09-14T12:19:12.813Z
Faultgrinder,CMD,Commander 2011,122,normal,common,1,19492,b66ca1a0-d638-48df-8474-143228c23382,0.19,false,false,false,near_mint,en,false,EUR,2026-09-14T12:19:12.813Z
Favor of the Overbeing,EVE,Eventide,151,normal,common,1,24400,9bf061f8-3aec-429a-bde7-7c110f872416,0.25,false,false,false,near_mint,en,false,EUR,2026-09-14T12:19:12.813Z
Fear of Lost Teeth,DSK,Duskmourn: House of Horror,97,normal,common,1,98613,259045fe-f349-4be1-bf29-465d084ed35e,0.09,false,false,false,near_mint,en,false,EUR,2026-09-14T12:19:12.813Z
Fear of Surveillance,DSK,Duskmourn: House of Horror,11,normal,common,1,98839,6e98559d-d9fd-4bdf-8df9-389eee756a3a,0.05,false,false,false,near_mint,en,false,EUR,2026-09-14T12:19:12.813Z
Feat of Resistance,M21,Core Set 2021,19,normal,common,1,50852,73148b3b-73d3-4f57-8b67-1e91fbe112b9,0.08,false,false,false,near_mint,en,false,EUR,2026-09-14T12:19:12.813Z
Feed the Cauldron,WOE,Wilds of Eldraine,91,normal,common,1,85250,0cfd18a5-e06a-4cb5-b78e-de18ec641321,0.08,false,false,false,near_mint,en,false,EUR,2026-09-14T12:19:12.813Z
Feed the Clan,KTK,Khans of Tarkir,132,normal,common,1,13266,52f7c53d-0b53-400f-aa67-967547f3e394,0.12,false,false,false,near_mint,en,false,EUR,2026-09-14T12:19:12.813Z
Feed the Swarm,TDC,Tarkir: Dragonstorm Commander,180,normal,common,1,104872,a776f96b-01bf-430a-b1ad-9f4651070610,0.27,false,false,false,near_mint,en,false,EUR,2026-09-14T12:19:12.813Z
Feeling of Dread,ISD,Innistrad,14,normal,common,1,18884,846a2f9e-ad4f-4666-b152-fdeab7559d86,0.19,false,false,false,near_mint,en,false,EUR,2026-09-14T12:19:12.813Z
Feign Death,AFR,Adventures in the Forgotten Realms,103,normal,common,1,60199,32af7061-fca6-4a06-be3c-01881e6b96f7,1.25,false,false,false,near_mint,en,false,EUR,2026-09-14T12:19:12.813Z
Feldon's Cane,FDN,Foundations,673,normal,uncommon,1,100091,026f55c3-8e65-4520-b26d-6208344f73b2,0.24,false,false,false,near_mint,en,false,EUR,2026-09-14T12:19:12.813Z
Felonious Rage,MKM,Murders at Karlov Manor,125,normal,common,1,90830,4538d6a8-a24a-40e3-b894-45a30882c92a,0.08,false,false,false,near_mint,en,false,EUR,2026-09-14T12:19:12.813Z
Feral Deathgorger // Dusk Sight,TDM,Tarkir: Dragonstorm,80,normal,common,1,104845,a147b94f-dfcf-44ce-8a73-b2fe6c4efc0e,0.05,false,false,false,near_mint,en,false,EUR,2026-09-14T12:19:12.813Z
Ferocious Werefox // Guard Change,WOE,Wilds of Eldraine,170,normal,common,1,85646,ac1907e8-0713-47dd-ac42-bf1323c5bec0,0.07,false,false,false,near_mint,en,false,EUR,2026-09-14T12:19:12.813Z
Fertile Ground,ECC,Lorwyn Eclipsed Commander,106,normal,common,1,110550,83778d03-6196-4994-8f78-4db6cec823fb,0.19,false,false,false,near_mint,en,false,EUR,2026-09-14T12:19:12.813Z
Fervent Strike,DOM,Dominaria,117,normal,common,1,2159,e4f76e51-a726-4a5f-ae2b-2e826e89f5f7,0.06,false,false,false,near_mint,en,false,EUR,2026-09-14T12:19:12.813Z
Festering Gulch,OTJ,Outlaws of Thunder Junction,257,normal,common,1,93148,4ad841eb-da0d-43d4-8b60-efe30922990b,0.17,false,false,false,near_mint,en,false,EUR,2026-09-14T12:19:12.813Z
Festering Mummy,AKH,Amonkhet,91,normal,common,1,5594,906c4c95-5815-44c8-8d3c-b0fda9db55a1,0.11,false,false,false,near_mint,en,false,EUR,2026-09-14T12:19:12.813Z
Festival,DRK,The Dark,8,normal,common,1,40495,e9357990-701a-4336-b545-ac5a24d89cad,0.41,false,false,false,near_mint,en,false,EUR,2026-09-14T12:19:12.813Z
Festival Crasher,INR,Innistrad Remastered,153,normal,common,1,102800,d8d050c1-ae0c-46c1-8aa7-7cde4606105b,0.13,false,false,false,near_mint,en,false,EUR,2026-09-14T12:19:12.813Z
Festival of Trokin,P02,Portal Second Age,16,normal,common,1,36486,f5bd783b-d4cd-4a53-8fec-a5ead7c14738,0.66,false,false,false,near_mint,en,false,EUR,2026-09-14T12:19:12.813Z
Fetid Gargantua,MH3,Modern Horizons 3,94,normal,common,1,94836,0cd368a9-5efe-4755-89be-a05cfa2b71c0,0.04,false,false,false,near_mint,en,false,EUR,2026-09-14T12:19:12.813Z
Fetid Imp,M21,Core Set 2021,98,normal,common,1,50813,56a95546-c45a-4da5-b1e8-d5658b5b7d53,0.05,false,false,false,near_mint,en,false,EUR,2026-09-14T12:19:12.813Z
Field Surgeon,UDS,Urza's Destiny,8,normal,common,1,34837,bb830403-0832-47f7-b4b4-4f241f1b9112,0.17,false,false,false,near_mint,en,false,EUR,2026-09-14T12:19:12.813Z
Fieldmist Borderpost,ARC,Archenemy,85,normal,common,1,21459,bd652205-192c-4cad-a7c9-2433d5a4febb,0.39,false,false,false,near_mint,en,false,EUR,2026-09-14T12:19:12.813Z
Fields of Strife,SOS,Secrets of Strixhaven,255,normal,common,1,111906,3dc7a4c3-c356-4fba-bea0-e8788da3eb57,0.05,false,false,false,near_mint,en,false,EUR,2026-09-14T12:19:12.813Z
Fierce Empath,FDN,Foundations,636,normal,common,1,100290,28a1dd7f-2e42-4062-a941-b489b98a49fc,0.13,false,false,false,near_mint,en,false,EUR,2026-09-14T12:19:12.813Z
Fierce Retribution,VOW,Innistrad: Crimson Vow,13,normal,common,1,64324,9597b163-5c6b-4f64-b1f1-5f1fa2e23e5d,0.03,false,false,false,near_mint,en,false,EUR,2026-09-14T12:19:12.813Z
Fiery Cannonade,CMR,Commander Legends,178,normal,common,1,56043,396f1cdf-712b-4518-a0e8-0039303dccdc,0.23,false,false,false,near_mint,en,false,EUR,2026-09-14T12:19:12.813Z
Fiery Temper,INR,Innistrad Remastered,154,normal,uncommon,1,102450,1d3a3a1d-c393-4a57-8a0e-5907d1722331,0.31,false,false,false,near_mint,en,false,EUR,2026-09-14T12:19:12.813Z
Fight On!,FIN,Final Fantasy,100,normal,common,1,106673,e1b0739a-dcc4-4034-96d7-69e551b2f36b,0.08,false,false,false,near_mint,en,false,EUR,2026-09-14T12:19:12.813Z
Filigree Familiar,CMR,Commander Legends,308,normal,common,1,55767,875df3ef-fab4-455f-bfdb-8f6361b27bf6,0.08,false,false,false,near_mint,en,false,EUR,2026-09-14T12:19:12.813Z
Final Flourish,MOM,March of the Machine,104,normal,common,1,81300,09a4dcdb-6939-4d9f-8921-549e0ddc9f63,0.06,false,false,false,near_mint,en,false,EUR,2026-09-14T12:19:12.813Z
Final Payment,RNA,Ravnica Allegiance,171,normal,common,1,43694,49a21a8f-9c7b-4ae8-8635-f2ee2151c8de,0.08,false,false,false,near_mint,en,false,EUR,2026-09-14T12:19:12.813Z
Final Vengeance,DSK,Duskmourn: House of Horror,99,normal,common,1,98835,648da934-71f6-4945-a08f-09698414417b,0.11,false,false,false,near_mint,en,false,EUR,2026-09-14T12:19:12.813Z
Firdoch Core,ECL,Lorwyn Eclipsed,255,normal,common,1,110788,8e45cd37-bf97-4742-978d-96f96ed653cd,0.17,false,false,false,near_mint,en,false,EUR,2026-09-14T12:19:12.813Z
Fire // Ice,DMR,Dominaria Remastered,215,normal,uncommon,1,77795,18303862-4726-4136-814f-157aa7006579,0.19,false,false,false,near_mint,en,false,EUR,2026-09-14T12:19:12.813Z
Fire Nation Cadets,TLA,Avatar: The Last Airbender,134,normal,common,1,109388,1a3a862c-9c9a-41cd-94d1-2d0cff22a6cd,0.04,false,false,false,near_mint,en,false,EUR,2026-09-14T12:19:12.813Z
Fire of Orthanc,HOC,The Hobbit Eternal,193,normal,common,1,115234,be2cf51a-11c6-4d52-85f9-9518133ba201,0.17,false,false,false,near_mint,en,false,EUR,2026-09-14T12:19:12.813Z
Fire Prophecy,IKO,Ikoria: Lair of Behemoths,116,normal,common,1,49961,4c2029e5-cf7d-461f-b7b9-bf96399d8f49,0.1,false,false,false,near_mint,en,false,EUR,2026-09-14T12:19:12.813Z
Fire Urchin,CLU,Ravnica: Clue Edition,133,normal,common,1,90619,02530654-03f7-4a42-91f6-f7e0cda71286,0.1,false,false,false,near_mint,en,false,EUR,2026-09-14T12:19:12.813Z
Fire Whip,TSB,Time Spiral Timeshifted,63,normal,special,1,26958,53948505-1057-4d68-aa6f-291dfa63d475,0.2,false,false,false,near_mint,en,false,EUR,2026-09-14T12:19:12.813Z
Fireball,CLB,Commander Legends: Battle for Baldur's Gate,175,normal,uncommon,1,67529,df45a43e-a5b7-4fd4-873b-7b3c021be198,0.15,false,false,false,near_mint,en,false,EUR,2026-09-14T12:19:12.813Z
Firebending Lesson,TLA,Avatar: The Last Airbender,138,normal,common,1,109926,fa940e68-010e-4b68-be8a-555d7068f7b4,0.11,false,false,false,near_mint,en,false,EUR,2026-09-14T12:19:12.813Z
Fireblast,DMR,Dominaria Remastered,119,normal,uncommon,1,78056,a0ab67cc-b553-4451-9cda-0e5fe3303940,1.5,false,false,false,near_mint,en,false,EUR,2026-09-14T12:19:12.813Z
Firebolt,MH1,Modern Horizons,122,normal,uncommon,1,44812,882b8f98-ee51-4c94-a3eb-c79eb2b50d78,0.12,false,false,false,near_mint,en,false,EUR,2026-09-14T12:19:12.813Z
Firebrand Archer,FDN,Foundations,196,normal,common,1,101630,fe0312f1-4c98-4b7f-8a34-0059ea80edef,0.12,false,false,false,near_mint,en,false,EUR,2026-09-14T12:19:12.813Z
Firecannon Blast,XLN,Ixalan,145,normal,common,1,3867,b1f083c3-d7b0-4d3d-8551-af52c7883d83,0.07,false,false,false,near_mint,en,false,EUR,2026-09-14T12:19:12.813Z
Fireforger's Puzzleknot,KLD,Kaladesh,213,normal,common,1,7430,7a1c11ca-c81b-451e-a767-68865827e06d,0.11,false,false,false,near_mint,en,false,EUR,2026-09-14T12:19:12.813Z
Firewild Borderpost,ARB,Alara Reborn,54,normal,common,1,23454,eb37a8bd-6b6c-47f3-b7a0-5a20fa2d507c,0.28,false,false,false,near_mint,en,false,EUR,2026-09-14T12:19:12.813Z
First Day of Class,STX,Strixhaven: School of Mages,102,normal,common,1,57989,091eb13d-9318-4b12-9f94-6276b11981d1,0.3,false,false,false,near_mint,en,false,EUR,2026-09-14T12:19:12.813Z
First-Sphere Gargantua,MOC,March of the Machine Commander,248,normal,common,1,81597,323c8de1-f09b-45c5-8942-81cb3a09c803,0.12,false,false,false,near_mint,en,false,EUR,2026-09-14T12:19:12.813Z
Fists of Flame,CMM,Commander Masters,223,normal,common,1,84449,6b34af88-bc4e-4ca8-8662-7dc4050c62c5,0.17,false,false,false,near_mint,en,false,EUR,2026-09-14T12:19:12.813Z
Flame Burst,ODY,Odyssey,194,normal,common,1,31983,64bbd438-7df2-4d7b-88ad-4531ebaf3931,0.15,false,false,false,near_mint,en,false,EUR,2026-09-14T12:19:12.813Z
Flame Jab,EMA,Eternal Masters,131,normal,uncommon,1,8544,e227f18f-7260-4066-bae2-01db4fd1abdd,0.16,false,false,false,near_mint,en,false,EUR,2026-09-14T12:19:12.813Z
Flame Lash,BLB,Bloomburrow,391,normal,common,1,96115,c6440439-7178-4a97-9e18-7fdef4b02678,0.08,false,false,false,near_mint,en,false,EUR,2026-09-14T12:19:12.813Z
Flame Rift,MH2,Modern Horizons 2,278,normal,uncommon,1,59854,e63ed449-d249-4639-85d2-f8fe75496d5c,0.19,false,false,false,near_mint,en,false,EUR,2026-09-14T12:19:12.813Z
Flame Slash,CN2,Conspiracy: Take the Crown,157,normal,common,1,7940,15affc1b-2ebb-4934-87a2-10e89eafe894,0.33,false,false,false,near_mint,en,false,EUR,2026-09-14T12:19:12.813Z
Flamewave Invoker,BBD,Battlebond,178,normal,uncommon,1,1815,d14eb0c1-7709-44da-ba7a-1aa033efb4f8,0.17,false,false,false,near_mint,en,false,EUR,2026-09-14T12:19:12.813Z
Flaring Cinder,ECL,Lorwyn Eclipsed,225,normal,common,1,110675,0691a1a9-18e7-44b7-9a34-764b1ab45a76,0.05,false,false,false,near_mint,en,false,EUR,2026-09-14T12:19:12.813Z
Flaring Pain,JUD,Judgment,89,normal,common,1,31509,eeb5c96a-1d16-459d-9968-ced9a8f1c520,2.45,false,false,false,near_mint,en,false,EUR,2026-09-14T12:19:12.813Z
Flash Flood,CHR,Chronicles,21,normal,common,1,39405,721aa268-be3b-4d67-a715-c5b86c3b414e,0.15,false,false,false,near_mint,en,false,EUR,2026-09-14T12:19:12.813Z
Flash of Defiance,TOR,Torment,99,normal,common,1,31642,3e550776-b806-4f66-8aab-e6a5dac6d5cc,0.15,false,false,false,near_mint,en,false,EUR,2026-09-14T12:19:12.813Z
Flatten,DTK,Dragons of Tarkir,100,normal,common,1,11714,a2acae67-5238-40bb-a173-6fc858264a6c,0.04,false,false,false,near_mint,en,false,EUR,2026-09-14T12:19:12.813Z
Flayer Husk,2XM,Double Masters,256,normal,common,1,52101,20b394f9-644d-426e-801b-110774092018,0.17,false,false,false,near_mint,en,false,EUR,2026-09-14T12:19:12.813Z
Fleeting Distraction,FDN,Foundations,155,normal,common,1,101587,c0b86a7b-4912-43a7-ab89-c3432385baa1,0.1,false,false,false,near_mint,en,false,EUR,2026-09-14T12:19:12.813Z
Fleeting Flight,FDN,Foundations,13,normal,common,1,101513,55139100-9342-41fd-b10a-8e9932e605d4,0.09,false,false,false,near_mint,en,false,EUR,2026-09-14T12:19:12.813Z
Flesh Burrower,DSK,Duskmourn: House of Horror,178,normal,common,1,98831,60499c90-a512-4abb-98eb-0735a7138421,0.08,false,false,false,near_mint,en,false,EUR,2026-09-14T12:19:12.813Z
Flexible Waterbender,TLA,Avatar: The Last Airbender,50,normal,common,1,108163,1447ebce-7e48-4b21-a39c-740920538bdd,0.03,false,false,false,near_mint,en,false,EUR,2026-09-14T12:19:12.813Z
Flicker of Fate,THB,Theros Beyond Death,16,normal,common,1,47046,59e19bac-176c-4e37-bfc8-27c00de7c37f,0.18,false,false,false,near_mint,en,false,EUR,2026-09-14T12:19:12.813Z
Fling,ELD,Throne of Eldraine,126,normal,common,1,46212,cb28fe03-8269-41de-b766-42c3421aeaef,0.11,false,false,false,near_mint,en,false,EUR,2026-09-14T12:19:12.813Z
Floating-Dream Zubera,CHK,Champions of Kamigawa,61,normal,common,1,29165,63ea55a8-6c21-4cc1-a2c4-86cd60cddced,0.23,false,false,false,near_mint,en,false,EUR,2026-09-14T12:19:12.813Z
Flood,BRB,Battle Royale Box Set,28,normal,common,1,34032,e4eac8f2-98a6-4ab1-9e06-76b4736730af,0.46,false,false,false,near_mint,en,false,EUR,2026-09-14T12:19:12.813Z
Flood of Recollection,CMR,Commander Legends,61,normal,common,1,55873,c14a5b69-ce04-40fc-9933-20b16537de24,0.12,false,false,false,near_mint,en,false,EUR,2026-09-14T12:19:12.813Z
Floodtide Serpent,BNG,Born of the Gods,41,normal,common,1,14919,7a2a4b24-096a-4d36-a872-73fa4552bb35,0.04,false,false,false,near_mint,en,false,EUR,2026-09-14T12:19:12.813Z
Flurry of Horns,JOU,Journey into Nyx,96,normal,common,1,14553,333ff270-4bc7-48ee-9738-f8c70b8a7e40,0.1,false,false,false,near_mint,en,false,EUR,2026-09-14T12:19:12.813Z
Flux,WTH,Weatherlight,39,normal,common,1,37258,368b28e4-a367-4a38-866d-c3768bd9b7ad,0.26,false,false,false,near_mint,en,false,EUR,2026-09-14T12:19:12.813Z
Focus Fire,EOE,Edge of Eternities,18,normal,common,1,107515,a9ddfcbc-0f84-4315-aaa3-ca54ff64d7de,0.07,false,false,false,near_mint,en,false,EUR,2026-09-14T12:19:12.813Z
Focus the Mind,TDM,Tarkir: Dragonstorm,45,normal,common,1,105153,abb0ba34-6904-4c17-a04d-ea4f12c7cf21,0.09,false,false,false,near_mint,en,false,EUR,2026-09-14T12:19:12.813Z
Fodder Tosser,MH2,Modern Horizons 2,226,normal,common,1,59902,fd401525-b874-4af2-99a3-c2c83e22547e,0.06,false,false,false,near_mint,en,false,EUR,2026-09-14T12:19:12.813Z
Fog,EMA,Eternal Masters,167,normal,common,1,8508,bbc3152e-7b3b-4ac6-8b33-abfebde216aa,0.27,false,false,false,near_mint,en,false,EUR,2026-09-14T12:19:12.813Z
Fog of Gnats,ULG,Urza's Legacy,53,normal,common,1,35467,3f1e9c54-134b-41da-8c3d-ec699d96778a,0.14,false,false,false,near_mint,en,false,EUR,2026-09-14T12:19:12.813Z
Foil,UMA,Ultimate Masters,55,normal,common,1,43444,e8b39fd6-9240-4f76-b12c-e7d9aa88f061,2.35,false,false,false,near_mint,en,false,EUR,2026-09-14T12:19:12.813Z
Follow the Lumarets,SOS,Secrets of Strixhaven,148,normal,common,1,112719,f9488480-2b6c-40bc-a93e-29fb1292a2e4,0.09,false,false,false,near_mint,en,false,EUR,2026-09-14T12:19:12.813Z
Font of Return,JOU,Journey into Nyx,71,normal,common,1,14578,c13eacff-0fd1-4e2e-8213-5bf5fff973c8,0.06,false,false,false,near_mint,en,false,EUR,2026-09-14T12:19:12.813Z
Foot Headquarters,TMT,Teenage Mutant Ninja Turtles,185,normal,common,1,111569,45e68113-3f05-4547-947d-4cb9ebfa73c7,0.12,false,false,false,near_mint,en,false,EUR,2026-09-14T12:19:12.813Z
Foot Mystic,TMT,Teenage Mutant Ninja Turtles,63,normal,common,1,111577,61e40a18-6cc8-436d-826b-1cf8cd037df3,0.03,false,false,false,near_mint,en,false,EUR,2026-09-14T12:19:12.813Z
Foot Ninjas,TMT,Teenage Mutant Ninja Turtles,147,normal,common,1,111506,abb1ab9c-b067-4b75-8e5b-a893b7948df1,0.08,false,false,false,near_mint,en,false,EUR,2026-09-14T12:19:12.813Z
Footbottom Feast,CMD,Commander 2011,84,normal,common,1,19530,1584404b-c086-4734-89e5-8a10c3f29504,0.17,false,false,false,near_mint,en,false,EUR,2026-09-14T12:19:12.813Z
Footlight Fiend,CLU,Ravnica: Clue Edition,191,normal,common,1,90966,73083658-5e25-4d06-acba-ce8f771b5e52,0.17,false,false,false,near_mint,en,false,EUR,2026-09-14T12:19:12.813Z
Forbidden Alchemy,TDC,Tarkir: Dragonstorm Commander,152,normal,common,1,104432,04def7e3-10e4-4733-8c19-8fa6e4469086,0.09,false,false,false,near_mint,en,false,EUR,2026-09-14T12:19:12.813Z
Forbidden Friendship,IKO,Ikoria: Lair of Behemoths,119,normal,common,1,49958,e634baa3-2cdd-412a-9407-c347fe46f9b8,0.11,false,false,false,near_mint,en,false,EUR,2026-09-14T12:19:12.813Z
Force Away,KTK,Khans of Tarkir,40,normal,common,1,13358,dda70b3e-4b70-404e-a579-41dd126be084,0.08,false,false,false,near_mint,en,false,EUR,2026-09-14T12:19:12.813Z
Force Spike,DDJ,Duel Decks: Izzet vs. Golgari,14,normal,common,1,17522,97a6c6c9-dd26-4ce7-850f-0b3fc49245bd,3.32,false,false,false,near_mint,en,false,EUR,2026-09-14T12:19:12.813Z
Foreboding Fruit,ELD,Throne of Eldraine,88,normal,common,1,46250,c5f79ec4-3722-4fda-824b-e80dc7608d01,0.1,false,false,false,near_mint,en,false,EUR,2026-09-14T12:19:12.813Z
Foreboding Landscape,TDC,Tarkir: Dragonstorm Commander,365,normal,common,1,104970,cf53f97c-dd4c-44bd-93ba-faa6d64c985a,0.18,false,false,false,near_mint,en,false,EUR,2026-09-14T12:19:12.813Z
Forecasting Fortune Teller,TLA,Avatar: The Last Airbender,51,normal,common,1,109366,023e7ad4-6af0-4f29-a716-27a313974227,0.06,false,false,false,near_mint,en,false,EUR,2026-09-14T12:19:12.813Z
Foresight,ALL,Alliances,29b,normal,common,1,38813,a4fe74e0-bcde-4176-8da5-38e78daad5e5,0.16,false,false,false,near_mint,en,false,EUR,2026-09-14T12:19:12.813Z
Forest,SOS,Secrets of Strixhaven,280,normal,common,1,112177,f169dfb2-e4c8-46e9-8591-e51bb82da082,0.12,false,false,false,near_mint,en,false,EUR,2026-09-14T12:19:12.813Z
Forever Young,ELD,Throne of Eldraine,89,normal,common,1,46249,7873c1f9-572c-4740-82f8-cf3cbc7318d0,0.12,false,false,false,near_mint,en,false,EUR,2026-09-14T12:19:12.813Z
Forgotten Cave,BLC,Bloomburrow Commander,305,normal,common,1,96511,e8ae2de4-0460-40b4-aa41-70f95919923e,0.15,false,false,false,near_mint,en,false,EUR,2026-09-14T12:19:12.813Z
Forked Bolt,DDP,Duel Decks: Zendikar vs. Eldrazi,60,normal,common,1,10505,364ed745-0dff-477a-a2c5-987639936337,0.43,false,false,false,near_mint,en,false,EUR,2026-09-14T12:19:12.813Z
Forlorn Flats,OTJ,Outlaws of Thunder Junction,258,normal,common,1,93273,963c100e-4e12-438f-b5ae-14391406dff6,0.16,false,false,false,near_mint,en,false,EUR,2026-09-14T12:19:12.813Z
Forsake the Worldly,AKH,Amonkhet,13,normal,common,1,5672,cca4e95e-f14e-4cfa-918a-cfb15f912293,0.16,false,false,false,near_mint,en,false,EUR,2026-09-14T12:19:12.813Z
Forsaken Sanctuary,C18,Commander 2018,247,normal,uncommon,1,596,f3e0b983-62e7-43fb-b5d5-402ea60a64d7,0.2,false,false,false,near_mint,en,false,EUR,2026-09-14T12:19:12.813Z
Fortifying Provisions,ELD,Throne of Eldraine,13,normal,common,1,46325,98ce113c-53da-4fab-b7c9-fc3df248b65e,0.08,false,false,false,near_mint,en,false,EUR,2026-09-14T12:19:12.813Z
Fortress Kin-Guard,TDM,Tarkir: Dragonstorm,12,normal,common,1,104900,b647a018-1d70-43a1-a265-928bcd863689,0.05,false,false,false,near_mint,en,false,EUR,2026-09-14T12:19:12.813Z
Forum of Amity,SOS,Secrets of Strixhaven,256,normal,common,1,111863,1de6c6cc-0c55-4997-8623-d7f796bd9ab8,0.05,false,false,false,near_mint,en,false,EUR,2026-09-14T12:19:12.813Z
Foul-Tongue Invocation,IMA,Iconic Masters,91,normal,common,1,3534,0b77ed75-05d4-4eb3-8c19-dada6b8bb116,0.07,false,false,false,near_mint,en,false,EUR,2026-09-14T12:19:12.813Z
Foul-Tongue Shriek,DTK,Dragons of Tarkir,103,normal,common,1,11711,81d98ee0-6b32-4735-89f1-b37da766761f,0.21,false,false,false,near_mint,en,false,EUR,2026-09-14T12:19:12.813Z
Foundry Helix,MH2,Modern Horizons 2,196,normal,common,1,59701,9c54b7c6-f94c-4349-8725-319c54240409,0.14,false,false,false,near_mint,en,false,EUR,2026-09-14T12:19:12.813Z
Foundry Inspector,CMM,Commander Masters,385,normal,common,1,84093,16debeb1-fb2b-4172-b6da-726416d4fb38,0.19,false,false,false,near_mint,en,false,EUR,2026-09-14T12:19:12.813Z
Foundry Street Denizen,DDT,Duel Decks: Merfolk vs. Goblins,38,normal,common,1,3673,a328c8d8-a404-43b5-8c79-2e79d639fb40,0.15,false,false,false,near_mint,en,false,EUR,2026-09-14T12:19:12.813Z
Fountain of Youth,10E,Tenth Edition,323,normal,uncommon,1,25714,8515a993-0f9d-4ac8-8452-889f23d9d9a9,0.21,false,false,false,near_mint,en,false,EUR,2026-09-14T12:19:12.813Z
Fountainport Bell,BLB,Bloomburrow,245,normal,common,1,96094,a5c94bc0-a49d-451b-8e8d-64d46b8b8603,0.08,false,false,false,near_mint,en,false,EUR,2026-09-14T12:19:12.813Z
Fourth Bridge Prowler,AER,Aether Revolt,60,normal,common,1,6354,73aaaa09-c985-42f8-b426-06fd3b8de66d,0.12,false,false,false,near_mint,en,false,EUR,2026-09-14T12:19:12.813Z
Fractal Summoning,STX,Strixhaven: School of Mages,187,normal,common,1,58322,cc3f1f7e-eb19-49c1-a1ee-93b85ac8815c,0.03,false,false,false,near_mint,en,false,EUR,2026-09-14T12:19:12.813Z
Fractured Powerstone,MOC,March of the Machine Commander,357,normal,common,1,81879,aeaa7115-bebe-4650-9575-f7855c0055cd,0.24,false,false,false,near_mint,en,false,EUR,2026-09-14T12:19:12.813Z
Fragmentize,KLD,Kaladesh,14,normal,common,1,7629,5bf09deb-2607-4eb0-94a7-9584e771fdfb,0.12,false,false,false,near_mint,en,false,EUR,2026-09-14T12:19:12.813Z
Frantic Inventory,M21,Core Set 2021,50,normal,common,1,50895,8f14abb0-0e9f-448e-85d7-6cb71f756c56,0.15,false,false,false,near_mint,en,false,EUR,2026-09-14T12:19:12.813Z
Frantic Salvage,MBS,Mirrodin Besieged,6,normal,common,1,20135,aff909bc-0bda-4e8a-b7a3-ebc963552246,0.18,false,false,false,near_mint,en,false,EUR,2026-09-14T12:19:12.813Z
Frantic Strength,DSK,Duskmourn: House of Horror,179,normal,common,1,99000,bbd9d35d-7fd0-4193-9f7e-b8a59fae4ac5,0.04,false,false,false,near_mint,en,false,EUR,2026-09-14T12:19:12.813Z
Freed from the Real,A25,Masters 25,58,normal,uncommon,1,2658,c47ee6f6-50c1-4f56-b9ce-4c309bfb92ca,4.85,false,false,false,near_mint,en,false,EUR,2026-09-14T12:19:12.813Z
Freedom Fighter Recruit,TLE,Avatar: The Last Airbender Eternal,118,normal,common,1,109759,a2d75e36-0824-48db-86ff-ca163be27e2b,0.14,false,false,false,near_mint,en,false,EUR,2026-09-14T12:19:12.813Z
Freewind Falcon,ATH,Anthologies,6,normal,common,1,35612,e61be25a-af46-4189-84e1-6a6c73b3614f,0.51,false,false,false,near_mint,en,false,EUR,2026-09-14T12:19:12.813Z
Frenzied Goblin,FDN,Foundations,199,normal,uncommon,1,101602,d5592573-2889-40b1-b1d5-c2802482549a,0.1,false,false,false,near_mint,en,false,EUR,2026-09-14T12:19:12.813Z
Frenzied Tilling,GTC,Gatecrash,166,normal,uncommon,1,16658,03bce9a7-6215-43ff-b4d0-55f96f683aba,0.12,false,false,false,near_mint,en,false,EUR,2026-09-14T12:19:12.813Z
Frenzy Sliver,FUT,Future Sight,85,normal,common,1,26252,d796119a-f1eb-4de9-a9ca-d322017e9c5e,0.11,false,false,false,near_mint,en,false,EUR,2026-09-14T12:19:12.813Z
Fresh-Faced Recruit,CLU,Ravnica: Clue Edition,192,normal,common,1,90733,276d127a-2685-4de2-b4df-dd37f7682cd7,0.09,false,false,false,near_mint,en,false,EUR,2026-09-14T12:19:12.813Z
Frilled Deathspitter,RIX,Rivals of Ixalan,104,normal,common,1,2914,e3825798-f673-4d8a-9997-ccb73681cbf2,0.13,false,false,false,near_mint,en,false,EUR,2026-09-14T12:19:12.813Z
Frog Tongue,TMP,Tempest,228,normal,common,1,36771,3941e799-a254-423e-90bb-091dbe56ca6a,0.29,false,false,false,near_mint,en,false,EUR,2026-09-14T12:19:12.813Z
Frogify,2XM,Double Masters,52,normal,common,1,52192,d89be5f5-75d4-42a0-81e9-5da5bf868e73,0.14,false,false,false,near_mint,en,false,EUR,2026-09-14T12:19:12.813Z
Frogmite,MM2,Modern Masters 2015,215,normal,common,1,11002,b2991802-e313-40de-b167-0ede5efff101,0.33,false,false,false,near_mint,en,false,EUR,2026-09-14T12:19:12.813Z
Frogtosser Banneret,ZNC,Zendikar Rising Commander,43,normal,common,1,55462,bec81e20-b644-421a-9c93-5a3dc52eb88b,0.23,false,false,false,near_mint,en,false,EUR,2026-09-14T12:19:12.813Z
Frost Bite,KHM,Kaldheim,138,normal,common,1,56986,9423318a-c5a8-48d2-92f5-280d15a050a6,0.06,false,false,false,near_mint,en,false,EUR,2026-09-14T12:19:12.813Z
Fruit of Tizerus,THB,Theros Beyond Death,96,normal,common,1,46966,66e577a0-e5d7-4e6a-919c-d85c2ae819ce,0.08,false,false,false,near_mint,en,false,EUR,2026-09-14T12:19:12.813Z
Fume Spitter,UMA,Ultimate Masters,95,normal,common,1,43409,bb1ef824-306c-4975-abca-19f0bd77449f,0.14,false,false,false,near_mint,en,false,EUR,2026-09-14T12:19:12.813Z
Fungal Colossus,EOE,Edge of Eternities,184,normal,common,1,107502,9dc9559f-cece-4c85-807c-158291666007,0.03,false,false,false,near_mint,en,false,EUR,2026-09-14T12:19:12.813Z
Fungal Fortitude,LCI,The Lost Caverns of Ixalan,106,normal,common,1,88738,9d2bd0ca-521c-45d9-85ed-2f36f583408e,0.12,false,false,false,near_mint,en,false,EUR,2026-09-14T12:19:12.813Z
Fungal Infection,DOM,Dominaria,94,normal,common,1,2182,a3f6baa5-666d-40b0-82e8-b0df10ff3cdd,0.15,false,false,false,near_mint,en,false,EUR,2026-09-14T12:19:12.813Z
Furnace Strider,ONE,Phyrexia: All Will Be One,133,normal,common,1,78764,aa625ab0-1e79-4497-a5da-98fe1abfd024,0.05,false,false,false,near_mint,en,false,EUR,2026-09-14T12:19:12.813Z
Furor of the Bitten,M21,Core Set 2021,145,normal,common,1,50996,cb0e6279-8a66-4124-9def-fa0c83c26db9,0.07,false,false,false,near_mint,en,false,EUR,2026-09-14T12:19:12.813Z
Fury Charm,IMA,Iconic Masters,130,normal,common,1,3495,d585cf04-b823-49c1-a33a-9cd8f3116eda,0.11,false,false,false,near_mint,en,false,EUR,2026-09-14T12:19:12.813Z
Fyndhorn Elves,CMR,Commander Legends,228,normal,common,1,55649,450744cf-7eba-491b-97b0-ca80c6368bbb,3.2,false,false,false,near_mint,en,false,EUR,2026-09-14T12:19:12.813Z
Gaea's Gift,BRO,The Brothers' War,182,normal,common,1,75459,5503186a-46fe-4956-8ae3-5ab3343f8a93,0.98,false,false,false,near_mint,en,false,EUR,2026-09-14T12:19:12.813Z
Galvanic Alchemist,AVR,Avacyn Restored,54,normal,common,1,18224,b0e24d65-0e6f-4978-8de1-c5e4acac12fb,0.2,false,false,false,near_mint,en,false,EUR,2026-09-14T12:19:12.813Z
Galvanic Blast,2XM,Double Masters,125,normal,uncommon,1,51813,0cf8cb1e-314a-4894-82df-f9812825f52e,3.3,false,false,false,near_mint,en,false,EUR,2026-09-14T12:19:12.813Z
Galvanic Bombardment,EMN,Eldritch Moon,129,normal,common,1,8206,dc6a4367-bbee-43b8-b5dd-28498f8e2ede,0.1,false,false,false,near_mint,en,false,EUR,2026-09-14T12:19:12.813Z
Galvanic Discharge,MH3,Modern Horizons 3,122,normal,common,1,94401,32aa6e33-221f-414c-9b51-850d97a7e051,0.17,false,false,false,near_mint,en,false,EUR,2026-09-14T12:19:12.813Z
Galvanize,MKM,Murders at Karlov Manor,128,normal,common,1,90923,64ed3bfa-3294-45dd-825e-3afc2580f0d4,0.06,false,false,false,near_mint,en,false,EUR,2026-09-14T12:19:12.813Z
Game-Trail Changeling,MOR,Morningtide,123,normal,common,1,24902,7bc76a7f-516f-4d0b-b024-39d5c8096a9f,0.14,false,false,false,near_mint,en,false,EUR,2026-09-14T12:19:12.813Z
"Gandalf, Wandering Wizard",HOB,The Hobbit,41,normal,common,1,115043,1f8403a2-849c-4a59-b0ed-c8803995028d,0.06,false,false,false,near_mint,en,false,EUR,2026-09-14T12:19:12.813Z
Garrison Cat,IKO,Ikoria: Lair of Behemoths,14,normal,common,1,50063,e7ff8345-227c-43b4-bed5-af3a34c0a990,0.09,false,false,false,near_mint,en,false,EUR,2026-09-14T12:19:12.813Z
Garruk's Companion,M12,Magic 2012,175,normal,common,1,19092,b8d8806c-43c5-4c6c-9420-6210a17ec2b0,0.18,false,false,false,near_mint,en,false,EUR,2026-09-14T12:19:12.813Z
Gatecreeper Vine,DDM,Duel Decks: Jace vs. Vraska,48,normal,common,1,14702,e1ebaed7-b3d5-4eb8-93f7-3a65fd7b89b6,0.42,false,false,false,near_mint,en,false,EUR,2026-09-14T12:19:12.813Z
Gateway Plaza,WAR,War of the Spark,246,normal,common,1,44158,81d69cf2-8643-4926-857e-febbd54d870f,0.08,false,false,false,near_mint,en,false,EUR,2026-09-14T12:19:12.813Z
Gathan Raiders,TSR,Time Spiral Remastered,165,normal,common,1,57663,58c232e5-54e2-44b7-85b1-ed039a8e5a73,0.06,false,false,false,near_mint,en,false,EUR,2026-09-14T12:19:12.813Z
Gather the Townsfolk,INR,Innistrad Remastered,23,normal,common,1,102639,81bd1cd0-fa8c-4e93-aebe-dfde70ac002b,0.11,false,false,false,near_mint,en,false,EUR,2026-09-14T12:19:12.813Z
Gearseeker Serpent,DFT,Aetherdrift,43,normal,common,1,103480,3dca0007-42d3-4ee2-8e88-361d80a7103c,0.11,false,false,false,near_mint,en,false,EUR,2026-09-14T12:19:12.813Z
Geistwave,MID,Innistrad: Midnight Hunt,56,normal,common,1,63502,f0e3d1ac-bec2-4bba-a6cf-a823996dde2d,0.1,false,false,false,near_mint,en,false,EUR,2026-09-14T12:19:12.813Z
Gemhide Sliver,CMM,Commander Masters,896,normal,common,1,84141,224af68a-41a6-4e4e-94d0-130be341b788,1.19,false,false,false,near_mint,en,false,EUR,2026-09-14T12:19:12.813Z
Gempalm Polluter,DRC,Aetherdrift Commander,93,normal,common,1,102943,2001d23e-feae-4a91-917e-e239b1c2b17c,0.24,false,false,false,near_mint,en,false,EUR,2026-09-14T12:19:12.813Z
Gene Pollinator,EOE,Edge of Eternities,186,normal,common,1,107772,ce7a8eec-a029-4ee1-b2d6-405d903d4640,0.14,false,false,false,near_mint,en,false,EUR,2026-09-14T12:19:12.813Z
Generous Ent,LTR,The Lord of the Rings: Tales of Middle-earth,169,normal,common,1,83258,85d22d5d-3875-42ff-b51e-c6e21db201f5,2.09,false,false,false,near_mint,en,false,EUR,2026-09-14T12:19:12.813Z
Generous Gift,BLC,Bloomburrow Commander,106,normal,uncommon,1,96518,ee0e17cb-a729-4be9-9fe3-e71ba45f0a6e,1.12,false,false,false,near_mint,en,false,EUR,2026-09-14T12:19:12.813Z
Geomancer's Gambit,MH1,Modern Horizons,125,normal,common,1,44809,23b67031-76b8-4511-a6dc-433d9450496e,0.13,false,false,false,near_mint,en,false,EUR,2026-09-14T12:19:12.813Z
Geothermal Bog,DSC,Duskmourn: House of Horror Commander,278,normal,common,1,99197,6da04570-5d3c-4e9f-a9c1-20589a4bcc24,0.2,false,false,false,near_mint,en,false,EUR,2026-09-14T12:19:12.813Z
Geothermal Crevice,INV,Invasion,323,normal,common,1,33010,e744b593-13fe-4967-b492-ac02f5815e57,0.47,false,false,false,near_mint,en,false,EUR,2026-09-14T12:19:12.813Z
Geth's Verdict,NPH,New Phyrexia,61,normal,common,1,19824,7a20b5a2-8613-49ed-b5cc-7cae9d0e0850,0.25,false,false,false,near_mint,en,false,EUR,2026-09-14T12:19:12.813Z
Ghastly Demise,CMR,Commander Legends,129,normal,common,1,55750,7fcfe11a-fcc9-41e1-91ef-755bb4e22389,0.09,false,false,false,near_mint,en,false,EUR,2026-09-14T12:19:12.813Z
Ghitu Amplifier,DMU,Dominaria United,127,normal,common,1,71699,b1845806-7585-40d5-9d3a-f13667e6a9d2,0.09,false,false,false,near_mint,en,false,EUR,2026-09-14T12:19:12.813Z
Ghitu Lavarunner,FDN,Foundations,623,normal,common,1,100794,8940d76d-c09f-4d72-a037-439c70ee8d9d,0.11,false,false,false,near_mint,en,false,EUR,2026-09-14T12:19:12.813Z
Ghitu Slinger,EMA,Eternal Masters,133,normal,uncommon,1,8542,923de31f-0941-4df1-8939-3eed75b7eb39,0.12,false,false,false,near_mint,en,false,EUR,2026-09-14T12:19:12.813Z
Ghostfire,DDT,Duel Decks: Merfolk vs. Goblins,40,normal,common,1,3671,29739dd4-5775-4491-8245-ca2dc38a686e,0.07,false,false,false,near_mint,en,false,EUR,2026-09-14T12:19:12.813Z
Ghostly Flicker,CMM,Commander Masters,98,normal,common,1,84953,dc143ba3-2a58-4980-9fa0-a05a9e9ed082,1.57,false,false,false,near_mint,en,false,EUR,2026-09-14T12:19:12.813Z
Ghoulcaller's Chant,ISD,Innistrad,101,normal,common,1,18797,2b8c1b10-2155-404a-8f20-eb8f643849d6,0.32,false,false,false,near_mint,en,false,EUR,2026-09-14T12:19:12.813Z
Ghoulraiser,DDQ,Duel Decks: Blessed vs. Cursed,58,normal,common,1,9125,b1155a94-1e6a-43d5-8438-5fa5aaec62d1,0.1,false,false,false,near_mint,en,false,EUR,2026-09-14T12:19:12.813Z
Giant Growth,FDN,Foundations,223,normal,common,1,101073,bd0bf74e-14c1-4428-88d8-2181a080b5d0,0.06,false,false,false,near_mint,en,false,EUR,2026-09-14T12:19:12.813Z
Giant's Boulder,HOB,The Hobbit,173,normal,common,1,115241,ce254758-c928-4b43-a952-13fac1845668,0.28,false,false,false,near_mint,en,false,EUR,2026-09-14T12:19:12.813Z
Giantbaiting,MM3,Modern Masters 2017,208,normal,common,1,6005,509d27ed-f9cf-4130-8807-38a4ae857323,0.09,false,false,false,near_mint,en,false,EUR,2026-09-14T12:19:12.813Z
Gideon's Sacrifice,MKC,Murders at Karlov Manor Commander,68,normal,common,1,90540,d483b409-1853-4456-a077-daeb77e165ba,0.14,false,false,false,near_mint,en,false,EUR,2026-09-14T12:19:12.813Z
Gift of Fangs,VOW,Innistrad: Crimson Vow,113,normal,common,1,64361,a864375f-99c3-4c68-9440-bc25ff6d0dc0,0.05,false,false,false,near_mint,en,false,EUR,2026-09-14T12:19:12.813Z
Gift of Granite,FUT,Future Sight,7,normal,common,1,26330,d7b5231b-aed9-4b88-aba5-43e57a705dc5,0.16,false,false,false,near_mint,en,false,EUR,2026-09-14T12:19:12.813Z
Gift of Orzhova,MM3,Modern Masters 2017,209,normal,common,1,6004,da824204-a7ed-46f1-b890-f21fcc39ce7e,0.15,false,false,false,near_mint,en,false,EUR,2026-09-14T12:19:12.813Z
Gift of the Viper,MH3,Modern Horizons 3,156,normal,common,1,94840,17fa0b62-d474-4dc7-9631-9d0a9d99e5e2,0.15,false,false,false,near_mint,en,false,EUR,2026-09-14T12:19:12.813Z
Gigadrowse,GPT,Guildpact,26,normal,common,1,27569,bf9f85b3-eb8c-43de-aaac-8a887e9c58da,0.37,false,false,false,near_mint,en,false,EUR,2026-09-14T12:19:12.813Z
Gigantosaurus,M19,Core Set 2019,185,normal,rare,1,1127,c1db84d8-d426-4c0d-b44e-5be7b0f5f5bf,1.47,false,false,false,near_mint,en,false,EUR,2026-09-14T12:19:12.813Z
Gilded Light,MH1,Modern Horizons,12,normal,common,1,44922,8ff59aa2-5e97-4e6c-b568-470ac2371bd7,0.1,false,false,false,near_mint,en,false,EUR,2026-09-14T12:19:12.813Z
Gilt-Leaf's Embrace,ECL,Lorwyn Eclipsed,177,normal,common,1,110769,739e5ab5-d562-407a-906e-c5c5173ad325,0.05,false,false,false,near_mint,en,false,EUR,2026-09-14T12:19:12.813Z
Gingerbread Cabin,C21,Commander 2021,290,normal,common,1,58774,3b583cc8-95e6-4772-afe3-d405b65836e0,0.24,false,false,false,near_mint,en,false,EUR,2026-09-14T12:19:12.813Z
Gingerbrute,WOE,Wilds of Eldraine,246,normal,common,1,85242,09a4578a-7dc6-4da3-93ee-913b10be5740,0.27,false,false,false,near_mint,en,false,EUR,2026-09-14T12:19:12.813Z
Gixian Infiltrator,BRO,The Brothers' War,98,normal,common,1,75776,c94a3317-7d1f-4f29-8353-180f1ab48d18,0.35,false,false,false,near_mint,en,false,EUR,2026-09-14T12:19:12.813Z
Glacial Floodplain,KHM,Kaldheim,257,normal,common,1,57004,9de5fadd-4559-479f-b45d-abe792f0f6e5,0.45,false,false,false,near_mint,en,false,EUR,2026-09-14T12:19:12.813Z
Glacial Ray,MMA,Modern Masters,115,normal,common,1,16194,5aa3b25c-a1e1-4eb0-9b65-3c4c6b2a8903,0.05,false,false,false,near_mint,en,false,EUR,2026-09-14T12:19:12.813Z
Gladecover Scout,M14,Magic 2014,176,normal,common,1,15875,e112d77d-f019-4709-b31a-b02952df0e35,0.35,false,false,false,near_mint,en,false,EUR,2026-09-14T12:19:12.813Z
Glaring Aegis,M20,Core Set 2020,18,normal,common,1,45443,daa83dc2-4ec0-4e4f-8bfd-4f6d6df06a2d,0.08,false,false,false,near_mint,en,false,EUR,2026-09-14T12:19:12.813Z
Glassdust Hulk,2XM,Double Masters,199,normal,uncommon,1,52102,215a8c38-c968-4337-88b3-b0b03b249a4b,0.15,false,false,false,near_mint,en,false,EUR,2026-09-14T12:19:12.813Z
Glaze Fiend,2XM,Double Masters,95,normal,common,1,52090,07f9a946-f961-4e19-a30a-6e1a95683340,0.14,false,false,false,near_mint,en,false,EUR,2026-09-14T12:19:12.813Z
Gleeful Sabotage,ARC,Archenemy,58,normal,common,1,21486,7802c7f8-ca2a-4bac-a579-77a8204aa5d4,0.72,false,false,false,near_mint,en,false,EUR,2026-09-14T12:19:12.813Z
Glimmer Bairn,MH2,Modern Horizons 2,163,normal,common,1,59384,03250752-bd85-485a-b19a-fa344c4ffd50,0.06,false,false,false,near_mint,en,false,EUR,2026-09-14T12:19:12.813Z
Glimmerburst,DSK,Duskmourn: House of Horror,62,normal,common,1,99425,fe1ab8db-3994-4b6d-9eaf-75243a78b715,0.08,false,false,false,near_mint,en,false,EUR,2026-09-14T12:19:12.813Z
Glimpse the Impossible,MH3,Modern Horizons 3,124,normal,common,1,94349,133ad0dd-5b61-4c38-9264-0b0e75b95d95,0.16,false,false,false,near_mint,en,false,EUR,2026-09-14T12:19:12.813Z
Glint,DTK,Dragons of Tarkir,55,normal,common,1,11759,35fa105f-c76b-4fd0-9b83-34b46648e0d6,0.06,false,false,false,near_mint,en,false,EUR,2026-09-14T12:19:12.813Z
Glint Hawk,SOM,Scars of Mirrodin,10,normal,common,1,21022,284c4710-4183-4743-9c8b-515cc98cbbb8,1.83,false,false,false,near_mint,en,false,EUR,2026-09-14T12:19:12.813Z
Glint Hawk Idol,MM2,Modern Masters 2015,216,normal,common,1,11001,09c64d2e-1fbf-4858-8fa7-82bf2e41fe1f,0.05,false,false,false,near_mint,en,false,EUR,2026-09-14T12:19:12.813Z
Glistener Elf,NPH,New Phyrexia,111,normal,common,1,19774,8b94f4c6-b518-43b3-be52-e889d1f3ea38,0.82,false,false,false,near_mint,en,false,EUR,2026-09-14T12:19:12.813Z
Glistener Seer,ONE,Phyrexia: All Will Be One,54,normal,common,1,78825,c22aaaec-bad5-43e9-8e92-9c4bde95fcfd,0.11,false,false,false,near_mint,en,false,EUR,2026-09-14T12:19:12.813Z
Gloomfang Mauler,MOM,March of the Machine,108,normal,common,1,81294,025a5338-133f-486d-9f73-0896226685c0,0.08,false,false,false,near_mint,en,false,EUR,2026-09-14T12:19:12.813Z
Glorious Decay,SOS,Secrets of Strixhaven,150,normal,common,1,112657,a335f396-1004-4fee-842a-a35ff6ba17f2,0.08,false,false,false,near_mint,en,false,EUR,2026-09-14T12:19:12.813Z
Glorious Gale,LTR,The Lord of the Rings: Tales of Middle-earth,51,normal,common,1,83178,6e1057de-5710-415c-9a51-1d8bd86021a3,0.11,false,false,false,near_mint,en,false,EUR,2026-09-14T12:19:12.813Z
Gluttonous Guest,INR,Innistrad Remastered,112,normal,common,1,102464,25e98125-6c36-4571-afc5-2d018750eb57,0.07,false,false,false,near_mint,en,false,EUR,2026-09-14T12:19:12.813Z
Glyph of Reincarnation,LEG,Legends,189,normal,common,1,40930,a67e8214-a192-4143-9d5e-d0e254e1bf6e,0.6,false,false,false,near_mint,en,false,EUR,2026-09-14T12:19:12.813Z
Gnaw to the Bone,ISD,Innistrad,183,normal,common,1,18715,416148c8-13d3-46d3-ac93-6eb7cbab2881,0.86,false,false,false,near_mint,en,false,EUR,2026-09-14T12:19:12.813Z
Gnawing Crescendo,WOE,Wilds of Eldraine,131,normal,common,1,85301,254fc64a-9734-44a6-8869-ab03512f1a99,0.09,false,false,false,near_mint,en,false,EUR,2026-09-14T12:19:12.813Z
Go for the Throat,MOC,March of the Machine Commander,250,normal,uncommon,1,81676,5446e1ba-c745-45b2-ad05-b22abf04daec,1.04,false,false,false,near_mint,en,false,EUR,2026-09-14T12:19:12.813Z
Go Forth,J25,Foundations Jumpstart,20,normal,common,1,101267,e4ed67f0-85cc-4b1d-b745-e13e5bea3397,0.29,false,false,false,near_mint,en,false,EUR,2026-09-14T12:19:12.813Z
Go Nuts!,MSH,Marvel Super Heroes,168,normal,common,1,113136,152a7b5b-2d95-45d3-8fd9-0ca1d5a79f8b,0.06,false,false,false,near_mint,en,false,EUR,2026-09-14T12:19:12.813Z
Goblin Anarchomancer,MH2,Modern Horizons 2,200,normal,common,1,59593,633a3423-501d-4b22-95a6-743233be521e,0.39,false,false,false,near_mint,en,false,EUR,2026-09-14T12:19:12.813Z
Goblin Arsonist,M21,Core Set 2021,147,normal,common,1,51082,fa4bf664-3b92-4598-b905-2bc090958c8b,0.07,false,false,false,near_mint,en,false,EUR,2026-09-14T12:19:12.813Z
Goblin Blast-Runner,BRO,The Brothers' War,137,normal,common,1,75741,bd77c575-93a4-44ec-8940-adcbfc6e7a84,0.15,false,false,false,near_mint,en,false,EUR,2026-09-14T12:19:12.813Z
Goblin Bushwhacker,ZEN,Zendikar,125,normal,common,1,22499,4085a5bf-a71b-4c73-9b39-0dcc328fe11b,2.3,false,false,false,near_mint,en,false,EUR,2026-09-14T12:19:12.813Z
Goblin Caves,DRK,The Dark,64,normal,common,1,40439,c6a415b0-00a2-4a65-8994-4a395c50ae2d,1.06,false,false,false,near_mint,en,false,EUR,2026-09-14T12:19:12.813Z
Goblin Chirurgeon,FEM,Fallen Empires,54c,normal,common,1,40272,c9740842-7955-4cf9-8f76-a426858360b1,1.87,false,false,false,near_mint,en,false,EUR,2026-09-14T12:19:12.813Z
Goblin Cohort,EVG,Duel Decks Anthology: Elves vs. Goblins,38,normal,common,1,12378,faa652d7-16d3-400f-9ba4-7ba8078d4a08,0.22,false,false,false,near_mint,en,false,EUR,2026-09-14T12:19:12.813Z
Goblin Electromancer,TDC,Tarkir: Dragonstorm Commander,99,normal,common,1,104923,bd9eca71-2430-4112-a23a-fba76ca2efb4,0.23,false,false,false,near_mint,en,false,EUR,2026-09-14T12:19:12.813Z
Goblin Firestarter,P02,Portal Second Age,96,normal,uncommon,1,36406,84ee21ef-26c0-4def-9046-5d6fcfa3bfeb,0.75,false,false,false,near_mint,en,false,EUR,2026-09-14T12:19:12.813Z
Goblin Gaveleer,2XM,Double Masters,126,normal,common,1,52116,3f44f3ea-504e-4745-9716-cbe28ed7873d,0.1,false,false,false,near_mint,en,false,EUR,2026-09-14T12:19:12.813Z
Goblin Grenade,DDT,Duel Decks: Merfolk vs. Goblins,45,normal,uncommon,1,3666,b0e0ef27-3db2-4976-b9db-13e3d7cd795d,0.82,false,false,false,near_mint,en,false,EUR,2026-09-14T12:19:12.813Z
Goblin Heelcutter,FRF,Fate Reforged,102,normal,common,1,12024,5b3bfeb6-95d6-4f00-8981-c6d3c9c93f67,0.11,false,false,false,near_mint,en,false,EUR,2026-09-14T12:19:12.813Z
Goblin Instigator,MOC,March of the Machine Commander,282,normal,common,1,81890,b36a1bc7-a080-4fb6-b975-c59bb33a090a,0.46,false,false,false,near_mint,en,false,EUR,2026-09-14T12:19:12.813Z
Goblin Javelineer,AFR,Adventures in the Forgotten Realms,144,normal,common,1,60448,d32b3f1b-40cb-413d-adb9-0809e4a2abdd,0.07,false,false,false,near_mint,en,false,EUR,2026-09-14T12:19:12.813Z
Goblin Lookout,LGN,Legions,101,normal,common,1,30733,23bbe84a-8857-467a-a4a1-e57086cc9501,0.48,false,false,false,near_mint,en,false,EUR,2026-09-14T12:19:12.813Z
Goblin Matron,DMR,Dominaria Remastered,123,normal,common,1,78065,a521a254-c484-4d59-bb7e-8745e96d4bbf,0.19,false,false,false,near_mint,en,false,EUR,2026-09-14T12:19:12.813Z
Goblin Patrol,USG,Urza's Saga,193,normal,common,1,35775,d0fcd8d3-f159-49a1-8dd9-582ae4a0adc3,0.42,false,false,false,near_mint,en,false,EUR,2026-09-14T12:19:12.813Z
Goblin Sledder,EVG,Duel Decks Anthology: Elves vs. Goblins,41,normal,common,1,12375,12af10e9-19b7-4177-b556-a446f2788da7,1.01,false,false,false,near_mint,en,false,EUR,2026-09-14T12:19:12.813Z
Goblin Surprise,FDN,Foundations,200,normal,common,1,101512,527dd5d4-5f72-40bb-8a9d-1f5ac3f81e2e,0.1,false,false,false,near_mint,en,false,EUR,2026-09-14T12:19:12.813Z
Goblin Tinkerer,ATH,Anthologies,40,normal,common,1,35578,54eef0db-dd7b-4ba9-bcb9-4cabdf6a1431,0.57,false,false,false,near_mint,en,false,EUR,2026-09-14T12:19:12.813Z
Goblin Tomb Raider,LCI,The Lost Caverns of Ixalan,151,normal,common,1,88218,018160fe-f602-43f5-8495-241a08eaa69c,0.31,false,false,false,near_mint,en,false,EUR,2026-09-14T12:19:12.813Z
Goblin War Party,MH1,Modern Horizons,131,normal,common,1,44803,2b4155d1-0a87-4d2c-a1a0-06b2553eaae4,0.18,false,false,false,near_mint,en,false,EUR,2026-09-14T12:19:12.813Z
Goblin War Strike,SCG,Scourge,96,normal,common,1,30592,dce59945-37a2-4f09-8831-9d44b4a59ea7,0.88,false,false,false,near_mint,en,false,EUR,2026-09-14T12:19:12.813Z
Goblin Wizardry,CLU,Ravnica: Clue Edition,136,normal,common,1,90626,04d250d6-7ab1-4b30-85a4-acb0b620629c,0.14,false,false,false,near_mint,en,false,EUR,2026-09-14T12:19:12.813Z
God-Pharaoh's Faithful,HOU,Hour of Devastation,14,normal,common,1,4661,9cb8a25b-2ad0-4ffe-b41a-6b3f8b48c1e9,0.22,false,false,false,near_mint,en,false,EUR,2026-09-14T12:19:12.813Z
Gods Willing,CLU,Ravnica: Clue Edition,63,normal,common,1,90671,138f0e49-71d5-4582-92be-797e753f0f42,0.16,false,false,false,near_mint,en,false,EUR,2026-09-14T12:19:12.813Z
"Gohn, Town of Ruin",FIN,Final Fantasy,278,normal,common,1,106602,99582781-613e-4a33-aec7-7569b4a961aa,0.07,false,false,false,near_mint,en,false,EUR,2026-09-14T12:19:12.813Z
Gold Myr,NEC,Neon Dynasty Commander,153,normal,common,1,66975,12331b1d-a561-4a8c-8e85-ed3a607ce508,0.47,false,false,false,near_mint,en,false,EUR,2026-09-14T12:19:12.813Z
Golden Egg,ELD,Throne of Eldraine,220,normal,common,1,46118,525142c3-f17c-4e02-a02d-fa385215aa12,0.15,false,false,false,near_mint,en,false,EUR,2026-09-14T12:19:12.813Z
Goldhound,SNC,Streets of New Capenna,108,normal,common,1,67989,c059e4b4-1542-4b5c-810a-9f0abac5792b,0.14,false,false,false,near_mint,en,false,EUR,2026-09-14T12:19:12.813Z
Goldmeadow Nomad,ECL,Lorwyn Eclipsed,18,normal,common,1,110672,00ddbe6c-11de-4bc6-aabe-d6d8385a838a,0.07,false,false,false,near_mint,en,false,EUR,2026-09-14T12:19:12.813Z
Goldmire Bridge,MOC,March of the Machine Commander,407,normal,common,1,81596,3235954d-a1b1-4822-b177-1691347d1e58,0.26,false,false,false,near_mint,en,false,EUR,2026-09-14T12:19:12.813Z
Goldvein Pick,FDN,Foundations,253,normal,common,1,101572,a241317d-2277-467e-a8f9-aa71c944e244,0.09,false,false,false,near_mint,en,false,EUR,2026-09-14T12:19:12.813Z
Golem Foundry,EOC,Edge of Eternities Commander,138,normal,common,1,107233,18724f37-d50b-4b00-bd47-c5bc6e62697a,0.23,false,false,false,near_mint,en,false,EUR,2026-09-14T12:19:12.813Z
Golem-Skin Gauntlets,2XM,Double Masters,259,normal,common,1,52204,ee198804-a247-46b9-be6e-71bbb5840401,0.19,false,false,false,near_mint,en,false,EUR,2026-09-14T12:19:12.813Z
Golgari Brownscale,UMA,Ultimate Masters,166,normal,common,1,43346,e41f3323-f702-46a6-92db-33ec0afd75d2,0.12,false,false,false,near_mint,en,false,EUR,2026-09-14T12:19:12.813Z
Golgari Guildgate,FDN,Foundations,689,normal,common,1,100836,92d4646c-a375-4835-aa58-8bb77d1a5abf,0.16,false,false,false,near_mint,en,false,EUR,2026-09-14T12:19:12.813Z
Golgari Rot Farm,ECC,Lorwyn Eclipsed Commander,151,normal,uncommon,1,110488,42486edd-24b7-4299-84fa-50559917b2a8,0.23,false,false,false,near_mint,en,false,EUR,2026-09-14T12:19:12.813Z
Goliath Paladin,CLB,Commander Legends: Battle for Baldur's Gate,21,normal,common,1,69211,ab8324aa-f356-42bc-9664-46803bc8a93b,0.42,false,false,false,near_mint,en,false,EUR,2026-09-14T12:19:12.813Z
"Gongaga, Reactor Town",FIN,Final Fantasy,280,normal,common,1,106580,7beccfa6-3e4b-4460-954e-870cb39e462d,0.07,false,false,false,near_mint,en,false,EUR,2026-09-14T12:19:12.813Z
Gorgon Recluse,TSR,Time Spiral Remastered,117,normal,common,1,57803,b0bf2a33-0eb6-4898-a0fb-f5afb47ea1aa,0.06,false,false,false,near_mint,en,false,EUR,2026-09-14T12:19:12.813Z
Gorilla Shaman,MH2,Modern Horizons 2,280,normal,uncommon,1,59802,c8f8ee19-3a88-40fa-85d8-386ffe06efd7,0.42,false,false,false,near_mint,en,false,EUR,2026-09-14T12:19:12.813Z
Gossamer Chains,VIS,Visions,6,normal,common,1,38167,e9917a29-c6b4-4e0a-a301-21868bd27e17,0.22,false,false,false,near_mint,en,false,EUR,2026-09-14T12:19:12.813Z
Grab the Prize,DSK,Duskmourn: House of Horror,138,normal,common,1,98823,50895202-f1a1-4840-a11a-55b78b8b5929,0.63,false,false,false,near_mint,en,false,EUR,2026-09-14T12:19:12.813Z
Grand Ball Guest,WOE,Wilds of Eldraine,134,normal,common,1,85751,d6e75228-16af-42b0-8441-ed253a660cc9,0.03,false,false,false,near_mint,en,false,EUR,2026-09-14T12:19:12.813Z
Grand Entryway // Elegant Rotunda,DSK,Duskmourn: House of Horror,15,normal,common,1,98938,ef8a8ba7-f955-425d-9a16-816fc48a2a83,0.03,false,false,false,near_mint,en,false,EUR,2026-09-14T12:19:12.813Z
Granger Guildmage,MIR,Mirage,220,normal,common,1,38370,3f495b27-3eed-4962-b69a-b86f9fc6a9a7,0.14,false,false,false,near_mint,en,false,EUR,2026-09-14T12:19:12.813Z
Grapple with Death,SOS,Secrets of Strixhaven,192,normal,common,1,111657,62842fb4-8bd3-4d80-b4f9-5bc3c5cebd3a,0.1,false,false,false,near_mint,en,false,EUR,2026-09-14T12:19:12.813Z
Grapple with the Past,TDC,Tarkir: Dragonstorm Commander,257,normal,common,1,104743,76c25c9a-245b-41c7-a75d-8061eb231389,0.12,false,false,false,near_mint,en,false,EUR,2026-09-14T12:19:12.813Z
Grasp of Darkness,M21,Core Set 2021,102,normal,common,1,50859,7737b578-8ae3-4846-b508-93ef40f25244,0.06,false,false,false,near_mint,en,false,EUR,2026-09-14T12:19:12.813Z
Grave Scrabbler,TSR,Time Spiral Remastered,118,normal,common,1,57885,d6c53e52-8d63-4628-bfb9-8abe4c7c7f4a,0.11,false,false,false,near_mint,en,false,EUR,2026-09-14T12:19:12.813Z
Gravelgill Duo,SHM,Shadowmoor,165,normal,common,1,24701,f2fd4959-bfff-46dc-b568-b6d69ef8eac9,0.08,false,false,false,near_mint,en,false,EUR,2026-09-14T12:19:12.813Z
Gravepurge,DTK,Dragons of Tarkir,104,normal,common,1,11710,b5bf549c-799f-456f-85d5-8a7302bc729d,0.16,false,false,false,near_mint,en,false,EUR,2026-09-14T12:19:12.813Z
Gray Merchant of Asphodel,DSC,Duskmourn: House of Horror Commander,142,normal,uncommon,1,99034,00d001d0-fd29-4b7c-9d0e-9131b995f910,2.0,false,false,false,near_mint,en,false,EUR,2026-09-14T12:19:12.813Z
Grazing Gladehart,DDP,Duel Decks: Zendikar vs. Eldrazi,14,normal,common,1,10551,06dda49d-25a2-4fa3-80f2-0d784e1ad30f,0.19,false,false,false,near_mint,en,false,EUR,2026-09-14T12:19:12.813Z
Grazing Whiptail,XLN,Ixalan,190,normal,common,1,3822,75cbd690-4d6e-49a7-bded-e6ecee2c76b6,0.08,false,false,false,near_mint,en,false,EUR,2026-09-14T12:19:12.813Z
Great Forest Druid,ECL,Lorwyn Eclipsed,178,normal,common,1,110554,8793a19e-6743-4031-86d9-2ff55f384549,0.1,false,false,false,near_mint,en,false,EUR,2026-09-14T12:19:12.813Z
Great Furnace,EOC,Edge of Eternities Commander,161,normal,common,1,107282,74c5bb44-d72c-4c1a-a38f-86b4a8f49ae1,2.58,false,false,false,near_mint,en,false,EUR,2026-09-14T12:19:12.813Z
Greater Mossdog,RVR,Ravnica Remastered,145,normal,common,1,89556,0e7ed627-6ce3-4629-bcd9-e449642b8d34,0.09,false,false,false,near_mint,en,false,EUR,2026-09-14T12:19:12.813Z
Greatsword of Tyr,CLB,Commander Legends: Battle for Baldur's Gate,22,normal,common,1,69012,50088a60-642b-47ed-a289-ef0b617b688f,0.41,false,false,false,near_mint,en,false,EUR,2026-09-14T12:19:12.813Z
Greedy Freebooter,LCI,The Lost Caverns of Ixalan,109,normal,common,1,88563,692fe4e8-13b4-4bec-938e-a8073a7fbd71,0.26,false,false,false,near_mint,en,false,EUR,2026-09-14T12:19:12.813Z
Grim Affliction,MM2,Modern Masters 2015,84,normal,common,1,11133,d8145805-daa8-43c0-9f22-e6829f6ed390,0.28,false,false,false,near_mint,en,false,EUR,2026-09-14T12:19:12.813Z
Grim Bauble,DFT,Aetherdrift,88,normal,common,1,103585,9bfdf60a-6f67-4872-8961-d63776b192c3,0.25,false,false,false,near_mint,en,false,EUR,2026-09-14T12:19:12.813Z
Grim Discovery,DDR,Duel Decks: Nissa vs. Ob Nixilis,51,normal,common,1,7812,f6701121-c144-4294-bbeb-66abad198f98,0.13,false,false,false,near_mint,en,false,EUR,2026-09-14T12:19:12.813Z
Grim Guardian,JOU,Journey into Nyx,73,normal,common,1,14576,732b5444-0410-430b-87ca-cf2d9f165bd7,0.53,false,false,false,near_mint,en,false,EUR,2026-09-14T12:19:12.813Z
Grim Harvest,CSP,Coldsnap,58,normal,common,1,27183,bdb1972f-2ef7-4fe2-8c8e-ab07f48a3176,0.15,false,false,false,near_mint,en,false,EUR,2026-09-14T12:19:12.813Z
Grimclaw Bats,DST,Darksteel,45,normal,common,1,29616,132d6ed5-0bbc-465e-bc30-3174c910b435,0.12,false,false,false,near_mint,en,false,EUR,2026-09-14T12:19:12.813Z
Grip of Amnesia,JUD,Judgment,41,normal,common,1,31557,43dc7e2a-5b9b-4f0f-8b2e-a7c7f847e1f1,0.13,false,false,false,near_mint,en,false,EUR,2026-09-14T12:19:12.813Z
Grisly Salvage,TDC,Tarkir: Dragonstorm Commander,290,normal,common,1,104458,12a90f7a-28df-4017-b221-0e9234ff74a7,0.19,false,false,false,near_mint,en,false,EUR,2026-09-14T12:19:12.813Z
Gristle Glutton,ECL,Lorwyn Eclipsed,144,normal,common,1,110805,a4164af6-356e-4de2-8377-dbe70434a996,0.07,false,false,false,near_mint,en,false,EUR,2026-09-14T12:19:12.813Z
Ground Assault,2X2,Double Masters 2022,223,normal,common,1,70579,e8c61bd1-4bf5-4c38-835d-2249f8e8d5d4,0.06,false,false,false,near_mint,en,false,EUR,2026-09-14T12:19:12.813Z
Grounded for Life,TMT,Teenage Mutant Ninja Turtles,7,normal,common,1,111479,72388199-85fa-4eba-9a9c-c2904e6da9ed,0.05,false,false,false,near_mint,en,false,EUR,2026-09-14T12:19:12.813Z
Groundswell,DDP,Duel Decks: Zendikar vs. Eldrazi,15,normal,common,1,10550,821e9cb9-f78e-4d11-9c36-42e8b84b49cd,0.39,false,false,false,near_mint,en,false,EUR,2026-09-14T12:19:12.813Z
Growth Cycle,M20,Core Set 2020,175,normal,common,1,45286,1e619121-f2e8-4da5-8652-a2b5dae2e55c,0.05,false,false,false,near_mint,en,false,EUR,2026-09-14T12:19:12.813Z
Growth Spasm,MIC,Midnight Hunt Commander,139,normal,common,1,63693,d8a6849b-6391-4c2c-97bd-267a31e57b38,0.42,false,false,false,near_mint,en,false,EUR,2026-09-14T12:19:12.813Z
Growth Spiral,DSC,Duskmourn: House of Horror Commander,88,normal,common,1,98788,1e10e2b4-9639-41ae-8b8e-253224d3d513,0.36,false,false,false,near_mint,en,false,EUR,2026-09-14T12:19:12.813Z
Gruul Guildgate,FDN,Foundations,690,normal,common,1,100381,3ab6c240-c97d-4a5c-bc39-860c2d9901c2,0.11,false,false,false,near_mint,en,false,EUR,2026-09-14T12:19:12.813Z
Gruul Turf,ECC,Lorwyn Eclipsed Commander,152,normal,uncommon,1,110657,f19d2b68-1415-4a0c-bb68-cfacb611c4d2,0.19,false,false,false,near_mint,en,false,EUR,2026-09-14T12:19:12.813Z
Guac & Marshmallow Pizza,TMT,Teenage Mutant Ninja Turtles,116,normal,common,1,111500,a5405de0-16c9-4e5a-8ceb-00508e212f12,0.09,false,false,false,near_mint,en,false,EUR,2026-09-14T12:19:12.813Z
Guardian Naga // Banishing Coils,CLB,Commander Legends: Battle for Baldur's Gate,23,normal,common,1,68879,18da890e-0f8d-41e9-a29f-24cb5393c464,0.14,false,false,false,near_mint,en,false,EUR,2026-09-14T12:19:12.813Z
Guardian of the Guildpact,DIS,Dissension,10,normal,common,1,27415,c8dd004b-01e4-4fe1-a164-9f2ea8d7d88e,1.19,false,false,false,near_mint,en,false,EUR,2026-09-14T12:19:12.813Z
Guardians' Pledge,M12,Magic 2012,22,normal,common,1,19245,e7e6105c-8633-46f7-a7ca-2a5c36c6d548,3.18,false,false,false,near_mint,en,false,EUR,2026-09-14T12:19:12.813Z
Guerrilla Gorilla,MSH,Marvel Super Heroes,169,normal,common,1,113920,af6bc9d2-5783-489a-8963-af65f54f4f17,0.11,false,false,false,near_mint,en,false,EUR,2026-09-14T12:19:12.813Z
Guerrilla Tactics,10E,Tenth Edition,211,normal,uncommon,1,25864,9bf3bac0-6e63-4bd3-bbd6-547f46c2d126,0.11,false,false,false,near_mint,en,false,EUR,2026-09-14T12:19:12.813Z
Guiding Voice,STX,Strixhaven: School of Mages,19,normal,common,1,58335,d6fb3163-12ca-4a7f-a0c7-b8ddfc9408a0,0.13,false,false,false,near_mint,en,false,EUR,2026-09-14T12:19:12.813Z
Guildsworn Prowler,CLB,Commander Legends: Battle for Baldur's Gate,130,normal,common,1,69321,d7efb10f-c760-431c-8ac6-904965d850dc,0.16,false,false,false,near_mint,en,false,EUR,2026-09-14T12:19:12.813Z
Guilty Conscience,SCG,Scourge,17,normal,common,1,30671,67b8701c-0f03-4ad0-9097-3caf885abd59,0.39,false,false,false,near_mint,en,false,EUR,2026-09-14T12:19:12.813Z
Gurmag Angler,UMA,Ultimate Masters,102,normal,common,1,43403,cedd44eb-f381-46e1-bcb0-88416b4ce33d,0.31,false,false,false,near_mint,en,false,EUR,2026-09-14T12:19:12.813Z
Gurmag Drowner,DTK,Dragons of Tarkir,57,normal,common,1,11757,5087a664-6ed7-43a1-8851-71bbee204eb1,0.06,false,false,false,near_mint,en,false,EUR,2026-09-14T12:19:12.813Z
Gurmag Nightwatch,TDM,Tarkir: Dragonstorm,190,normal,common,1,104369,de731430-6bbf-4782-953e-b69c46353959,0.03,false,false,false,near_mint,en,false,EUR,2026-09-14T12:19:12.813Z
Gut Shot,MM2,Modern Masters 2015,117,normal,common,1,11100,461987da-8860-4a04-8f93-d182523ca311,5.13,false,false,false,near_mint,en,false,EUR,2026-09-14T12:19:12.813Z
Guttersnipe,TDC,Tarkir: Dragonstorm Commander,217,normal,uncommon,1,105072,fd5be605-c7c3-4c0b-a68e-65452b27d3ce,0.3,false,false,false,near_mint,en,false,EUR,2026-09-14T12:19:12.813Z
Guul Draz Mucklord,ZNR,Zendikar Rising,104,normal,common,1,54719,b996743e-7f48-49d8-948b-ceb75bddf215,0.03,false,false,false,near_mint,en,false,EUR,2026-09-14T12:19:12.813Z
Guul Draz Vampire,ZEN,Zendikar,93,normal,common,1,22531,f3c92575-1c97-48bf-801b-22f34040cf9a,0.22,false,false,false,near_mint,en,false,EUR,2026-09-14T12:19:12.813Z
H.E.R.B.I.E. Scout Unit,MSH,Marvel Super Heroes,247,normal,common,1,113620,3496d0d4-3fab-4ea4-8986-afe5a7155ec6,0.09,false,false,false,near_mint,en,false,EUR,2026-09-14T12:19:12.813Z
Hagra Constrictor,ZNR,Zendikar Rising,105,normal,common,1,54828,f971b71a-af69-43a7-b06c-e80eaaaf4a5f,0.12,false,false,false,near_mint,en,false,EUR,2026-09-14T12:19:12.813Z
Halimar Depths,DSC,Duskmourn: House of Horror Commander,282,normal,common,1,99181,63eb18e0-c723-4de4-8498-c5362c75b2b4,0.56,false,false,false,near_mint,en,false,EUR,2026-09-14T12:19:12.813Z
Halimar Excavator,WWK,Worldwake,29,normal,common,1,22162,d147dce7-b2dd-426a-9ff7-843d50bb8b01,0.21,false,false,false,near_mint,en,false,EUR,2026-09-14T12:19:12.813Z
Hallow,DST,Darksteel,4,normal,common,1,29657,80fe80a0-cb3d-48bc-b67e-2e2253cfee14,0.32,false,false,false,near_mint,en,false,EUR,2026-09-14T12:19:12.813Z
Hallowed Fountain,ECL,Lorwyn Eclipsed,265,normal,rare,1,108966,e056b55f-82ed-4fe0-ab0c-bb20fa4a218a,8.1,false,false,false,near_mint,en,false,EUR,2026-09-14T12:19:12.813Z
Halo Hopper,MOM,March of the Machine,260,normal,common,1,81457,e07baeb1-c873-42c2-8f1e-757f13572079,0.13,false,false,false,near_mint,en,false,EUR,2026-09-14T12:19:12.813Z
Hammer Dropper,GRN,Guilds of Ravnica,176,normal,common,1,307,9efac789-587b-45c1-b16e-616e9486b59b,0.06,false,false,false,near_mint,en,false,EUR,2026-09-14T12:19:12.813Z
Hand of Emrakul,ROE,Rise of the Eldrazi,5,normal,common,1,21962,84d602f4-5876-416a-95e5-821a285358bf,0.35,false,false,false,near_mint,en,false,EUR,2026-09-14T12:19:12.813Z
Hands of Binding,GTC,Gatecrash,37,normal,common,1,16787,afeef50a-f5c9-47ab-ad04-645f49bbae6b,0.14,false,false,false,near_mint,en,false,EUR,2026-09-14T12:19:12.813Z
Hangar Scrounger,MOM,March of the Machine,142,normal,common,1,81443,c2551b01-4d88-47f3-b54d-96ec03e093f8,0.08,false,false,false,near_mint,en,false,EUR,2026-09-14T12:19:12.813Z
Hapless Researcher,JUD,Judgment,42,normal,common,1,31556,22ed0ee7-6749-4f38-8e53-c11b46b17e5d,0.28,false,false,false,near_mint,en,false,EUR,2026-09-14T12:19:12.813Z
Hard Evidence,H2R,Modern Horizons 2 Timeshifts,5,normal,common,1,94606,c55901dc-3f5a-490d-8496-5b844530d410,0.25,false,false,false,near_mint,en,false,EUR,2026-09-14T12:19:12.813Z
Hardbristle Bandit,OTJ,Outlaws of Thunder Junction,168,normal,common,1,93347,cbe544fb-93b7-4640-b886-cb0b3e437357,0.09,false,false,false,near_mint,en,false,EUR,2026-09-14T12:19:12.813Z
Hare Apparent,FDN,Foundations,15,normal,common,1,100907,9fc6f0e9-eb5f-4bc0-b3d7-756644b66d12,1.65,false,false,false,near_mint,en,false,EUR,2026-09-14T12:19:12.813Z
Harmonious Emergence,NEO,Kamigawa: Neon Dynasty,190,normal,common,1,66910,c92ff968-b436-4313-8375-8a3bb41f9892,0.05,false,false,false,near_mint,en,false,EUR,2026-09-14T12:19:12.813Z
Harrier Strix,OTJ,Outlaws of Thunder Junction,52,normal,common,1,93213,70ca61a9-8938-41bf-bd14-5759f4de6521,0.18,false,false,false,near_mint,en,false,EUR,2026-09-14T12:19:12.813Z
Harrow,EOC,Edge of Eternities Commander,98,normal,common,1,107003,3e76be46-cf81-4fef-bc5b-f87666cb0413,0.27,false,false,false,near_mint,en,false,EUR,2026-09-14T12:19:12.813Z
Harsh Sustenance,FRF,Fate Reforged,154,normal,common,1,11972,770d60a0-23fc-4224-873c-2e5549b3a816,0.08,false,false,false,near_mint,en,false,EUR,2026-09-14T12:19:12.813Z
Harvest Pyre,ISD,Innistrad,146,normal,common,1,18752,4d6220b4-a5b8-45c8-9422-fab9eb32322c,0.11,false,false,false,near_mint,en,false,EUR,2026-09-14T12:19:12.813Z
Haste Magic,FIN,Final Fantasy,140,normal,common,1,106402,3af9d100-70ee-4c6c-a762-11a0c4f3ef6f,0.09,false,false,false,near_mint,en,false,EUR,2026-09-14T12:19:12.813Z
Haunted Cloak,CMM,Commander Masters,389,normal,common,1,84733,abffd0a3-ea7a-43cf-b92d-d9f436bef58e,0.1,false,false,false,near_mint,en,false,EUR,2026-09-14T12:19:12.813Z
Haunted Fengraf,C18,Commander 2018,254,normal,common,1,589,97a1d55a-39a8-4bf4-91b7-5565146c9c40,0.3,false,false,false,near_mint,en,false,EUR,2026-09-14T12:19:12.813Z
Haunted Mire,SOC,Secrets of Strixhaven Commander,379,normal,common,1,111907,3e041aef-5771-4a3f-af07-e85a66c48979,0.2,false,false,false,near_mint,en,false,EUR,2026-09-14T12:19:12.813Z
Haunting Misery,WTH,Weatherlight,71,normal,common,1,37226,939b83ba-8ba8-4b98-8a13-a037ba7805e9,0.42,false,false,false,near_mint,en,false,EUR,2026-09-14T12:19:12.813Z
Hawkeye's Bow,MSH,Marvel Super Heroes,132,normal,common,1,113676,485be72b-d784-4886-bb3a-48cff8f781c6,0.17,false,false,false,near_mint,en,false,EUR,2026-09-14T12:19:12.813Z
Hazard of the Dunes,DFT,Aetherdrift,165,normal,common,1,103621,c3fbee7a-7e73-43cf-bc39-ccb1c63bf837,0.08,false,false,false,near_mint,en,false,EUR,2026-09-14T12:19:12.813Z
Headless Specter,MH1,Modern Horizons,95,normal,common,1,44839,888b4b76-6af9-4479-8cfd-cde3b8694fe5,0.05,false,false,false,near_mint,en,false,EUR,2026-09-14T12:19:12.813Z
Headsplitter,ACR,Assassin's Creed,289,normal,common,1,95379,59fcbf2a-46d5-4371-b4eb-a8dbebe18dcc,0.16,false,false,false,near_mint,en,false,EUR,2026-09-14T12:19:12.813Z
Healer of the Glade,M20,Core Set 2020,176,normal,common,1,45285,cbe262f2-e35b-4c85-938d-3e9e9c764c1b,0.16,false,false,false,near_mint,en,false,EUR,2026-09-14T12:19:12.813Z
Healer's Hawk,FDN,Foundations,142,normal,common,1,101595,cc8e4563-04bb-46b5-835e-64ba11c0e972,0.1,false,false,false,near_mint,en,false,EUR,2026-09-14T12:19:12.813Z
Heap Gate,CLB,Commander Legends: Battle for Baldur's Gate,354,normal,common,1,69079,68489d65-1978-48b1-a903-2ef38c583239,0.72,false,false,false,near_mint,en,false,EUR,2026-09-14T12:19:12.813Z
Heaped Harvest,BLB,Bloomburrow,175,normal,common,1,96255,3b5349db-0e0a-4b15-886e-0db403ef49cb,0.15,false,false,false,near_mint,en,false,EUR,2026-09-14T12:19:12.813Z
Heart Sliver,TMP,Tempest,182,normal,common,1,36817,27a83ab6-0d15-49e4-90e3-b3a2a095c632,0.78,false,false,false,near_mint,en,false,EUR,2026-09-14T12:19:12.813Z
Heart-Piercer Bow,CMM,Commander Masters,390,normal,common,1,84770,b26a42c6-fc98-4993-891c-7ac6a0735543,0.05,false,false,false,near_mint,en,false,EUR,2026-09-14T12:19:12.813Z
Hearth Charm,VIS,Visions,82,normal,common,1,38091,caa9ac66-51b7-4aec-92dc-0f0656b0f7fe,0.43,false,false,false,near_mint,en,false,EUR,2026-09-14T12:19:12.813Z
Heated Debate,STX,Strixhaven: School of Mages,106,normal,common,1,58389,f40c88e2-28ed-4e5b-bcb3-4397d6a15a6f,0.04,false,false,false,near_mint,en,false,EUR,2026-09-14T12:19:12.813Z
Heirloom Auntie,ECL,Lorwyn Eclipsed,107,normal,common,1,110623,cac251b2-d2cc-45b6-9ca8-678e0eab56ea,0.06,false,false,false,near_mint,en,false,EUR,2026-09-14T12:19:12.813Z
Heliod's Pilgrim,THB,Theros Beyond Death,20,normal,common,1,47042,cafce2f5-f4f4-465b-96dc-bcdd29d4e4bb,0.12,false,false,false,near_mint,en,false,EUR,2026-09-14T12:19:12.813Z
Hell Mongrel,MH2,Modern Horizons 2,88,normal,common,1,59894,f7da32a3-8e33-4603-abd2-8db144062f6a,0.07,false,false,false,near_mint,en,false,EUR,2026-09-14T12:19:12.813Z
Helm of the Ghastlord,SHM,Shadowmoor,166,normal,common,1,24700,653dd5b7-1ad3-4df1-bd2a-4e6ae362a8a2,4.28,false,false,false,near_mint,en,false,EUR,2026-09-14T12:19:12.813Z
Helpful Hunter,FDN,Foundations,16,normal,common,1,97172,1b9a0e91-80b5-428f-8f08-931d0631be14,0.16,false,false,false,near_mint,en,false,EUR,2026-09-14T12:19:12.813Z
Herald of Hadar,AFR,Adventures in the Forgotten Realms,108,normal,common,1,60404,baa74204-2593-4468-856d-a5791336126a,0.09,false,false,false,near_mint,en,false,EUR,2026-09-14T12:19:12.813Z
Heritage Reclamation,TDM,Tarkir: Dragonstorm,145,normal,common,1,104636,4f8fee37-a050-4329-8b10-46d150e7a95e,0.32,false,false,false,near_mint,en,false,EUR,2026-09-14T12:19:12.813Z
Hero's Resolve,6ED,Classic Sixth Edition,24,normal,common,1,35353,71a0f233-895e-4072-8339-c9448110d3e8,0.06,false,false,false,near_mint,en,false,EUR,2026-09-14T12:19:12.813Z
Hexgold Slith,MH3,Modern Horizons 3,30,normal,common,1,94718,20a85b6d-fb2b-4359-9dd6-081d8722e580,0.04,false,false,false,near_mint,en,false,EUR,2026-09-14T12:19:12.813Z
Hickory Woodlot,MMQ,Mercadian Masques,319,normal,common,1,34091,af7aafb7-6870-4d09-a191-70786766c459,3.79,false,false,false,near_mint,en,false,EUR,2026-09-14T12:19:12.813Z
Hidden Cataract,M3C,Modern Horizons 3 Commander,348,normal,common,1,95004,a3b53320-57bf-4b9f-903d-f14ff0afdd19,0.08,false,false,false,near_mint,en,false,EUR,2026-09-14T12:19:12.813Z
Hidden Courtyard,LCI,The Lost Caverns of Ixalan,274,normal,common,1,88838,b8685d46-99fc-44b3-be95-707a4b7b8327,0.08,false,false,false,near_mint,en,false,EUR,2026-09-14T12:19:12.813Z
Hidden Grotto,BLB,Bloomburrow,254,normal,common,1,95918,4ba8f2e7-8357-4862-97dc-1942d066023a,0.13,false,false,false,near_mint,en,false,EUR,2026-09-14T12:19:12.813Z
Hidden Necropolis,LCI,The Lost Caverns of Ixalan,275,normal,common,1,89040,f67fd04f-05da-4418-97de-abeb7346cc69,0.08,false,false,false,near_mint,en,false,EUR,2026-09-14T12:19:12.813Z
Hidden Nursery,M3C,Modern Horizons 3 Commander,349,normal,common,1,95076,fcd447b3-4d96-4d85-924d-2c5043ba054f,0.09,false,false,false,near_mint,en,false,EUR,2026-09-14T12:19:12.813Z
Hidden Spider,USG,Urza's Saga,264,normal,common,1,35704,ab2640cb-7d0b-40e5-9624-02c64b2f9830,0.19,false,false,false,near_mint,en,false,EUR,2026-09-14T12:19:12.813Z
Hidden Strings,DGM,Dragon's Maze,12,normal,common,1,16453,216e8047-6f54-49ce-bf86-27dc8fc8c8f7,0.46,false,false,false,near_mint,en,false,EUR,2026-09-14T12:19:12.813Z
Hideous End,DDR,Duel Decks: Nissa vs. Ob Nixilis,52,normal,common,1,7811,69ece875-81eb-47fc-9ad9-080b654d49f5,0.1,false,false,false,near_mint,en,false,EUR,2026-09-14T12:19:12.813Z
Hieroglyphic Illumination,C20,Commander 2020,112,normal,common,1,50306,0bd05638-d621-4967-b7e3-63121c88f18b,0.18,false,false,false,near_mint,en,false,EUR,2026-09-14T12:19:12.813Z
High Tide,DMR,Dominaria Remastered,54,normal,uncommon,1,78102,babd2248-5517-4b7b-a159-9a1f7b5583c8,1.23,false,false,false,near_mint,en,false,EUR,2026-09-14T12:19:12.813Z
Highland Forest,CLB,Commander Legends: Battle for Baldur's Gate,896,normal,common,1,69528,59f64a32-c364-4750-94ed-d4d71c1a3511,0.33,false,false,false,near_mint,en,false,EUR,2026-09-14T12:19:12.813Z
Highland Game,M19,Core Set 2019,188,normal,common,1,1124,4ec59964-42c1-4c29-8c60-37b7f376c347,0.03,false,false,false,near_mint,en,false,EUR,2026-09-14T12:19:12.813Z
Highway Robber,DDM,Duel Decks: Jace vs. Vraska,61,normal,common,1,14689,2126c83b-75ce-4526-8f91-5cd8b6ec74a5,0.07,false,false,false,near_mint,en,false,EUR,2026-09-14T12:19:12.813Z
Highway Robbery,OTJ,Outlaws of Thunder Junction,129,normal,common,1,93110,31a88429-9204-4a23-a7a8-babbd6bab79f,1.02,false,false,false,near_mint,en,false,EUR,2026-09-14T12:19:12.813Z
Hindering Light,ALA,Shards of Alara,173,normal,common,1,23926,98e43870-4bed-4d76-a633-a6326c736d22,0.27,false,false,false,near_mint,en,false,EUR,2026-09-14T12:19:12.813Z
Hindering Touch,SCG,Scourge,37,normal,common,1,30651,db9735d9-4aac-4175-8ec8-fc9bfd8f2c5c,0.1,false,false,false,near_mint,en,false,EUR,2026-09-14T12:19:12.813Z
Hinterland Sanctifier,FDN,Foundations,730,normal,common,1,101532,632df69e-6377-43d0-bba5-65518a320aa5,0.33,false,false,false,near_mint,en,false,EUR,2026-09-14T12:19:12.813Z
Hippo-Cows,TLE,Avatar: The Last Airbender Eternal,252,normal,common,1,108176,24ca6ca8-e239-4fe5-8711-24098b74e2fe,0.07,false,false,false,near_mint,en,false,EUR,2026-09-14T12:19:12.813Z
Hired Poisoner,GRN,Guilds of Ravnica,72,normal,common,1,411,bf97e572-90d6-46fc-81c3-956a7ef88983,0.11,false,false,false,near_mint,en,false,EUR,2026-09-14T12:19:12.813Z
Hissing Iguanar,2X2,Double Masters 2022,113,normal,common,1,70106,2268cf4b-de6d-4447-86e8-f8298728a3bd,0.09,false,false,false,near_mint,en,false,EUR,2026-09-14T12:19:12.813Z
Hitchclaw Recluse,GRN,Guilds of Ravnica,133,normal,common,1,350,fe349432-8726-49cf-ad07-6f8add8f78c8,0.07,false,false,false,near_mint,en,false,EUR,2026-09-14T12:19:12.813Z
Hoard Robber,AFR,Adventures in the Forgotten Realms,110,normal,common,1,60393,b723d9cd-05f5-4894-9f2b-52a434a3019c,0.12,false,false,false,near_mint,en,false,EUR,2026-09-14T12:19:12.813Z
Hoarding Ogre,CLB,Commander Legends: Battle for Baldur's Gate,181,normal,common,1,69102,746fec80-5ddb-42b8-bc54-728bcd3863b3,0.13,false,false,false,near_mint,en,false,EUR,2026-09-14T12:19:12.813Z
Hobbit Hole,HOB,The Hobbit,184,normal,common,1,115038,0365c439-30bf-4d32-a791-166751bdb996,0.11,false,false,false,near_mint,en,false,EUR,2026-09-14T12:19:12.813Z
Holdout Settlement,OGW,Oath of the Gatewatch,172,normal,common,1,9210,cf08c317-6f2d-47e3-ab5b-8af73fd3e404,0.31,false,false,false,near_mint,en,false,EUR,2026-09-14T12:19:12.813Z
Hollow Scavenger // Bakery Raid,WOE,Wilds of Eldraine,174,normal,common,1,85244,0ad345b6-7077-4dd2-b515-c774a3185fe4,0.06,false,false,false,near_mint,en,false,EUR,2026-09-14T12:19:12.813Z
Holy Cow,OTJ,Outlaws of Thunder Junction,16,normal,common,1,93261,90de84c9-941b-4056-8501-ce8a948b9643,0.11,false,false,false,near_mint,en,false,EUR,2026-09-14T12:19:12.813Z
Holy Day,10E,Tenth Edition,21,normal,common,1,26121,f3895c0c-0db8-4962-b386-57887fb60701,0.28,false,false,false,near_mint,en,false,EUR,2026-09-14T12:19:12.813Z
Holy Light,DRK,The Dark,10,normal,common,1,40493,c3c8a850-bc99-4679-a316-45ecdea696b2,5.61,false,false,false,near_mint,en,false,EUR,2026-09-14T12:19:12.813Z
Homestead Courage,MID,Innistrad: Midnight Hunt,24,normal,common,1,63303,73a9c49f-fcd3-4572-bac7-6eb06fdc0815,0.16,false,false,false,near_mint,en,false,EUR,2026-09-14T12:19:12.813Z
Honorable Scout,PLS,Planeshift,8,normal,common,1,32944,bd311758-0352-4b7d-a24f-7f3f2b5d7b0f,0.21,false,false,false,near_mint,en,false,EUR,2026-09-14T12:19:12.813Z
Hoodwink,MMQ,Mercadian Masques,84,normal,common,1,34326,8d505fbb-ec85-475b-a0e1-6670627ec017,0.33,false,false,false,near_mint,en,false,EUR,2026-09-14T12:19:12.813Z
Hooting Mandrills,UMA,Ultimate Masters,170,normal,common,1,43342,6dfbd094-1d59-4539-80e1-595227d3e64d,0.12,false,false,false,near_mint,en,false,EUR,2026-09-14T12:19:12.813Z
Hopeful Eidolon,THS,Theros,19,normal,common,1,15645,4c69995b-ef31-4635-8d5a-b31f73993364,0.13,false,false,false,near_mint,en,false,EUR,2026-09-14T12:19:12.813Z
Hopeful Vigil,WOE,Wilds of Eldraine,17,normal,common,1,85741,d382fd32-b1f5-4ec7-9d42-fc2915ed3bc9,0.05,false,false,false,near_mint,en,false,EUR,2026-09-14T12:19:12.813Z
Hopeless Nightmare,WOE,Wilds of Eldraine,95,normal,common,1,85320,2c2ee817-9ca9-4f09-bc71-7994c19a9470,0.74,false,false,false,near_mint,en,false,EUR,2026-09-14T12:19:12.813Z
Hordeling Outburst,ONC,Phyrexia: All Will Be One Commander,100,normal,uncommon,1,78847,c80c53a3-a2de-4e54-a50a-2eabb2ceb67c,0.41,false,false,false,near_mint,en,false,EUR,2026-09-14T12:19:12.813Z
Horned Helm,5DN,Fifth Dawn,132,normal,common,1,29363,749c408a-0a19-44a3-a436-295380573f91,0.15,false,false,false,near_mint,en,false,EUR,2026-09-14T12:19:12.813Z
Horned Sliver,TMP,Tempest,234,normal,uncommon,1,36765,d0175cec-e64c-45c6-9208-76127e76a7cf,3.46,false,false,false,near_mint,en,false,EUR,2026-09-14T12:19:12.813Z
Hornet Sting,M11,Magic 2011,181,normal,common,1,21208,af6b3bf7-bd09-4f0d-a670-2efc1c6d416f,0.11,false,false,false,near_mint,en,false,EUR,2026-09-14T12:19:12.813Z
Horrid Vigor,DSK,Duskmourn: House of Horror,184,normal,common,1,99335,c175c998-7b80-4187-bdbc-5b6e0d7eac91,0.1,false,false,false,near_mint,en,false,EUR,2026-09-14T12:19:12.813Z
Horrific Assault,MH3,Modern Horizons 3,157,normal,common,1,94888,cfa6ed13-7bba-40c0-8e0e-4ffd3cea6241,0.09,false,false,false,near_mint,en,false,EUR,2026-09-14T12:19:12.813Z
Horror of the Broken Lands,A25,Masters 25,93,normal,common,1,2623,fb1f0958-5bf6-4a4f-a4bc-2943c93ba15e,0.14,false,false,false,near_mint,en,false,EUR,2026-09-14T12:19:12.813Z
Horseshoe Crab,DMR,Dominaria Remastered,55,normal,common,1,77989,7b8ba7cc-2586-497a-8b62-4342a3f19506,0.05,false,false,false,near_mint,en,false,EUR,2026-09-14T12:19:12.813Z
Hot Dog Cart,SPM,Marvel's Spider-Man,164,normal,common,1,108534,6ee3b883-e9f5-426f-a2ea-96fe9ff3aba9,0.07,false,false,false,near_mint,en,false,EUR,2026-09-14T12:19:12.813Z
How to Start a Riot,TLA,Avatar: The Last Airbender,140,normal,common,1,108174,23b3bf1e-ea85-47f5-8473-4d16615f68d7,0.05,false,false,false,near_mint,en,false,EUR,2026-09-14T12:19:12.813Z
Howl from Beyond,DMR,Dominaria Remastered,88,normal,common,1,78037,90ef6b1c-2a86-415f-a5e3-c4b4f73a4de0,0.06,false,false,false,near_mint,en,false,EUR,2026-09-14T12:19:12.813Z
HULK SMASH!,MSH,Marvel Super Heroes,135,normal,common,1,113161,374ffb3e-0753-4682-936a-ae6921ace475,0.09,false,false,false,near_mint,en,false,EUR,2026-09-14T12:19:12.813Z
Hullcarver,EOE,Edge of Eternities,105,normal,common,1,107075,817b5b18-beb5-48c8-aa45-0515ff9ca5da,0.07,false,false,false,near_mint,en,false,EUR,2026-09-14T12:19:12.813Z
Hulldrifter,DFT,Aetherdrift,47,normal,common,1,103001,402666f8-c9cc-4e8f-abaa-6c38be90cdd2,0.11,false,false,false,near_mint,en,false,EUR,2026-09-14T12:19:12.813Z
Humbling Elder,TDM,Tarkir: Dragonstorm,48,normal,common,1,104562,3a84c3f8-0030-4653-880e-b2d19272f5fa,0.11,false,false,false,near_mint,en,false,EUR,2026-09-14T12:19:12.813Z
Hunger of the Howlpack,CNS,Conspiracy,168,normal,common,1,14252,23676697-2b84-4e9f-9e38-4fd58085a698,0.15,false,false,false,near_mint,en,false,EUR,2026-09-14T12:19:12.813Z
Hunger of the Nim,DST,Darksteel,46,normal,common,1,29615,bba50e47-2417-447f-b334-50ef0faecfae,0.11,false,false,false,near_mint,en,false,EUR,2026-09-14T12:19:12.813Z
Hunt for Specimens,STX,Strixhaven: School of Mages,73,normal,common,1,58215,8ff0f47f-75cb-42b0-ba4d-78522cad9861,0.09,false,false,false,near_mint,en,false,EUR,2026-09-14T12:19:12.813Z
Hunter Sliver,LGN,Legions,102,normal,common,1,30732,ca9aea1a-6f50-4f66-9f36-2e214dce41b4,0.29,false,false,false,near_mint,en,false,EUR,2026-09-14T12:19:12.813Z
Hunter's Blowgun,LCI,The Lost Caverns of Ixalan,255,normal,common,1,88392,3348abe7-6aa3-47f7-8203-a15f75007e33,0.17,false,false,false,near_mint,en,false,EUR,2026-09-14T12:19:12.813Z
Hurly-Burly,CN2,Conspiracy: Take the Crown,165,normal,common,1,7932,0236a0a6-c1ed-4355-82a0-a513cf925382,0.04,false,false,false,near_mint,en,false,EUR,2026-09-14T12:19:12.813Z
Hush,USG,Urza's Saga,266,normal,common,1,35702,35f01c95-ce9e-4b45-9d15-a5d37100a5d8,0.2,false,false,false,near_mint,en,false,EUR,2026-09-14T12:19:12.813Z
HYDRA Assault Robot,MSH,Marvel Super Heroes,137,normal,common,1,114044,e3b23fff-7d3b-4341-b556-82136f8c113b,0.12,false,false,false,near_mint,en,false,EUR,2026-09-14T12:19:12.813Z
HYDRA Infiltration,MSH,Marvel Super Heroes,100,normal,common,1,113968,c2e446e1-e384-4d5f-8099-544f78c08510,0.06,false,false,false,near_mint,en,false,EUR,2026-09-14T12:19:12.813Z
Hydroblast,EMA,Eternal Masters,55,normal,uncommon,1,8620,4c9c9b16-5567-4473-95e6-622292f77336,7.32,false,false,false,near_mint,en,false,EUR,2026-09-14T12:19:12.813Z
Hyena Umbra,2X2,Double Masters 2022,13,normal,common,1,70608,f6cc0f1f-191a-4141-965f-8d159bf54732,0.26,false,false,false,near_mint,en,false,EUR,2026-09-14T12:19:12.813Z
Icatian Javelineers,DMR,Dominaria Remastered,9,normal,common,1,78051,9ccce13a-77e6-4c74-9acc-d5e7c271872a,0.08,false,false,false,near_mint,en,false,EUR,2026-09-14T12:19:12.813Z
Icatian Moneychanger,FEM,Fallen Empires,10c,normal,common,1,40362,cf9521ae-6fac-4d86-9c60-adecaae5687d,0.18,false,false,false,near_mint,en,false,EUR,2026-09-14T12:19:12.813Z
Ice Cage,M12,Magic 2012,57,normal,common,1,19210,a5e14b62-c050-4d43-aeee-873f46d1e295,0.09,false,false,false,near_mint,en,false,EUR,2026-09-14T12:19:12.813Z
Ice Cream Kitty,TMT,Teenage Mutant Ninja Turtles,150,normal,common,1,111579,66081fd3-2457-4602-96c4-3075ddfec1c2,0.08,false,false,false,near_mint,en,false,EUR,2026-09-14T12:19:12.813Z
Ice Flan,FIN,Final Fantasy,55,normal,common,1,106357,ad304c9c-943f-442f-bb82-ff378ad7d7ba,0.04,false,false,false,near_mint,en,false,EUR,2026-09-14T12:19:12.813Z
Ice Tunnel,KHM,Kaldheim,262,normal,common,1,56976,8cff3ef0-4dfb-472e-aa1e-77613dd0f6d8,0.8,false,false,false,near_mint,en,false,EUR,2026-09-14T12:19:12.813Z
Iceberg Cancrix,MH1,Modern Horizons,54,normal,common,1,44880,d84b1444-a609-4c23-935d-fa25aef16179,0.09,false,false,false,near_mint,en,false,EUR,2026-09-14T12:19:12.813Z
Icefall,CSP,Coldsnap,85,normal,common,1,27156,6cf90fc3-b08b-4261-a194-d6b06fdd59d8,0.17,false,false,false,near_mint,en,false,EUR,2026-09-14T12:19:12.813Z
Icehide Troll,KHM,Kaldheim,176,normal,common,1,56733,02f3aaed-a01f-4c6a-b9bb-cd70b0f6ceb1,0.06,false,false,false,near_mint,en,false,EUR,2026-09-14T12:19:12.813Z
Icequake,ICE,Ice Age,134,normal,uncommon,1,39675,14b4dd4d-c617-4603-8a87-761ec6fc6883,1.14,false,false,false,near_mint,en,false,EUR,2026-09-14T12:19:12.813Z
Ichor Drinker,MOM,March of the Machine,111,normal,common,1,81408,91fd7350-cc97-4c35-a072-2c826984293c,0.1,false,false,false,near_mint,en,false,EUR,2026-09-14T12:19:12.813Z
Ichor Synthesizer,ONE,Phyrexia: All Will Be One,55,normal,common,1,78659,7f516ee6-8f7b-40b2-82e5-9c4ea3e0a355,0.03,false,false,false,near_mint,en,false,EUR,2026-09-14T12:19:12.813Z
Ichor Wellspring,C21,Commander 2021,245,normal,common,1,58519,1ccdb407-ac8f-4736-89d3-ab0d086096ea,0.82,false,false,false,near_mint,en,false,EUR,2026-09-14T12:19:12.813Z
Ichorclaw Myr,ONC,Phyrexia: All Will Be One Commander,133,normal,common,1,78379,06ad4974-d806-4417-883a-2e622e909a7b,0.89,false,false,false,near_mint,en,false,EUR,2026-09-14T12:19:12.813Z
Ideas Unbound,SOK,Saviors of Kamigawa,40,normal,common,1,28498,1b0fe46d-08d6-48c3-be0d-650d8d3d66af,0.53,false,false,false,near_mint,en,false,EUR,2026-09-14T12:19:12.813Z
Idyllic Beachfront,DMU,Dominaria United,249,normal,common,1,71751,c50ec22c-decb-419f-ae52-78ea1706eb11,0.23,false,false,false,near_mint,en,false,EUR,2026-09-14T12:19:12.813Z
Idyllic Grange,ELD,Throne of Eldraine,246,normal,common,1,46092,ca2c611c-3a6f-44b0-9daa-837a465845e0,0.23,false,false,false,near_mint,en,false,EUR,2026-09-14T12:19:12.813Z
Igneous Pouncer,DDH,Duel Decks: Ajani vs. Nicol Bolas,57,normal,common,1,18935,b5a0be3b-ca79-45b9-8e9b-308d93d7ea54,0.11,false,false,false,near_mint,en,false,EUR,2026-09-14T12:19:12.813Z
Iguana Parrot,TLA,Avatar: The Last Airbender,56,normal,common,1,108235,7faa3e3d-c08a-4908-85ef-1370d3f90815,0.03,false,false,false,near_mint,en,false,EUR,2026-09-14T12:19:12.813Z
Ill-Gotten Inheritance,RVR,Ravnica Remastered,77,normal,common,1,89851,abf2a55e-3112-452c-ac6a-6a3b9986ca99,0.16,false,false,false,near_mint,en,false,EUR,2026-09-14T12:19:12.813Z
Illegitimate Business,TMT,Teenage Mutant Ninja Turtles,186,normal,common,1,111583,71597acf-1ce6-46a8-b6c0-88755c8a377c,0.08,false,false,false,near_mint,en,false,EUR,2026-09-14T12:19:12.813Z
Illvoi Galeblade,EOE,Edge of Eternities,58,normal,common,1,107060,769f7d13-a312-4d79-8639-6ae248452448,0.12,false,false,false,near_mint,en,false,EUR,2026-09-14T12:19:12.813Z
Illvoi Light Jammer,EOE,Edge of Eternities,60,normal,common,1,107785,efb3d961-543c-4404-b4ed-1cb28ee411b3,0.07,false,false,false,near_mint,en,false,EUR,2026-09-14T12:19:12.813Z
Illvoi Operative,EOE,Edge of Eternities,61,normal,common,1,107773,d0ae9fc7-1802-4806-9996-1f1f458ff6a7,0.03,false,false,false,near_mint,en,false,EUR,2026-09-14T12:19:12.813Z
Immolating Souleater,NPH,New Phyrexia,139,normal,common,1,19746,abbaf916-067d-4834-a55c-b400fe0d8c1f,0.13,false,false,false,near_mint,en,false,EUR,2026-09-14T12:19:12.813Z
Impact Tremors,MOC,March of the Machine Commander,285,normal,common,1,81646,46db3811-db1d-4f69-8143-a93f64d0297b,2.66,false,false,false,near_mint,en,false,EUR,2026-09-14T12:19:12.813Z
Implement of Combustion,AER,Aether Revolt,155,normal,common,1,6259,15b1c8da-604a-42f0-8658-82580700dd31,0.28,false,false,false,near_mint,en,false,EUR,2026-09-14T12:19:12.813Z
Implement of Ferocity,AER,Aether Revolt,157,normal,common,1,6257,bcdee084-0d1a-486a-8361-680d394a5e23,0.11,false,false,false,near_mint,en,false,EUR,2026-09-14T12:19:12.813Z
Imposing Vantasaur,IKO,Ikoria: Lair of Behemoths,17,normal,common,1,50060,b6fa5feb-f5e9-4079-acc9-84e458044769,0.11,false,false,false,near_mint,en,false,EUR,2026-09-14T12:19:12.813Z
Imprisoned in the Moon,INR,Innistrad Remastered,69,normal,common,1,102416,0d150547-09f5-45ce-a825-89944b066bd4,0.15,false,false,false,near_mint,en,false,EUR,2026-09-14T12:19:12.813Z
Improvised Club,HOC,The Hobbit Eternal,197,normal,common,1,115201,7937d8c7-76c6-4343-9f5e-994cb9e6f42a,0.24,false,false,false,near_mint,en,false,EUR,2026-09-14T12:19:12.813Z
Impulse,DMR,Dominaria Remastered,56,normal,common,1,77873,3ec50625-5e14-4fd0-9a96-86f195342695,0.17,false,false,false,near_mint,en,false,EUR,2026-09-14T12:19:12.813Z
Impulsive Pilferer,OTC,Outlaws of Thunder Junction Commander,171,normal,common,1,93479,0f020359-5ad1-43c4-8588-172be635cccc,0.34,false,false,false,near_mint,en,false,EUR,2026-09-14T12:19:12.813Z
Inaction Injunction,RTR,Return to Ravnica,41,normal,common,1,17381,5342ec3c-9d26-474a-9df5-c21ac90bb233,0.09,false,false,false,near_mint,en,false,EUR,2026-09-14T12:19:12.813Z
Incinerate,JVC,Duel Decks Anthology: Jace vs. Chandra,51,normal,common,1,12240,f23dff46-e040-4cba-890a-97c2899701f2,0.37,false,false,false,near_mint,en,false,EUR,2026-09-14T12:19:12.813Z
Infectious Inquiry,ONE,Phyrexia: All Will Be One,97,normal,common,1,78386,0a10f284-b043-4307-bdc7-6dad47cc9221,0.26,false,false,false,near_mint,en,false,EUR,2026-09-14T12:19:12.813Z
Infestation Sage,FDN,Foundations,64,normal,common,1,101601,d40c73de-7a5f-46f2-a70b-449bc8ecfe24,0.17,false,false,false,near_mint,en,false,EUR,2026-09-14T12:19:12.813Z
Infuriate,THB,Theros Beyond Death,141,normal,common,1,46921,85a74392-4056-428c-a807-b062957e838e,0.06,false,false,false,near_mint,en,false,EUR,2026-09-14T12:19:12.813Z
Infuse with Vitality,STX,Strixhaven: School of Mages,194,normal,common,1,58186,840600a9-3e78-48a6-b75b-860446b82c1b,0.12,false,false,false,near_mint,en,false,EUR,2026-09-14T12:19:12.813Z
Ingot Chewer,ECC,Lorwyn Eclipsed Commander,95,normal,common,1,110615,c2086d4e-c202-4677-8dee-ecabd61cf921,0.13,false,false,false,near_mint,en,false,EUR,2026-09-14T12:19:12.813Z
Inkling Summoning,STX,Strixhaven: School of Mages,195,normal,common,1,57975,04a8a5b8-9743-4d1a-89e9-61bdf180b2e0,0.03,false,false,false,near_mint,en,false,EUR,2026-09-14T12:19:12.813Z
Inner Fire,SOK,Saviors of Kamigawa,105,normal,common,1,28433,b1d886a2-ae83-4d95-9ec0-582c563181e6,0.36,false,false,false,near_mint,en,false,EUR,2026-09-14T12:19:12.813Z
Innocent Blood,E02,Explorers of Ixalan,19,normal,common,1,3356,f4b83306-bb1d-4c44-bb77-1c9b048313dc,0.41,false,false,false,near_mint,en,false,EUR,2026-09-14T12:19:12.813Z
Inside Out,EVE,Eventide,103,normal,common,1,24448,a51180ee-8677-4d5a-9685-3861c67a1d1f,0.61,false,false,false,near_mint,en,false,EUR,2026-09-14T12:19:12.813Z
Insolent Neonate,SOI,Shadows over Innistrad,168,normal,common,1,8828,813104f6-e6e4-4709-8626-12fe4262a11f,0.14,false,false,false,near_mint,en,false,EUR,2026-09-14T12:19:12.813Z
Inspired Insurgent,TLE,Avatar: The Last Airbender Eternal,77,normal,common,1,109637,119d4579-26e6-4985-b232-40d11d60fd96,0.17,false,false,false,near_mint,en,false,EUR,2026-09-14T12:19:12.813Z
Inspired Inventor,MH3,Modern Horizons 3,32,normal,common,1,94869,9143fc7c-f4eb-4f06-97b9-f912237a055f,0.05,false,false,false,near_mint,en,false,EUR,2026-09-14T12:19:12.813Z
Inspiring Overseer,FDN,Foundations,496,normal,common,1,101588,c3e9aa54-e5d5-4cbb-9d2a-263b9eba398f,0.2,false,false,false,near_mint,en,false,EUR,2026-09-14T12:19:12.813Z
Instant Ramen,FIN,Final Fantasy,259,normal,common,1,106374,ef7011f4-fc08-4b15-973d-d15357cbe744,0.08,false,false,false,near_mint,en,false,EUR,2026-09-14T12:19:12.813Z
Intervene,ULG,Urza's Legacy,33,normal,common,1,35487,4b0e3894-5dfe-4d03-9996-eebf96c58168,0.31,false,false,false,near_mint,en,false,EUR,2026-09-14T12:19:12.813Z
Into the North,CSP,Coldsnap,111,normal,common,1,27130,79cea55d-8ef3-44a5-894e-967f1e97fc02,0.8,false,false,false,near_mint,en,false,EUR,2026-09-14T12:19:12.813Z
Into the Roil,FDN,Foundations,509,normal,common,1,101486,25edefa9-9fff-4b71-83ae-696c196a795c,0.09,false,false,false,near_mint,en,false,EUR,2026-09-14T12:19:12.813Z
Introduction to Prophecy,STX,Strixhaven: School of Mages,4,normal,common,1,58158,7820923e-bad2-4d6a-92b3-97b9737d2ca9,0.14,false,false,false,near_mint,en,false,EUR,2026-09-14T12:19:12.813Z
Inventor's Axe,MH3,Modern Horizons 3,126,normal,common,1,94847,3b2f918c-bd02-4a63-b4c2-ca204c77b208,0.09,false,false,false,near_mint,en,false,EUR,2026-09-14T12:19:12.813Z
Inventor's Goggles,DDU,Duel Decks: Elves vs. Inventors,55,normal,common,1,2412,8fc62d61-2bc0-4b84-a0e9-5a01fcd4ef92,0.07,false,false,false,near_mint,en,false,EUR,2026-09-14T12:19:12.813Z
Ior Ruin Expedition,CMR,Commander Legends,398,normal,common,1,56251,fd466b20-d11d-419e-8765-9befb9590299,0.13,false,false,false,near_mint,en,false,EUR,2026-09-14T12:19:12.813Z
Ire of Kaminari,BOK,Betrayers of Kamigawa,109,normal,common,1,28600,0b927e30-3508-4daf-91ce-8978b04062cb,0.13,false,false,false,near_mint,en,false,EUR,2026-09-14T12:19:12.813Z
Iron Apprentice,NEO,Kamigawa: Neon Dynasty,248,normal,common,1,66852,13d6d9fc-509b-42db-8ac1-85066eb6e9c4,0.17,false,false,false,near_mint,en,false,EUR,2026-09-14T12:19:12.813Z
Iron Giant,FIN,Final Fantasy,260,normal,common,1,106675,e48cf6d5-4d32-4b66-80be-3495ecd3e906,0.05,false,false,false,near_mint,en,false,EUR,2026-09-14T12:19:12.813Z
Island,SOS,Secrets of Strixhaven,274,normal,common,1,111979,77b88bb8-6bd9-4632-b937-89468fcb5e6a,0.1,false,false,false,near_mint,en,false,EUR,2026-09-14T12:19:12.813Z
It of the Horrid Swarm,INR,Innistrad Remastered,6,normal,common,1,101885,ba983caf-72b4-419e-84dc-1ad0215a865c,0.09,false,false,false,near_mint,en,false,EUR,2026-09-14T12:19:12.813Z
It'll Quench Ya!,TLA,Avatar: The Last Airbender,58,normal,common,1,108199,47c25e41-f43c-4447-81b5-b9631448bd29,0.11,false,false,false,near_mint,en,false,EUR,2026-09-14T12:19:12.813Z
Ivy Lane Denizen,CLU,Ravnica: Clue Edition,166,normal,common,1,91149,b6936a91-db5d-4977-a851-2dc6a4141ceb,0.21,false,false,false,near_mint,en,false,EUR,2026-09-14T12:19:12.813Z
Izzet Boilerworks,M3C,Modern Horizons 3 Commander,350,normal,uncommon,1,94795,af8535f9-463e-4963-94db-db0e22605275,0.22,false,false,false,near_mint,en,false,EUR,2026-09-14T12:19:12.813Z
Izzet Charm,RVR,Ravnica Remastered,190,normal,uncommon,1,89572,15af0592-a1cb-4b1e-b051-dde978939706,0.27,false,false,false,near_mint,en,false,EUR,2026-09-14T12:19:12.813Z
Jace's Erasure,M12,Magic 2012,60,normal,common,1,19207,970f4f34-f834-41a7-aff1-7cef82cefc74,0.19,false,false,false,near_mint,en,false,EUR,2026-09-14T12:19:12.813Z
Jace's Phantasm,IMA,Iconic Masters,60,normal,common,1,3565,640a1803-552e-4eb4-b48c-04b359acb14a,0.26,false,false,false,near_mint,en,false,EUR,2026-09-14T12:19:12.813Z
Jack-o'-Lantern,MID,Innistrad: Midnight Hunt,254,normal,common,1,63172,21b589ab-45a0-480a-a891-581c34f8a9bf,0.12,false,false,false,near_mint,en,false,EUR,2026-09-14T12:19:12.813Z
Jackal Familiar,M10,Magic 2010,143,normal,common,1,23210,0a47a2dc-f7f2-4103-9ebe-8cd8b83915ae,0.12,false,false,false,near_mint,en,false,EUR,2026-09-14T12:19:12.813Z
Jackal Pup,A25,Masters 25,139,normal,common,1,2577,9d8743b2-30e3-4d15-89fc-72974747aec5,0.17,false,false,false,near_mint,en,false,EUR,2026-09-14T12:19:12.813Z
Jaddi Offshoot,TDC,Tarkir: Dragonstorm Commander,260,normal,uncommon,1,104574,3ed79f15-beeb-4157-a567-eac0772f950a,0.23,false,false,false,near_mint,en,false,EUR,2026-09-14T12:19:12.813Z
Jade Avenger,MH2,Modern Horizons 2,167,normal,common,1,59896,f81500be-c959-4f38-bcf2-d63519168f67,0.11,false,false,false,near_mint,en,false,EUR,2026-09-14T12:19:12.813Z
Jagged Barrens,OTJ,Outlaws of Thunder Junction,259,normal,common,1,93178,5d809f5b-d965-4cb1-a9f8-2048f8534373,1.09,false,false,false,near_mint,en,false,EUR,2026-09-14T12:19:12.813Z
Jalum Tome,DMR,Dominaria Remastered,226,normal,common,1,77868,3d2db45f-4cdb-4b7f-a270-44b2b1482f69,0.03,false,false,false,near_mint,en,false,EUR,2026-09-14T12:19:12.813Z
Jaspera Sentinel,KHM,Kaldheim,178,normal,common,1,56770,1a68615d-9808-479d-aa80-50651246954e,0.17,false,false,false,near_mint,en,false,EUR,2026-09-14T12:19:12.813Z
Javelin of Lightning,CLB,Commander Legends: Battle for Baldur's Gate,185,normal,common,1,68865,13d2f660-97f9-404b-82bb-37e396602580,0.11,false,false,false,near_mint,en,false,EUR,2026-09-14T12:19:12.813Z
Jaya's Greeting,WAR,War of the Spark,136,normal,common,1,44268,ec66f169-5cf9-4d7c-a5ab-c64fc4801358,0.06,false,false,false,near_mint,en,false,EUR,2026-09-14T12:19:12.813Z
Jeong Jeong's Deserters,TLA,Avatar: The Last Airbender,25,normal,common,1,108152,060966f9-5e56-4512-9ef3-2b216daf093c,0.03,false,false,false,near_mint,en,false,EUR,2026-09-14T12:19:12.813Z
Jeskai Sage,FRF,Fate Reforged,38,normal,common,1,12088,6dff4734-7b2a-4089-a78a-46199818f39d,0.12,false,false,false,near_mint,en,false,EUR,2026-09-14T12:19:12.813Z
Jewel Thief,SNC,Streets of New Capenna,151,normal,common,1,67829,736e498e-1245-40c1-96a4-c9bcfd1cfe1f,0.53,false,false,false,near_mint,en,false,EUR,2026-09-14T12:19:12.813Z
Jolted Awake,MH3,Modern Horizons 3,33,normal,common,1,94895,f773a79f-ad0f-45c9-bcf5-44ba5e992729,0.12,false,false,false,near_mint,en,false,EUR,2026-09-14T12:19:12.813Z
Journey to Nowhere,CMD,Commander 2011,17,normal,common,1,19597,4686b51c-e02b-48c1-bafe-e8d08a5407b9,0.89,false,false,false,near_mint,en,false,EUR,2026-09-14T12:19:12.813Z
Jousting Dummy,ELD,Throne of Eldraine,224,normal,common,1,46114,f6601056-af08-4239-97d5-5e11597fce18,0.04,false,false,false,near_mint,en,false,EUR,2026-09-14T12:19:12.813Z
Judge of Currents,LRW,Lorwyn,22,normal,common,1,25420,3073f3f5-bff8-4ec1-a68f-c83d63435843,0.13,false,false,false,near_mint,en,false,EUR,2026-09-14T12:19:12.813Z
Judge's Familiar,RVR,Ravnica Remastered,192,normal,common,1,89970,ed363208-cf66-4205-8512-b999b67227d3,0.18,false,false,false,near_mint,en,false,EUR,2026-09-14T12:19:12.813Z
Jump Scare,DSK,Duskmourn: House of Horror,17,normal,common,1,98993,a2dd8903-31ca-470d-b2ff-280f6d40c794,0.05,false,false,false,near_mint,en,false,EUR,2026-09-14T12:19:12.813Z
Jund Hackblade,ARB,Alara Reborn,138,normal,common,1,23370,61e3b73a-598b-4854-b811-2fd40fbce2d0,0.21,false,false,false,near_mint,en,false,EUR,2026-09-14T12:19:12.813Z
Jungle Hollow,TDM,Tarkir: Dragonstorm,258,normal,common,1,104375,ea13440b-3f7b-4182-9541-27c1fa3121e5,0.08,false,false,false,near_mint,en,false,EUR,2026-09-14T12:19:12.813Z
Jungle Weaver,ALA,Shards of Alara,134,normal,common,1,23965,5f46870b-3d8d-4aae-8d59-6bd88a50b37c,0.14,false,false,false,near_mint,en,false,EUR,2026-09-14T12:19:12.813Z
K'un-Lun Warrior,MSH,Marvel Super Heroes,140,normal,common,1,114053,e6e8359d-12be-49be-8cbe-6a3b8506a9e6,0.04,false,false,false,near_mint,en,false,EUR,2026-09-14T12:19:12.813Z
Kabira Crossroads,C17,Commander 2017,259,normal,common,1,4196,7f6a18b8-d490-490d-83a5-227a416ccf92,0.45,false,false,false,near_mint,en,false,EUR,2026-09-14T12:19:12.813Z
Kaervek's Torch,MIR,Mirage,185,normal,common,1,38405,0a1624ab-e50e-48a3-acf7-457069914616,0.52,false,false,false,near_mint,en,false,EUR,2026-09-14T12:19:12.813Z
Kalastria Healer,BFZ,Battle for Zendikar,114,normal,common,1,10237,42c21cb3-21f4-4a8d-8068-52649f2a1846,0.06,false,false,false,near_mint,en,false,EUR,2026-09-14T12:19:12.813Z
Kami of False Hope,BOK,Betrayers of Kamigawa,10,normal,common,1,28699,44e4f5e6-935e-429f-89b4-4571376f442e,0.49,false,false,false,near_mint,en,false,EUR,2026-09-14T12:19:12.813Z
Kami of Jealous Thirst,MH3,Modern Horizons 3,98,normal,common,1,94563,a2958c96-97f8-4961-813c-938b83e20d07,0.05,false,false,false,near_mint,en,false,EUR,2026-09-14T12:19:12.813Z
Karametra's Blessing,THB,Theros Beyond Death,26,normal,common,1,47036,88c8e4dc-5378-48d6-85b2-f5ea9ec7cf36,0.13,false,false,false,near_mint,en,false,EUR,2026-09-14T12:19:12.813Z
Karametra's Favor,BBD,Battlebond,203,normal,uncommon,1,1790,77026cf6-7e89-41a6-8279-de1068569a02,0.1,false,false,false,near_mint,en,false,EUR,2026-09-14T12:19:12.813Z
Kavu Primarch,DMR,Dominaria Remastered,167,normal,common,1,78192,f53cbda8-805f-42a4-aba4-9939b08e37ca,0.03,false,false,false,near_mint,en,false,EUR,2026-09-14T12:19:12.813Z
Kaya's Ghostform,WAR,War of the Spark,94,normal,common,1,44310,98f3be88-24e2-433f-9138-f0cb59d09a0f,1.21,false,false,false,near_mint,en,false,EUR,2026-09-14T12:19:12.813Z
Kazandu Nectarpot,ZNR,Zendikar Rising,190,normal,common,1,54624,7c9d3f4a-ef83-454e-b8a1-1fc5d5f44be8,0.08,false,false,false,near_mint,en,false,EUR,2026-09-14T12:19:12.813Z
Keep Safe,IKO,Ikoria: Lair of Behemoths,56,normal,common,1,50021,febfa682-76ae-4979-a40c-c1eae1121f3c,0.16,false,false,false,near_mint,en,false,EUR,2026-09-14T12:19:12.813Z
Keep Watch,WOC,Wilds of Eldraine Commander,98,normal,common,1,85757,d956c510-25a7-4681-8adb-16e073d781b2,1.61,false,false,false,near_mint,en,false,EUR,2026-09-14T12:19:12.813Z
Keldon Marauders,EMA,Eternal Masters,136,normal,common,1,8539,bf42524c-97e5-40b2-8a6d-d2a1f0a9eb65,0.13,false,false,false,near_mint,en,false,EUR,2026-09-14T12:19:12.813Z
Kenku Artificer,CLB,Commander Legends: Battle for Baldur's Gate,80,normal,common,1,68905,20f30aca-5055-45f1-9121-e7a5675f07e4,0.47,false,false,false,near_mint,en,false,EUR,2026-09-14T12:19:12.813Z
Kessig Flamebreather,VOW,Innistrad: Crimson Vow,164,normal,common,1,64150,303ad78a-b02a-44dc-afe6-7f95781a5062,4.16,false,false,false,near_mint,en,false,EUR,2026-09-14T12:19:12.813Z
Khalni Garden,C18,Commander 2018,262,normal,common,1,581,3e0f6ae6-b303-405a-8efa-91de9692768e,2.03,false,false,false,near_mint,en,false,EUR,2026-09-14T12:19:12.813Z
Khalni Heart Expedition,CMM,Commander Masters,899,normal,common,1,84086,159c309c-568d-4780-9db5-b50a997e7bb2,0.25,false,false,false,near_mint,en,false,EUR,2026-09-14T12:19:12.813Z
Kick in the Door,AFR,Adventures in the Forgotten Realms,153,normal,common,1,60178,222102d0-fed3-41fd-87b0-f6d22766d7fd,0.08,false,false,false,near_mint,en,false,EUR,2026-09-14T12:19:12.813Z
Kickoff Celebrations,DFT,Aetherdrift,135,normal,common,1,103498,4e5590e1-0ac0-4bdd-815b-136bf24ced03,0.09,false,false,false,near_mint,en,false,EUR,2026-09-14T12:19:12.813Z
Kiln Fiend,IMA,Iconic Masters,137,normal,common,1,3488,8c89e7c4-7864-4031-a9e5-38b5d47290ff,0.15,false,false,false,near_mint,en,false,EUR,2026-09-14T12:19:12.813Z
Kird Ape,EMA,Eternal Masters,137,normal,common,1,8538,e14a5c79-29a3-4415-9b70-b287a474a0e0,0.17,false,false,false,near_mint,en,false,EUR,2026-09-14T12:19:12.813Z
Kitchen Imp,MH2,Modern Horizons 2,89,normal,common,1,59648,836ae711-e62f-49ec-850e-d25f6fd2a4d4,0.16,false,false,false,near_mint,en,false,EUR,2026-09-14T12:19:12.813Z
Kitesail Apprentice,WWK,Worldwake,10,normal,common,1,22181,88e2315e-41d9-4e46-bee4-c8f92e91e2a9,0.17,false,false,false,near_mint,en,false,EUR,2026-09-14T12:19:12.813Z
Kithkin Armor,WTH,Weatherlight,19,normal,common,1,37278,395e7882-0429-46aa-8e38-be707067c588,0.13,false,false,false,near_mint,en,false,EUR,2026-09-14T12:19:12.813Z
Knight of Wundagore,MSH,Marvel Super Heroes,175,normal,common,1,114081,f3003766-9383-44e0-8b51-35ccbed137ed,0.07,false,false,false,near_mint,en,false,EUR,2026-09-14T12:19:12.813Z
Kobolds of Kher Keep,LEG,Legends,157,normal,common,1,40962,df0320d9-7c2a-456a-9159-1b4fae67bfb5,3.07,false,false,false,near_mint,en,false,EUR,2026-09-14T12:19:12.813Z
Kodama's Reach,ECC,Lorwyn Eclipsed Commander,113,normal,common,1,110568,90c423cc-1264-4067-9c50-e7c88c68ef2d,1.37,false,false,false,near_mint,en,false,EUR,2026-09-14T12:19:12.813Z
Kor Halberd,MOM,March of the Machine,27,normal,common,1,81427,a4705327-ada6-4575-82fc-351e183d060e,0.08,false,false,false,near_mint,en,false,EUR,2026-09-14T12:19:12.813Z
Kor Sanctifiers,C15,Commander 2015,73,normal,common,1,9963,850bef24-98b9-40e2-9326-7d1c1f32522c,0.09,false,false,false,near_mint,en,false,EUR,2026-09-14T12:19:12.813Z
Kor Sky Climber,OGW,Oath of the Gatewatch,24,normal,common,1,9358,54938334-ebad-4dde-82e6-8c854aef4a91,0.07,false,false,false,near_mint,en,false,EUR,2026-09-14T12:19:12.813Z
Kor Skyfisher,MM3,Modern Masters 2017,11,normal,common,1,6202,d7501662-1216-4e08-bd2b-e0a459057942,1.3,false,false,false,near_mint,en,false,EUR,2026-09-14T12:19:12.813Z
Kozilek's Pathfinder,OGW,Oath of the Gatewatch,5,normal,common,1,9377,b75585bd-fdd8-44d1-8c7c-b96df5fc473e,0.09,false,false,false,near_mint,en,false,EUR,2026-09-14T12:19:12.813Z
Kozilek's Predator,CMM,Commander Masters,301,normal,common,1,85079,fa828bc7-0f5a-45de-9608-da42dda8f3f9,0.1,false,false,false,near_mint,en,false,EUR,2026-09-14T12:19:12.813Z
Krark-Clan Ogre,5DN,Fifth Dawn,71,normal,common,1,29424,649f561c-0b90-4f1d-a003-bab351632bd3,0.05,false,false,false,near_mint,en,false,EUR,2026-09-14T12:19:12.813Z
Krark-Clan Shaman,MRD,Mirrodin,98,normal,common,1,29947,975f9ea8-af2c-456f-acd0-ffa9ea0d98c1,7.54,false,false,false,near_mint,en,false,EUR,2026-09-14T12:19:12.813Z
Krenko's Command,CLU,Ravnica: Clue Edition,139,normal,common,1,91132,b07d96a1-87a0-45ff-ae6e-230deaf44dca,0.23,false,false,false,near_mint,en,false,EUR,2026-09-14T12:19:12.813Z
Krosan Restorer,DMR,Dominaria Remastered,168,normal,common,1,77781,12508498-ecb7-4df9-b83f-87ef3bc2f4e2,0.09,false,false,false,near_mint,en,false,EUR,2026-09-14T12:19:12.813Z
Krosan Tusker,CMM,Commander Masters,302,normal,common,1,84023,0a368f72-cc88-4f32-aad4-22d92c4d032d,0.06,false,false,false,near_mint,en,false,EUR,2026-09-14T12:19:12.813Z
Kruin Striker,2X2,Double Masters 2022,114,normal,common,1,70114,24da0851-c349-4b2c-bedf-21e3c2d35922,0.04,false,false,false,near_mint,en,false,EUR,2026-09-14T12:19:12.813Z
Kruphix's Insight,C18,Commander 2018,155,normal,common,1,688,d5d7ab7a-fcb2-44c7-8e99-e627d3ced1ea,0.19,false,false,false,near_mint,en,false,EUR,2026-09-14T12:19:12.813Z
Kyoshi Village,TLA,Avatar: The Last Airbender,271,normal,common,1,109487,8d5f3008-2af8-4e81-8847-1c91f524e747,0.11,false,false,false,near_mint,en,false,EUR,2026-09-14T12:19:12.813Z
Kyoshi Warriors,TLA,Avatar: The Last Airbender,26,normal,common,1,109651,211045e1-85c7-4088-b830-a2afa0fe520b,0.04,false,false,false,near_mint,en,false,EUR,2026-09-14T12:19:12.813Z
Lagonna-Band Trailblazer,JOU,Journey into Nyx,14,normal,common,1,14635,38a6f533-6acb-4c24-ae9d-fe4977230156,0.36,false,false,false,near_mint,en,false,EUR,2026-09-14T12:19:12.813Z
Lakeshore Apothecary,HOB,The Hobbit,43,normal,common,1,115223,abfbb255-a39b-4df5-bfb6-5298584e89f0,0.05,false,false,false,near_mint,en,false,EUR,2026-09-14T12:19:12.813Z
Lakeside Shack,DSK,Duskmourn: House of Horror,262,normal,common,1,98660,a9367acd-393a-4966-ba60-af2ecd4e7596,0.14,false,false,false,near_mint,en,false,EUR,2026-09-14T12:19:12.813Z
Lancer Sliver,MH1,Modern Horizons,18,normal,common,1,44916,9a4f8d9a-3760-449e-b8a6-72b2a641ff23,0.16,false,false,false,near_mint,en,false,EUR,2026-09-14T12:19:12.813Z
Land Grant,MMQ,Mercadian Masques,255,normal,common,1,34155,d6862005-32d1-473e-a28b-5dfc4b7782cd,3.78,false,false,false,near_mint,en,false,EUR,2026-09-14T12:19:12.813Z
Lantern Bearer // Lanterns' Lift,INR,Innistrad Remastered,72,normal,common,1,101848,0e568af8-9ddf-4efd-92ec-74a54b811c03,0.07,false,false,false,near_mint,en,false,EUR,2026-09-14T12:19:12.813Z
Lapse of Certainty,CON,Conflux,9,normal,common,1,23720,ec609036-dfbf-47de-9a3a-762aea4196d4,0.36,false,false,false,near_mint,en,false,EUR,2026-09-14T12:19:12.813Z
Larger Than Life,KLD,Kaladesh,160,normal,common,1,7483,3d0da994-d3e7-41b9-ae8f-6f1a3b779f23,0.1,false,false,false,near_mint,en,false,EUR,2026-09-14T12:19:12.813Z
Last Breath,2X2,Double Masters 2022,15,normal,common,1,70065,12cca37a-7efd-4b01-bf96-15d0a032524d,0.09,false,false,false,near_mint,en,false,EUR,2026-09-14T12:19:12.813Z
Last Gasp,SOS,Secrets of Strixhaven,86,normal,common,1,112698,da5f3729-6ec7-4482-90cb-83b973edeae4,0.03,false,false,false,near_mint,en,false,EUR,2026-09-14T12:19:12.813Z
Last Rites,ODY,Odyssey,146,normal,common,1,32031,0b140a36-6686-4781-a432-cb2ef58afa81,0.57,false,false,false,near_mint,en,false,EUR,2026-09-14T12:19:12.813Z
Lat-Nam's Legacy,CST,Coldsnap Theme Decks,30b,normal,common,1,27079,aaac5b37-20a7-4dae-b0f7-04f5cb1e1532,0.31,false,false,false,near_mint,en,false,EUR,2026-09-14T12:19:12.813Z
Late to Dinner,MH2,Modern Horizons 2,19,normal,common,1,59596,6633cab9-23f9-474e-96f1-ca7c0c67691c,0.12,false,false,false,near_mint,en,false,EUR,2026-09-14T12:19:12.813Z
Laughing Mad,FIN,Final Fantasy,143,normal,common,1,106168,cd5b9daf-6325-4eb4-a069-4a8cc7807884,0.1,false,false,false,near_mint,en,false,EUR,2026-09-14T12:19:12.813Z
Lava Burst,DKM,Deckmasters,16,normal,common,1,31807,5585087b-85b0-4e42-a6a5-33ef1b0b4ba4,0.17,false,false,false,near_mint,en,false,EUR,2026-09-14T12:19:12.813Z
Lava Coil,2X2,Double Masters 2022,116,normal,common,1,70341,802c39df-4b92-4acc-92f9-bebd3d405471,0.09,false,false,false,near_mint,en,false,EUR,2026-09-14T12:19:12.813Z
Lava Dart,MH1,Modern Horizons,134,normal,common,1,44800,b16dd041-451d-4914-8c46-aa315a90d802,0.9,false,false,false,near_mint,en,false,EUR,2026-09-14T12:19:12.813Z
Lava Spike,UMA,Ultimate Masters,136,normal,uncommon,1,43374,79c21c1f-eaa4-454d-a1c7-b41466d0a428,0.9,false,false,false,near_mint,en,false,EUR,2026-09-14T12:19:12.813Z
Law-Rune Enforcer,CLU,Ravnica: Clue Edition,64,normal,common,1,90761,2f160c0f-d9c9-4fc1-b61c-a2154bc21879,0.15,false,false,false,near_mint,en,false,EUR,2026-09-14T12:19:12.813Z
Lawbringer,NEM,Nemesis,10,normal,common,1,33872,2d76b7e3-6890-4120-8575-732909c8bdff,0.09,false,false,false,near_mint,en,false,EUR,2026-09-14T12:19:12.813Z
Lazotep Reaver,WAR,War of the Spark,96,normal,common,1,44308,594bbe43-a8aa-42aa-bc49-cb4f3bc05cad,0.13,false,false,false,near_mint,en,false,EUR,2026-09-14T12:19:12.813Z
Lead the Stampede,IKO,Ikoria: Lair of Behemoths,163,normal,uncommon,1,49914,9e76b676-c7a3-4de6-a78d-3059a0df83f2,0.5,false,false,false,near_mint,en,false,EUR,2026-09-14T12:19:12.813Z
Leap,STH,Stronghold,35,normal,common,1,36610,0841423d-7a27-4bc5-9ac2-0ba47648c6f1,0.78,false,false,false,near_mint,en,false,EUR,2026-09-14T12:19:12.813Z
Leather Armor,AFR,Adventures in the Forgotten Realms,248,normal,common,1,60479,e62d4e76-cdb0-48c7-aa1c-b1f514057b68,0.11,false,false,false,near_mint,en,false,EUR,2026-09-14T12:19:12.813Z
Leave No Trace,RAV,Ravnica: City of Guilds,23,normal,common,1,27987,58466d46-7225-42ff-8471-6d489be32cf3,0.2,false,false,false,near_mint,en,false,EUR,2026-09-14T12:19:12.813Z
Lembas,LTR,The Lord of the Rings: Tales of Middle-earth,243,normal,common,1,83004,3b46aacf-b31a-4380-9e4b-82795fbaba3b,1.65,false,false,false,near_mint,en,false,EUR,2026-09-14T12:19:12.813Z
"Leonardo, Big Brother",TMT,Teenage Mutant Ninja Turtles,14,normal,common,1,111534,e802838f-cc8c-4313-8c3b-32a6a7248e64,0.17,false,false,false,near_mint,en,false,EUR,2026-09-14T12:19:12.813Z
Leonin Den-Guard,MRD,Mirrodin,9,normal,common,1,30036,c9f30b7a-75bb-44e6-b1a2-726df1b5b1f3,0.11,false,false,false,near_mint,en,false,EUR,2026-09-14T12:19:12.813Z
Leonin Skyhunter,FDN,Foundations,498,normal,uncommon,1,97173,218e0009-5f11-4348-97b8-4bc7b41f80b8,0.23,false,false,false,near_mint,en,false,EUR,2026-09-14T12:19:12.813Z
Library of Leng,5ED,Fifth Edition,387,normal,uncommon,1,37619,cfe1d1ae-bcc0-4b0d-a60f-f5ed30184329,2.85,false,false,false,near_mint,en,false,EUR,2026-09-14T12:19:12.813Z
Life Burst,ODY,Odyssey,30,normal,common,1,32147,7f8eee50-efd2-45fd-b815-051167ef4541,0.16,false,false,false,near_mint,en,false,EUR,2026-09-14T12:19:12.813Z
Life Goes On,M21,Core Set 2021,192,normal,common,1,50766,3888197f-5da4-4413-9cad-b37a12ba1e60,0.08,false,false,false,near_mint,en,false,EUR,2026-09-14T12:19:12.813Z
Lifelink,M12,Magic 2012,24,normal,common,1,19243,a8e207d4-9930-4aff-a7c8-b53bd1b5d566,0.29,false,false,false,near_mint,en,false,EUR,2026-09-14T12:19:12.813Z
Lifespark Spellbomb,MRD,Mirrodin,197,normal,common,1,29848,0adde668-67af-4a08-a36a-2a49893ab20d,0.13,false,false,false,near_mint,en,false,EUR,2026-09-14T12:19:12.813Z
Light of Hope,IKO,Ikoria: Lair of Behemoths,20,normal,common,1,50057,bcb00599-e082-49b0-88f3-ef91b75595e4,0.13,false,false,false,near_mint,en,false,EUR,2026-09-14T12:19:12.813Z
Lightbringer,NEM,Nemesis,11,normal,common,1,33871,19451993-7a53-4a50-bfca-ddc9cdfbe168,0.17,false,false,false,near_mint,en,false,EUR,2026-09-14T12:19:12.813Z
Lightning Axe,INR,Innistrad Remastered,162,normal,uncommon,1,102669,90911c79-24c3-4566-b72c-02ccde083f1b,0.16,false,false,false,near_mint,en,false,EUR,2026-09-14T12:19:12.813Z
Lightning Blast,8ED,Eighth Edition,200,normal,uncommon,1,30336,a20fee0e-93b8-4dc0-b156-8237271ae66c,0.08,false,false,false,near_mint,en,false,EUR,2026-09-14T12:19:12.813Z
Lightning Bolt,CLU,Ravnica: Clue Edition,141,normal,uncommon,1,90978,77c6fa74-5543-42ac-9ead-0e890b188e99,1.81,false,false,false,near_mint,en,false,EUR,2026-09-14T12:19:12.813Z
Lightning Shrieker,FRF,Fate Reforged,106,normal,common,1,12020,0071bf6e-a78b-4286-b3e7-acf44631a001,0.07,false,false,false,near_mint,en,false,EUR,2026-09-14T12:19:12.813Z
Lightning Strike,DFT,Aetherdrift,136,normal,common,1,103461,30077b49-b825-4dbb-a0c7-f3992f647df0,0.07,false,false,false,near_mint,en,false,EUR,2026-09-14T12:19:12.813Z
Lightwheel Enhancements,DFT,Aetherdrift,20,normal,common,1,103583,9ab169c1-4e25-4a5d-8961-4f06298c3781,0.1,false,false,false,near_mint,en,false,EUR,2026-09-14T12:19:12.813Z
Lignify,GVL,Duel Decks Anthology: Garruk vs. Liliana,16,normal,common,1,12338,23464d53-fa76-40e2-84c3-b6d6cc729be4,1.34,false,false,false,near_mint,en,false,EUR,2026-09-14T12:19:12.813Z
Liliana's Elite,2X2,Double Masters 2022,82,normal,common,1,70415,a3da81fa-0bd1-4415-b112-3fa4438efe4b,0.08,false,false,false,near_mint,en,false,EUR,2026-09-14T12:19:12.813Z
Liliana's Specter,PCA,Planechase Anthology,34,normal,common,1,6700,549089f4-1359-49c3-9560-6fe49d1598d0,0.24,false,false,false,near_mint,en,false,EUR,2026-09-14T12:19:12.813Z
Liquify,TOR,Torment,41,normal,common,1,31700,12fadf25-0995-440d-a3e6-7964ed86cff6,0.08,false,false,false,near_mint,en,false,EUR,2026-09-14T12:19:12.813Z
Live Fast,KLD,Kaladesh,87,normal,common,1,7556,ad0bb8da-ad05-43d9-aba3-d917744168fe,0.07,false,false,false,near_mint,en,false,EUR,2026-09-14T12:19:12.813Z
Llanowar Augur,FUT,Future Sight,129,normal,common,1,26208,1c8c9473-97f4-4875-8f06-d3a70d4cbe6d,0.16,false,false,false,near_mint,en,false,EUR,2026-09-14T12:19:12.813Z
Llanowar Elite,INV,Invasion,196,normal,common,1,33137,3e207863-de68-47e1-8c63-413b5fa48943,0.1,false,false,false,near_mint,en,false,EUR,2026-09-14T12:19:12.813Z
Llanowar Elves,FDN,Foundations,227,normal,common,1,95583,6a0b230b-d391-4998-a3f7-7b158a0ec2cd,0.22,false,false,false,near_mint,en,false,EUR,2026-09-14T12:19:12.813Z
Llanowar Empath,DDU,Duel Decks: Elves vs. Inventors,18,normal,common,1,2449,8ad19d75-b506-4d5c-bd94-40e8a1be7f27,0.06,false,false,false,near_mint,en,false,EUR,2026-09-14T12:19:12.813Z
Llanowar Sentinel,10E,Tenth Edition,275,normal,common,1,25781,bda18561-4767-4f8e-bc6d-9117d1a480b1,0.11,false,false,false,near_mint,en,false,EUR,2026-09-14T12:19:12.813Z
Llanowar Visionary,M21,Core Set 2021,193,normal,common,1,51025,d6e23afa-7e08-4049-baf0-d4d0134ba2c8,0.18,false,false,false,near_mint,en,false,EUR,2026-09-14T12:19:12.813Z
Loam Dryad,SOI,Shadows over Innistrad,216,normal,common,1,8780,61c9441d-18d9-4ec6-859e-e9a7893b54e3,0.12,false,false,false,near_mint,en,false,EUR,2026-09-14T12:19:12.813Z
Logic Knot,TSR,Time Spiral Remastered,73,normal,common,1,57680,624feb0e-f683-4eb6-a63b-7872d0e28f1f,0.18,false,false,false,near_mint,en,false,EUR,2026-09-14T12:19:12.813Z
Lone Missionary,MM3,Modern Masters 2017,14,normal,common,1,6199,6d31d5b6-0973-43d2-aae0-a3f3e7a61800,0.23,false,false,false,near_mint,en,false,EUR,2026-09-14T12:19:12.813Z
Lonely Arroyo,OTJ,Outlaws of Thunder Junction,260,normal,common,1,93150,4b778b63-e5fc-4d63-a93b-4372f32cade2,0.16,false,false,false,near_mint,en,false,EUR,2026-09-14T12:19:12.813Z
Lonely Sandbar,EOC,Edge of Eternities Commander,166,normal,common,1,107264,42f8591e-df30-49ec-962c-a75d32e6d9f5,0.15,false,false,false,near_mint,en,false,EUR,2026-09-14T12:19:12.813Z
Longstalk Brawl,BLB,Bloomburrow,182,normal,common,1,95966,c7ef748c-b5e5-4e7d-bf2e-d3e6c08edb42,0.06,false,false,false,near_mint,en,false,EUR,2026-09-14T12:19:12.813Z
Looming Spires,BFZ,Battle for Zendikar,238,normal,common,1,10113,b88177a2-de41-417d-a8f1-07edf005b453,0.11,false,false,false,near_mint,en,false,EUR,2026-09-14T12:19:12.813Z
Looter il-Kor,CMM,Commander Masters,102,normal,common,1,84481,7083c77c-166f-4c6f-a2ca-dd1b877ff5f7,0.11,false,false,false,near_mint,en,false,EUR,2026-09-14T12:19:12.813Z
Loran's Escape,BRO,The Brothers' War,14,normal,common,1,75391,3765610d-a0c1-4de9-a81b-ffa3eb06454b,2.4,false,false,false,near_mint,en,false,EUR,2026-09-14T12:19:12.813Z
Lorehold Campus,SOC,Secrets of Strixhaven Commander,384,normal,common,1,112087,b6ad08da-c9e8-4061-a4a6-032d6957a403,0.12,false,false,false,near_mint,en,false,EUR,2026-09-14T12:19:12.813Z
Lose Focus,MH2,Modern Horizons 2,49,normal,common,1,59691,985bdb0c-ce6c-4506-8163-76f3b2fdf5fb,0.17,false,false,false,near_mint,en,false,EUR,2026-09-14T12:19:12.813Z
Lost Legion,ELD,Throne of Eldraine,94,normal,common,1,46244,2d6139d3-5397-4403-9c1e-312c11a7542b,0.06,false,false,false,near_mint,en,false,EUR,2026-09-14T12:19:12.813Z
Lost Leonin,NPH,New Phyrexia,13,normal,common,1,19872,8209fa5d-2c0e-4827-813b-fff123533f16,0.24,false,false,false,near_mint,en,false,EUR,2026-09-14T12:19:12.813Z
Lotleth Giant,CMM,Commander Masters,171,normal,common,1,84020,09237f1b-eff6-45bf-bd7d-a883deda122a,0.27,false,false,false,near_mint,en,false,EUR,2026-09-14T12:19:12.813Z
Lotus Petal,TMP,Tempest,294,normal,common,1,36705,6c877da3-68fa-41d0-8a24-8c79fcd8ecc1,24.45,false,false,false,near_mint,en,false,EUR,2026-09-14T12:19:12.813Z
Loyal Sentry,A25,Masters 25,22,normal,common,1,2694,8854cc80-6201-4066-80c8-97c0fdc9baa8,0.12,false,false,false,near_mint,en,false,EUR,2026-09-14T12:19:12.813Z
Lucky Offering,NEO,Kamigawa: Neon Dynasty,27,normal,common,1,66660,24bbdeb0-9165-4874-a853-d19c20c250ef,0.07,false,false,false,near_mint,en,false,EUR,2026-09-14T12:19:12.813Z
Lumithread Field,FUT,Future Sight,25,normal,common,1,26312,772bf1a3-ab2d-4fe6-830b-1c5ef8f5dc07,0.13,false,false,false,near_mint,en,false,EUR,2026-09-14T12:19:12.813Z
Lunarch Mantle,INR,Innistrad Remastered,31,normal,common,1,102636,8092b454-4c74-439b-9c74-5d90b29c4e9d,0.07,false,false,false,near_mint,en,false,EUR,2026-09-14T12:19:12.813Z
Lunarch Veteran // Luminous Phantom,INR,Innistrad Remastered,32,normal,common,1,102520,438e3302-daf9-436b-8b08-24b3f33295f6,0.26,false,false,false,near_mint,en,false,EUR,2026-09-14T12:19:12.813Z
Lunatic Pandora,FIN,Final Fantasy,262,normal,common,1,106659,d6e1e3e7-20d4-42cb-ad22-60356b9e8fdc,0.05,false,false,false,near_mint,en,false,EUR,2026-09-14T12:19:12.813Z
Lurching Rotbeast,HOU,Hour of Devastation,69,normal,common,1,4606,9f06be97-71c8-46c8-a1c2-5da3af25e6de,0.1,false,false,false,near_mint,en,false,EUR,2026-09-14T12:19:12.813Z
Lurking Lizards,MSC,Marvel Super Heroes Commander,816,normal,common,1,113969,c32786e6-f61a-48d1-bee3-3da256ebfd2e,0.17,false,false,false,near_mint,en,false,EUR,2026-09-14T12:19:12.813Z
Lush Oasis,M3C,Modern Horizons 3 Commander,356,normal,common,1,95013,ba0932e2-30da-478d-b295-40db01556eb0,0.12,false,false,false,near_mint,en,false,EUR,2026-09-14T12:19:12.813Z
Luxknight Breacher,EOE,Edge of Eternities,26,normal,common,1,107537,c1236731-0d33-4705-8077-3cf58acf9a39,0.07,false,false,false,near_mint,en,false,EUR,2026-09-14T12:19:12.813Z
Lys Alana Bowmaster,CMR,Commander Legends,241,normal,common,1,56042,3888e2f0-223b-4509-8071-fe1b87a65b72,0.1,false,false,false,near_mint,en,false,EUR,2026-09-14T12:19:12.813Z
Lys Alana Huntmaster,KHC,Kaldheim Commander,67,normal,common,1,57184,0849f67b-da5d-49f7-840f-f87f48518156,0.84,false,false,false,near_mint,en,false,EUR,2026-09-14T12:19:12.813Z
Lórien Revealed,HOC,The Hobbit Eternal,179,normal,common,1,115145,209204c7-aae5-4768-91b8-89c8c4d4a97f,3.74,false,false,false,near_mint,en,false,EUR,2026-09-14T12:19:12.813Z
Macabre Waltz,FDN,Foundations,177,normal,common,1,101509,4d1f3c84-89ba-4426-a80b-d524f172c912,0.05,false,false,false,near_mint,en,false,EUR,2026-09-14T12:19:12.813Z
"MACH-1, Swooping Scoundrel",MSC,Marvel Super Heroes Commander,662,normal,common,1,114083,f3933900-a6f7-411c-be2a-96fe7c28f972,0.18,false,false,false,near_mint,en,false,EUR,2026-09-14T12:19:12.813Z
Machinesmith Automaton,MSH,Marvel Super Heroes,144,normal,common,1,113819,802e663e-9529-46da-8af4-eb9ca07971b1,0.07,false,false,false,near_mint,en,false,EUR,2026-09-14T12:19:12.813Z
Maelstrom Colossus,CMR,Commander Legends,322,normal,common,1,55618,322491d2-d082-4d38-8d81-8588c011e725,1.05,false,false,false,near_mint,en,false,EUR,2026-09-14T12:19:12.813Z
Maestros Theater,EOC,Edge of Eternities Commander,167,normal,common,1,107175,d4087ba6-8227-4ec3-a989-0833ad6c8788,0.26,false,false,false,near_mint,en,false,EUR,2026-09-14T12:19:12.813Z
Maggot Carrier,8ED,Eighth Edition,142,normal,common,1,30394,cd2ee72e-68d3-46b9-abc6-08532ce412b2,0.08,false,false,false,near_mint,en,false,EUR,2026-09-14T12:19:12.813Z
Magic Damper,FIN,Final Fantasy,61,normal,common,1,106540,44921b2e-5938-4f63-92b9-0b719a2f8c68,0.12,false,false,false,near_mint,en,false,EUR,2026-09-14T12:19:12.813Z
Magic Pot,FIN,Final Fantasy,263,normal,common,1,106553,57d07ca0-5618-4a90-a605-ca14a193ce3b,0.03,false,false,false,near_mint,en,false,EUR,2026-09-14T12:19:12.813Z
Magitek Infantry,FIN,Final Fantasy,25,normal,common,1,106635,b64dc6d7-dd01-4e66-9099-4c90865448df,0.04,false,false,false,near_mint,en,false,EUR,2026-09-14T12:19:12.813Z
Magma Jet,MM3,Modern Masters 2017,100,normal,common,1,6113,8af1c5b0-973d-467e-a797-51ca75c183c1,0.09,false,false,false,near_mint,en,false,EUR,2026-09-14T12:19:12.813Z
Magma Spray,AKH,Amonkhet,141,normal,common,1,5544,988a7993-eb7d-4ae2-8a22-1676f517558b,0.04,false,false,false,near_mint,en,false,EUR,2026-09-14T12:19:12.813Z
Magmakin Artillerist,DFT,Aetherdrift,137,normal,common,1,103454,2ac26341-a100-424d-be84-33fbbf1b4078,0.2,false,false,false,near_mint,en,false,EUR,2026-09-14T12:19:12.813Z
Magmatic Chasm,SOI,Shadows over Innistrad,172,normal,common,1,8824,d4d5de8b-0286-4fca-86fd-e983a91f4a8c,0.06,false,false,false,near_mint,en,false,EUR,2026-09-14T12:19:12.813Z
Magmatic Sinkhole,MH1,Modern Horizons,135,normal,common,1,44799,94db1674-d72b-4c1f-b436-490e5363bee7,0.14,false,false,false,near_mint,en,false,EUR,2026-09-14T12:19:12.813Z
Magnify,UDS,Urza's Destiny,111,normal,common,1,34734,7b9bb2c6-f1a6-42c3-a7cb-3a1a46854c9b,0.15,false,false,false,near_mint,en,false,EUR,2026-09-14T12:19:12.813Z
Magnifying Glass,MKM,Murders at Karlov Manor,255,normal,common,1,91192,c606a71f-8fb0-486b-955f-727ebf436946,0.04,false,false,false,near_mint,en,false,EUR,2026-09-14T12:19:12.813Z
Make Disappear,SNC,Streets of New Capenna,49,normal,common,1,67714,3f2d6a21-ea77-484b-9e3a-1bd49806f907,0.14,false,false,false,near_mint,en,false,EUR,2026-09-14T12:19:12.813Z
Make Your Move,FDN,Foundations,143,normal,common,1,101546,7368f861-3288-4645-90a7-ca35d6da3721,0.04,false,false,false,near_mint,en,false,EUR,2026-09-14T12:19:12.813Z
Makeshift Binding,MKM,Murders at Karlov Manor,23,normal,common,1,91261,e45d2e0c-d70d-40e5-8c3d-db6803393516,0.07,false,false,false,near_mint,en,false,EUR,2026-09-14T12:19:12.813Z
Makeshift Munitions,CMM,Commander Masters,242,normal,common,1,84414,60715b6d-b223-431a-85d8-27d7c05469b2,0.2,false,false,false,near_mint,en,false,EUR,2026-09-14T12:19:12.813Z
Makindi Shieldmate,ZEN,Zendikar,26,normal,common,1,22598,e76e9555-966c-4fc3-9ef4-a0154ccb8329,0.07,false,false,false,near_mint,en,false,EUR,2026-09-14T12:19:12.813Z
Makindi Sliderunner,BFZ,Battle for Zendikar,148,normal,common,1,10203,9e6da400-ee4e-44d1-887d-1e2fb59b9322,0.09,false,false,false,near_mint,en,false,EUR,2026-09-14T12:19:12.813Z
Malakir Blood-Priest,CLB,Commander Legends: Battle for Baldur's Gate,760,normal,common,1,69640,bbbd64da-6071-49f4-87aa-066209ec1ae9,0.15,false,false,false,near_mint,en,false,EUR,2026-09-14T12:19:12.813Z
Malboro,FIN,Final Fantasy,106,normal,common,1,105739,e46d8048-03ce-4e07-ba24-f41ba6140a4e,0.08,false,false,false,near_mint,en,false,EUR,2026-09-14T12:19:12.813Z
Malevolent Rumble,MH3,Modern Horizons 3,161,normal,common,1,94878,a178cfe8-f9fa-4255-88d0-54a0bed079f5,0.95,false,false,false,near_mint,en,false,EUR,2026-09-14T12:19:12.813Z
Mana Leak,2X2,Double Masters 2022,58,normal,common,1,70084,179236d9-6fe2-4db6-bdfb-f851e8d531a2,0.19,false,false,false,near_mint,en,false,EUR,2026-09-14T12:19:12.813Z
Mana Tithe,TSR,Time Spiral Remastered,26,normal,common,1,57764,9ae707d5-d81d-4320-b947-6016dc188898,0.43,false,false,false,near_mint,en,false,EUR,2026-09-14T12:19:12.813Z
Manamorphose,2XM,Double Masters,208,normal,uncommon,1,52081,faf9070e-14be-4ce5-a19a-6addc79359c1,3.96,false,false,false,near_mint,en,false,EUR,2026-09-14T12:19:12.813Z
Mandible Justiciar,ONE,Phyrexia: All Will Be One,21,normal,common,1,78546,544a707d-4090-4a74-91aa-60fbd8a4ae96,0.06,false,false,false,near_mint,en,false,EUR,2026-09-14T12:19:12.813Z
Mandibular Kite,MH3,Modern Horizons 3,34,normal,common,1,94492,6b922f71-18e6-4a74-b792-d477d4a1deca,0.1,false,false,false,near_mint,en,false,EUR,2026-09-14T12:19:12.813Z
Maned Serval,IKO,Ikoria: Lair of Behemoths,23,normal,common,1,50054,5ac51e35-e2c5-4457-981c-e59894584288,0.08,false,false,false,near_mint,en,false,EUR,2026-09-14T12:19:12.813Z
Manor Gate,CLB,Commander Legends: Battle for Baldur's Gate,356,normal,common,1,69115,793d4978-9e00-453d-8dc2-6d51ad6c26b7,1.98,false,false,false,near_mint,en,false,EUR,2026-09-14T12:19:12.813Z
Mantle of Tides,ELD,Throne of Eldraine,52,normal,common,1,46286,c058d01e-f705-4407-bd9e-a2d127afdf04,0.05,false,false,false,near_mint,en,false,EUR,2026-09-14T12:19:12.813Z
Many Partings,TLE,Avatar: The Last Airbender Eternal,169,normal,common,1,109664,29267b6b-e0d9-4514-8932-16bf8e6db3bb,0.36,false,false,false,near_mint,en,false,EUR,2026-09-14T12:19:12.813Z
Marauding Blight-Priest,FDN,Foundations,178,normal,common,1,101528,5f70dafc-c638-4ec0-ab5b-62998f752720,0.13,false,false,false,near_mint,en,false,EUR,2026-09-14T12:19:12.813Z
Marauding Brinefang,LCI,The Lost Caverns of Ixalan,64,normal,common,1,88610,78328899-7996-4cfd-bf00-d2a0d0ff3ef8,0.1,false,false,false,near_mint,en,false,EUR,2026-09-14T12:19:12.813Z
March of the Drowned,XLN,Ixalan,112,normal,common,1,3900,3dfb8ae9-c6ea-4fab-ac9e-b25c62c540c6,0.12,false,false,false,near_mint,en,false,EUR,2026-09-14T12:19:12.813Z
Mardu Devotee,TDM,Tarkir: Dragonstorm,16,normal,common,1,104366,da45e9b0-a4f6-413b-9e62-666c511eb5b0,0.09,false,false,false,near_mint,en,false,EUR,2026-09-14T12:19:12.813Z
Mardu Scout,FRF,Fate Reforged,108,normal,common,1,12018,0e7891b8-ba69-4c5b-a29f-ee7bcf2374f0,0.08,false,false,false,near_mint,en,false,EUR,2026-09-14T12:19:12.813Z
Marshmist Titan,BNG,Born of the Gods,76,normal,common,1,14884,093d2e4c-f2c4-4d4e-a1b7-200327ce23b0,0.08,false,false,false,near_mint,en,false,EUR,2026-09-14T12:19:12.813Z
Martyr of Ashes,CSP,Coldsnap,92,normal,common,1,27149,600a2cd2-166a-4fd8-838d-e513534b7cb0,0.15,false,false,false,near_mint,en,false,EUR,2026-09-14T12:19:12.813Z
Martyr of Sands,UMA,Ultimate Masters,25,normal,common,1,43474,010d4a6b-af72-4d44-a25f-dce8e12da727,0.23,false,false,false,near_mint,en,false,EUR,2026-09-14T12:19:12.813Z
Martyr's Soul,MH1,Modern Horizons,19,normal,common,1,44915,7c17428c-e31d-42f3-8811-6734abd96b0b,0.15,false,false,false,near_mint,en,false,EUR,2026-09-14T12:19:12.813Z
Mask of Law and Grace,UDS,Urza's Destiny,11,normal,common,1,34834,6bd97150-b405-4bb5-b5a8-fceda4a45ebb,2.19,false,false,false,near_mint,en,false,EUR,2026-09-14T12:19:12.813Z
Masked Bandits,SNC,Streets of New Capenna,201,normal,common,1,67588,03757415-6b58-42d3-9452-a862e90647ee,0.05,false,false,false,near_mint,en,false,EUR,2026-09-14T12:19:12.813Z
Masked Meower,MSC,Marvel Super Heroes Commander,807,normal,common,1,113604,2e918a9c-4d06-489e-9a7c-a56f7ded7c0e,0.17,false,false,false,near_mint,en,false,EUR,2026-09-14T12:19:12.813Z
Masked Vandal,KHM,Kaldheim,184,normal,common,1,57144,f0a9c72a-e450-41e3-80e5-06f2f1171245,2.59,false,false,false,near_mint,en,false,EUR,2026-09-14T12:19:12.813Z
Massive Might,VOW,Innistrad: Crimson Vow,208,normal,common,1,64161,3a5cd50b-4825-4d85-b0f9-e2a51d2a7df1,0.08,false,false,false,near_mint,en,false,EUR,2026-09-14T12:19:12.813Z
Masterful Flourish,SOS,Secrets of Strixhaven,89,normal,common,1,112643,8d93d14d-7760-4af2-a237-2df326dd28d3,0.07,false,false,false,near_mint,en,false,EUR,2026-09-14T12:19:12.813Z
Matca Rioters,MM2,Modern Masters 2015,148,normal,common,1,11069,0eac937f-9d61-4da2-8946-187839e13590,0.07,false,false,false,near_mint,en,false,EUR,2026-09-14T12:19:12.813Z
Maul Splicer,NPH,New Phyrexia,114,normal,common,1,19771,2d2c6a6d-5b59-47d7-b290-df3640d9555f,0.15,false,false,false,near_mint,en,false,EUR,2026-09-14T12:19:12.813Z
Maximize Velocity,GRN,Guilds of Ravnica,111,normal,common,1,372,ebb7a2aa-f002-4f05-b9ec-8adee4c65e46,0.12,false,false,false,near_mint,en,false,EUR,2026-09-14T12:19:12.813Z
Maximum Overdrive,DFT,Aetherdrift,96,normal,common,1,103513,5f6e5bb2-cfe9-48e5-86f9-e21f3d328327,0.07,false,false,false,near_mint,en,false,EUR,2026-09-14T12:19:12.813Z
Mayhem Patrol,SNC,Streets of New Capenna,114,normal,common,1,67745,50162cdd-ba30-48df-93ff-197c7f4a2913,0.09,false,false,false,near_mint,en,false,EUR,2026-09-14T12:19:12.813Z
Meat Locker // Drowned Diner,DSK,Duskmourn: House of Horror,65,normal,common,1,99303,b3c773f0-9e65-48de-a362-a9a943198693,0.05,false,false,false,near_mint,en,false,EUR,2026-09-14T12:19:12.813Z
Mechanized Ninja Cavalry,TMT,Teenage Mutant Ninja Turtles,156,normal,common,1,111445,2cb65388-dc6c-4e2a-93ac-49ea484849e9,0.05,false,false,false,near_mint,en,false,EUR,2026-09-14T12:19:12.813Z
Mechanozoa,EOE,Edge of Eternities,66,normal,common,1,106948,0cb8d8ce-329a-4a97-b3d8-796703ebcb37,0.06,false,false,false,near_mint,en,false,EUR,2026-09-14T12:19:12.813Z
Meditation Puzzle,M15,Magic 2015,19,normal,common,1,13833,f31f5c19-9650-4fdc-a316-866eddd29c1a,0.07,false,false,false,near_mint,en,false,EUR,2026-09-14T12:19:12.813Z
Meeting of Minds,MOM,March of the Machine,66,normal,common,1,81355,508b8650-c283-4e54-abdc-32ec2fb1ee34,0.33,false,false,false,near_mint,en,false,EUR,2026-09-14T12:19:12.813Z
Melancholic Poet,SOS,Secrets of Strixhaven,90,normal,common,1,112696,d8309815-7035-47a5-acf2-2b2ac1e65037,0.06,false,false,false,near_mint,en,false,EUR,2026-09-14T12:19:12.813Z
Melded Moxite,EOE,Edge of Eternities,143,normal,common,1,107421,474c067f-eb24-4ae8-b4c0-f6f8e24cdb2a,0.19,false,false,false,near_mint,en,false,EUR,2026-09-14T12:19:12.813Z
Memory Lapse,EMA,Eternal Masters,60,normal,common,1,8615,30202613-d05f-4f47-af97-d0b75ccac293,0.5,false,false,false,near_mint,en,false,EUR,2026-09-14T12:19:12.813Z
Memory Leak,IKO,Ikoria: Lair of Behemoths,95,normal,common,1,49982,3b45a493-a1c2-430e-a45c-abc1ba554877,0.12,false,false,false,near_mint,en,false,EUR,2026-09-14T12:19:12.813Z
Memory Sluice,SHM,Shadowmoor,170,normal,common,1,24696,5fd93980-55f6-43a0-87db-5fa1203aa7b6,0.42,false,false,false,near_mint,en,false,EUR,2026-09-14T12:19:12.813Z
Mental Discipline,UDS,Urza's Destiny,37,normal,common,1,34808,5e9ffd83-b5c9-46b4-bc5a-172ca34ddc79,0.14,false,false,false,near_mint,en,false,EUR,2026-09-14T12:19:12.813Z
Mental Journey,MH2,Modern Horizons 2,51,normal,common,1,59407,0ec38124-46ae-4a38-aab2-8a73cc22b1ef,0.08,false,false,false,near_mint,en,false,EUR,2026-09-14T12:19:12.813Z
Mental Note,JUD,Judgment,46,normal,common,1,31552,1f343724-6ecd-494f-8bfc-93676af4e173,10.05,false,false,false,near_mint,en,false,EUR,2026-09-14T12:19:12.813Z
Mephitic Draught,LCI,The Lost Caverns of Ixalan,112,normal,common,1,88811,adcae196-dbcc-44d5-b700-c57b0b646483,0.13,false,false,false,near_mint,en,false,EUR,2026-09-14T12:19:12.813Z
Mephitic Vapors,RVR,Ravnica Remastered,85,normal,common,1,89594,20770a2a-0138-430b-a45d-96bd2e3e5b6b,0.06,false,false,false,near_mint,en,false,EUR,2026-09-14T12:19:12.813Z
Merchant of the Vale // Haggle,ELD,Throne of Eldraine,131,normal,common,1,46207,0b4399b6-e67f-40d8-8676-f5db7e04a6c9,0.15,false,false,false,near_mint,en,false,EUR,2026-09-14T12:19:12.813Z
Merchant Scroll,8ED,Eighth Edition,91,normal,uncommon,1,30445,bb5385d2-ca5d-4fb9-934b-b7cc8b38ac89,4.24,false,false,false,near_mint,en,false,EUR,2026-09-14T12:19:12.813Z
Merfolk Secretkeeper // Venture Deeper,ELD,Throne of Eldraine,53,normal,common,1,46285,ceb7308d-608c-4ede-9496-d795fc5bb271,0.14,false,false,false,near_mint,en,false,EUR,2026-09-14T12:19:12.813Z
Merfolk Spy,M14,Magic 2014,62,normal,common,1,15989,30c89aa2-3375-4681-ad26-b5d5c7d3d842,0.08,false,false,false,near_mint,en,false,EUR,2026-09-14T12:19:12.813Z
Merfolk Thaumaturgist,PLC,Planar Chaos,56,normal,common,1,26478,efa3d335-f39f-4291-85e0-7430561e953b,0.14,false,false,false,near_mint,en,false,EUR,2026-09-14T12:19:12.813Z
Meria's Outrider,DMU,Dominaria United,138,normal,common,1,71417,48aa964f-99b5-4b6b-b158-42f39514c910,0.08,false,false,false,near_mint,en,false,EUR,2026-09-14T12:19:12.813Z
Merrow Bonegnawer,EVE,Eventide,37,normal,common,1,24514,09e49aa4-ac23-49b1-b9b7-49d45b56b21d,0.17,false,false,false,near_mint,en,false,EUR,2026-09-14T12:19:12.813Z
Merrow Skyswimmer,ECL,Lorwyn Eclipsed,234,normal,common,1,110676,075b419a-fd44-4a9a-8c40-474562b7e11a,0.04,false,false,false,near_mint,en,false,EUR,2026-09-14T12:19:12.813Z
Mesmeric Fiend,A25,Masters 25,97,normal,uncommon,1,2619,864930ce-7c56-4ad2-9b90-57b10e5a0842,2.62,false,false,false,near_mint,en,false,EUR,2026-09-14T12:19:12.813Z
Metal Fatigue,DST,Darksteel,8,normal,common,1,29653,9fa32494-24bc-44c7-81d4-7285bd1fe3c8,0.07,false,false,false,near_mint,en,false,EUR,2026-09-14T12:19:12.813Z
Metallic Rebuke,2XM,Double Masters,59,normal,common,1,52113,34785944-7b51-48a9-855c-3e656cd78251,0.48,false,false,false,near_mint,en,false,EUR,2026-09-14T12:19:12.813Z
Metamorphosis,CHR,Chronicles,66,normal,common,1,39360,fc73bd94-6e14-4798-b9ff-163ba7bdd663,0.37,false,false,false,near_mint,en,false,EUR,2026-09-14T12:19:12.813Z
"Michelangelo, Game Master",TMT,Teenage Mutant Ninja Turtles,118,normal,common,1,111448,2e914c3d-2eed-48bf-af9a-a8998fd5111d,0.06,false,false,false,near_mint,en,false,EUR,2026-09-14T12:19:12.813Z
Midnight Guard,BBD,Battlebond,99,normal,common,1,1894,87c1d85d-b2b8-4c9d-84fa-2566b14cb5ea,0.15,false,false,false,near_mint,en,false,EUR,2026-09-14T12:19:12.813Z
Midnight Tilling,ECL,Lorwyn Eclipsed,182,normal,common,1,110619,c5112bbf-752c-41e7-9c61-4c81e6a77463,0.11,false,false,false,near_mint,en,false,EUR,2026-09-14T12:19:12.813Z
Might of Murasa,ZNR,Zendikar Rising,194,normal,common,1,54528,42914fd9-e56e-4c3e-a445-fdfa45a45178,0.06,false,false,false,near_mint,en,false,EUR,2026-09-14T12:19:12.813Z
Might of Old Krosa,2X2,Double Masters 2022,153,normal,common,1,70591,ed0c7c36-2b15-463b-a023-683972303a0a,0.15,false,false,false,near_mint,en,false,EUR,2026-09-14T12:19:12.813Z
Might of the Masses,2XM,Double Masters,176,normal,common,1,52174,9900f47d-e1ec-411d-92f3-aed8e01ee535,0.11,false,false,false,near_mint,en,false,EUR,2026-09-14T12:19:12.813Z
Might of the Meek,BLB,Bloomburrow,144,normal,common,1,95627,509bf254-8a2b-4dfa-9ae5-386321b35e8b,0.12,false,false,false,near_mint,en,false,EUR,2026-09-14T12:19:12.813Z
Migrating Ketradon,DFT,Aetherdrift,170,normal,common,1,103597,a9ba2219-8184-4141-8708-845cb0957299,0.05,false,false,false,near_mint,en,false,EUR,2026-09-14T12:19:12.813Z
Migratory Greathorn,IKO,Ikoria: Lair of Behemoths,165,normal,common,1,49912,6a2a287b-b83f-444f-84f7-e388beb616c2,0.11,false,false,false,near_mint,en,false,EUR,2026-09-14T12:19:12.813Z
Military Discipline,BRO,The Brothers' War,17,normal,common,1,75640,94778e17-87c4-4765-b2f0-40455069f2c4,0.09,false,false,false,near_mint,en,false,EUR,2026-09-14T12:19:12.813Z
Militia Bugler,2X2,Double Masters 2022,19,normal,common,1,70255,5fe9413b-5702-4998-aed7-d3a1102a8d7e,0.16,false,false,false,near_mint,en,false,EUR,2026-09-14T12:19:12.813Z
Mind Drill Assailant,BLB,Bloomburrow,225,normal,common,1,95783,507ba708-ca9b-453e-b4c2-23b6650eb5a8,0.03,false,false,false,near_mint,en,false,EUR,2026-09-14T12:19:12.813Z
Mind Extraction,APC,Apocalypse,42,normal,common,1,32414,7d77ddcc-e66b-4036-8a55-ec42953918d1,0.08,false,false,false,near_mint,en,false,EUR,2026-09-14T12:19:12.813Z
Mind Knives,POR,Portal,100,normal,common,1,37455,d17e23a6-6313-416d-b826-5df5833371dc,0.25,false,false,false,near_mint,en,false,EUR,2026-09-14T12:19:12.813Z
Mind Rot,M21,Core Set 2021,115,normal,common,1,50879,833a8604-92d5-443b-9bc0-bd91c973ef07,0.06,false,false,false,near_mint,en,false,EUR,2026-09-14T12:19:12.813Z
Mind Sculpt,M15,Magic 2015,70,normal,common,1,13782,037d6277-1fc3-41a4-ade6-7cca10535b0f,0.1,false,false,false,near_mint,en,false,EUR,2026-09-14T12:19:12.813Z
Mindful Biomancer,SOS,Secrets of Strixhaven,154,normal,common,1,112582,2c3a6eb8-ce0c-4dc8-9ed6-d2a9223eef53,0.03,false,false,false,near_mint,en,false,EUR,2026-09-14T12:19:12.813Z
Mindstab,TSR,Time Spiral Remastered,123,normal,common,1,57650,542f97fa-6295-4c87-86a8-7ff2bc8b5e81,0.07,false,false,false,near_mint,en,false,EUR,2026-09-14T12:19:12.813Z
Mine Collapse,MH2,Modern Horizons 2,135,normal,common,1,59563,56e2e8b5-660d-4469-a4fe-2367dfadb709,0.11,false,false,false,near_mint,en,false,EUR,2026-09-14T12:19:12.813Z
Miner's Guidewing,LCI,The Lost Caverns of Ixalan,24,normal,common,1,88690,9048cd9d-df3f-4705-a5f4-e5b09760c631,0.09,false,false,false,near_mint,en,false,EUR,2026-09-14T12:19:12.813Z
Minion Missile,MSC,Marvel Super Heroes Commander,663,normal,common,1,113993,cc8567c6-f409-44d4-a19c-480c6e4abe56,0.19,false,false,false,near_mint,en,false,EUR,2026-09-14T12:19:12.813Z
Mintstrosity,WOE,Wilds of Eldraine,100,normal,common,1,85756,d902f154-6fe8-4b97-aa67-4d4696abf887,0.06,false,false,false,near_mint,en,false,EUR,2026-09-14T12:19:12.813Z
Mire Boa,TSR,Time Spiral Remastered,219,normal,uncommon,1,57631,4ab20019-d4b7-4bbb-b258-c9cc14bf2b3a,0.12,false,false,false,near_mint,en,false,EUR,2026-09-14T12:19:12.813Z
Mire Triton,CMM,Commander Masters,174,normal,common,1,84678,a070b7af-7c85-4129-81ca-e2ec0540085e,0.09,false,false,false,near_mint,en,false,EUR,2026-09-14T12:19:12.813Z
Mire's Grasp,THB,Theros Beyond Death,106,normal,common,1,46956,0ae0c536-612d-4916-a8da-5aaaf14218b1,0.04,false,false,false,near_mint,en,false,EUR,2026-09-14T12:19:12.813Z
Mirkwood Bats,LTR,The Lord of the Rings: Tales of Middle-earth,95,normal,common,1,82881,15f035df-784a-4dc8-b7f5-77139a4e6e99,0.34,false,false,false,near_mint,en,false,EUR,2026-09-14T12:19:12.813Z
Mirkwood Nurturer,HOB,The Hobbit,160,normal,common,1,115061,704b45e4-566e-40f6-a33a-9151018b44e5,0.05,false,false,false,near_mint,en,false,EUR,2026-09-14T12:19:12.813Z
Mirran Banesplitter,MOM,March of the Machine,154,normal,common,1,82040,ee4d00b8-1373-47b2-9be5-2199e0b12540,0.11,false,false,false,near_mint,en,false,EUR,2026-09-14T12:19:12.813Z
Mirran Spy,MBS,Mirrodin Besieged,26,normal,common,1,20115,50e576ad-3e03-424c-8857-88ec8898a92e,0.25,false,false,false,near_mint,en,false,EUR,2026-09-14T12:19:12.813Z
Mirrodin Avenged,MOM,March of the Machine,118,normal,common,1,81116,750b2090-7fd4-4048-a148-9a5fc7b6f265,0.14,false,false,false,near_mint,en,false,EUR,2026-09-14T12:19:12.813Z
Mirrorshell Crab,NEO,Kamigawa: Neon Dynasty,63,normal,common,1,66630,0394c8df-2e8a-4477-93b7-569934d7b936,0.16,false,false,false,near_mint,en,false,EUR,2026-09-14T12:19:12.813Z
Miscalculation,ULG,Urza's Legacy,36,normal,common,1,35484,4b4956a2-9a39-4152-9c98-70e4b2acfa26,0.77,false,false,false,near_mint,en,false,EUR,2026-09-14T12:19:12.813Z
Mischievous Sneakling,ECL,Lorwyn Eclipsed,235,normal,common,1,110726,3b66fa00-2fa6-4060-9e7f-8e3fde6deb73,0.06,false,false,false,near_mint,en,false,EUR,2026-09-14T12:19:12.813Z
Misery Charm,ONS,Onslaught,158,normal,common,1,31145,2be66eaf-222b-4c40-a9fa-aad56b9218e0,0.13,false,false,false,near_mint,en,false,EUR,2026-09-14T12:19:12.813Z
Mist-Cloaked Herald,M19,Core Set 2019,310,normal,common,1,1002,574f73a7-9ff7-4ce3-9f56-002af968d35a,1.1,false,false,false,near_mint,en,false,EUR,2026-09-14T12:19:12.813Z
Mistblade Shinobi,PCA,Planechase Anthology,20,normal,common,1,6728,f333193b-a95a-43dc-b50a-58412a33c8b6,2.08,false,false,false,near_mint,en,false,EUR,2026-09-14T12:19:12.813Z
Mistvault Bridge,MH2,Modern Horizons 2,249,normal,common,1,59709,9f36a6e2-3e51-4a30-a225-10cfe6650b9d,0.47,false,false,false,near_mint,en,false,EUR,2026-09-14T12:19:12.813Z
Mistvein Borderpost,ARC,Archenemy,90,normal,common,1,21454,5d0588a8-6039-42d6-98ee-8fea16f63e88,0.45,false,false,false,near_mint,en,false,EUR,2026-09-14T12:19:12.813Z
Mistwalker,KHM,Kaldheim,68,normal,common,1,56984,92f64b49-327c-473b-a492-f020a322aed7,0.03,false,false,false,near_mint,en,false,EUR,2026-09-14T12:19:12.813Z
Mizzium Skin,RTR,Return to Ravnica,45,normal,common,1,17377,d9859344-4efc-4b87-a3fb-147e496cee68,0.23,false,false,false,near_mint,en,false,EUR,2026-09-14T12:19:12.813Z
Mnemonic Wall,IMA,Iconic Masters,67,normal,common,1,3558,a3e6784b-78e8-4f0b-8d27-d49c7cea9252,0.11,false,false,false,near_mint,en,false,EUR,2026-09-14T12:19:12.813Z
Mob,MH1,Modern Horizons,97,normal,common,1,44837,3c216e13-3779-4734-b481-9aad7aba9925,0.1,false,false,false,near_mint,en,false,EUR,2026-09-14T12:19:12.813Z
Mob Justice,STH,Stronghold,90,normal,common,1,36555,b790d789-bb21-4119-a0e3-43af9bef8acc,0.49,false,false,false,near_mint,en,false,EUR,2026-09-14T12:19:12.813Z
Mob Lookout,MSC,Marvel Super Heroes Commander,821,normal,common,1,113637,3a9d6068-dd7b-4cbe-a9d6-5f716d8d1917,0.14,false,false,false,near_mint,en,false,EUR,2026-09-14T12:19:12.813Z
Mogg Conscripts,TMP,Tempest,189,normal,common,1,36810,73719325-b091-4464-b0b0-77dfbb19562a,0.21,false,false,false,near_mint,en,false,EUR,2026-09-14T12:19:12.813Z
Mogg Fanatic,EMA,Eternal Masters,138,normal,common,1,8537,d479ca28-bdc2-4b87-abf7-5aeb229a3f1e,0.29,false,false,false,near_mint,en,false,EUR,2026-09-14T12:19:12.813Z
Mogg Flunkies,A25,Masters 25,143,normal,common,1,2573,5507a123-cf1a-42e1-a8fa-221960c48c16,0.06,false,false,false,near_mint,en,false,EUR,2026-09-14T12:19:12.813Z
Mogg Raider,ATH,Anthologies,46,normal,common,1,35572,6ab0b7fe-cb6c-49e1-b8f4-e81c31a16ae2,0.73,false,false,false,near_mint,en,false,EUR,2026-09-14T12:19:12.813Z
Mogg War Marshal,DMR,Dominaria Remastered,131,normal,common,1,78071,a7f7f39c-94a0-4ccb-b658-23095ada4005,0.13,false,false,false,near_mint,en,false,EUR,2026-09-14T12:19:12.813Z
Mogis's Favor,THB,Theros Beyond Death,107,normal,common,1,46955,de6bf7fb-11ca-4878-8072-cebaa763a549,0.05,false,false,false,near_mint,en,false,EUR,2026-09-14T12:19:12.813Z
Mold Shambler,DDM,Duel Decks: Jace vs. Vraska,60,normal,common,1,14690,9b14ea9c-5bad-499d-8c3d-da72b748769b,0.17,false,false,false,near_mint,en,false,EUR,2026-09-14T12:19:12.813Z
Moldervine Cloak,RVR,Ravnica Remastered,150,normal,uncommon,1,89597,2250c307-f9b3-4e4e-9e34-84ede712ec99,0.08,false,false,false,near_mint,en,false,EUR,2026-09-14T12:19:12.813Z
Moldgraf Millipede,INR,Innistrad Remastered,208,normal,common,1,102499,3a163ec7-4c9a-4d45-965c-e5ddeb07a3e0,0.07,false,false,false,near_mint,en,false,EUR,2026-09-14T12:19:12.813Z
Molten Blast,ZNR,Zendikar Rising,149,normal,common,1,54722,bb1beef2-788b-469b-883b-cf1cca04eeff,0.03,false,false,false,near_mint,en,false,EUR,2026-09-14T12:19:12.813Z
Molten Exhale,TDM,Tarkir: Dragonstorm,113,normal,common,1,104440,0ab95aab-a4bf-4131-83a0-2c138b6f20c3,0.08,false,false,false,near_mint,en,false,EUR,2026-09-14T12:19:12.813Z
Molten Gatekeeper,MH3,Modern Horizons 3,128,normal,common,1,94877,9f5ba065-2806-4e99-a330-168cfe76250f,0.2,false,false,false,near_mint,en,false,EUR,2026-09-14T12:19:12.813Z
Molten Rain,MM3,Modern Masters 2017,103,normal,uncommon,1,6110,ecdd414b-3d9d-4347-acce-289209d09fc4,0.44,false,false,false,near_mint,en,false,EUR,2026-09-14T12:19:12.813Z
Molten Tributary,SOC,Secrets of Strixhaven Commander,387,normal,common,1,112049,9c6d0f64-b8e1-41bc-ab86-bd6783daf72a,0.19,false,false,false,near_mint,en,false,EUR,2026-09-14T12:19:12.813Z
Moment of Craving,FDN,Foundations,524,normal,common,1,97174,3627f9fb-b828-49cd-887d-e2ab3ef43dfb,0.15,false,false,false,near_mint,en,false,EUR,2026-09-14T12:19:12.813Z
Moment of Silence,MMQ,Mercadian Masques,28,normal,common,1,34382,3f50b5f5-8dac-4785-b1af-a0bd64ce7a92,0.22,false,false,false,near_mint,en,false,EUR,2026-09-14T12:19:12.813Z
Moment's Peace,ODY,Odyssey,251,normal,common,1,31926,40ebe935-ccf9-435e-8fe8-53bcbf3526e7,3.87,false,false,false,near_mint,en,false,EUR,2026-09-14T12:19:12.813Z
Momentary Blink,DMR,Dominaria Remastered,15,normal,common,1,77939,619c620d-1920-40d1-98d4-df5607f84d26,0.11,false,false,false,near_mint,en,false,EUR,2026-09-14T12:19:12.813Z
Monk Idealist,EMA,Eternal Masters,21,normal,common,1,8654,31c729e2-4e55-4a14-a288-9c3473e58b88,0.1,false,false,false,near_mint,en,false,EUR,2026-09-14T12:19:12.813Z
Monstrous Carabid,ARB,Alara Reborn,43,normal,common,1,23465,b09e668d-02ca-4164-88ee-c7ea6c665975,0.39,false,false,false,near_mint,en,false,EUR,2026-09-14T12:19:12.813Z
Monstrous Emergence,DSK,Duskmourn: House of Horror,191,normal,common,1,99316,b999eb47-b842-47f1-be91-c79fc46e1896,0.14,false,false,false,near_mint,en,false,EUR,2026-09-14T12:19:12.813Z
Moon-Circuit Hacker,NEO,Kamigawa: Neon Dynasty,67,normal,common,1,66600,c6e466d1-943d-41e6-a47d-c9d951ca4262,0.32,false,false,false,near_mint,en,false,EUR,2026-09-14T12:19:12.813Z
Moonblade Shinobi,MH1,Modern Horizons,59,normal,common,1,44875,f4ab7f30-ca75-4656-9738-1d965f18a22d,0.22,false,false,false,near_mint,en,false,EUR,2026-09-14T12:19:12.813Z
Moonglove Extractor,ECL,Lorwyn Eclipsed,109,normal,common,1,110369,8383e0ab-81b4-4a6b-b87b-dd9180dca1c2,0.04,false,false,false,near_mint,en,false,EUR,2026-09-14T12:19:12.813Z
Moonsnare Prototype,NEO,Kamigawa: Neon Dynasty,69,normal,common,1,66423,9d8bc0e9-a536-4bca-92a6-8dca85e1e984,0.19,false,false,false,near_mint,en,false,EUR,2026-09-14T12:19:12.813Z
Moonsnare Specialist,NEO,Kamigawa: Neon Dynasty,70,normal,common,1,66655,1e8b209f-f577-45cc-9d18-03c1d67d391e,0.05,false,false,false,near_mint,en,false,EUR,2026-09-14T12:19:12.813Z
Morsel Theft,MOR,Morningtide,68,normal,common,1,24957,cac48152-81c0-4cdc-8e3c-bfbe7b068b28,0.15,false,false,false,near_mint,en,false,EUR,2026-09-14T12:19:12.813Z
Mortician Beetle,MM3,Modern Masters 2017,78,normal,common,1,6135,978f2a31-1c89-43cb-92f2-195026c9311a,3.55,false,false,false,near_mint,en,false,EUR,2026-09-14T12:19:12.813Z
Mortuary Mire,CLB,Commander Legends: Battle for Baldur's Gate,900,normal,common,1,69407,058f30e5-64a9-4d6b-b7a6-0fd95d460cae,0.26,false,false,false,near_mint,en,false,EUR,2026-09-14T12:19:12.813Z
Mothdust Changeling,MMA,Modern Masters,53,normal,common,1,16256,18acffb1-c1e8-4729-a350-64823b2f9d29,1.08,false,false,false,near_mint,en,false,EUR,2026-09-14T12:19:12.813Z
Mountain,SOS,Secrets of Strixhaven,278,normal,common,1,112062,a642c7b1-d4d1-4125-a66d-560438e5ee51,0.12,false,false,false,near_mint,en,false,EUR,2026-09-14T12:19:12.813Z
Mourning Thrull,RVR,Ravnica Remastered,204,normal,common,1,89557,0e8be7f3-9d4f-4928-8e26-2856b2881697,0.08,false,false,false,near_mint,en,false,EUR,2026-09-14T12:19:12.813Z
Mournwhelk,LRW,Lorwyn,127,normal,common,1,25315,3a62a282-5f94-444b-9095-4c36fabdad57,0.12,false,false,false,near_mint,en,false,EUR,2026-09-14T12:19:12.813Z
Mouser Foundry,TMT,Teenage Mutant Ninja Turtles,96,normal,common,1,111490,8aae3bd6-a935-44a5-aa4d-a525b00cbf50,0.07,false,false,false,near_mint,en,false,EUR,2026-09-14T12:19:12.813Z
Mudbrawler Cohort,SHM,Shadowmoor,100,normal,common,1,24766,8fcb1f26-9a2a-40bd-b291-4ef8ce375cdf,0.22,false,false,false,near_mint,en,false,EUR,2026-09-14T12:19:12.813Z
Muddle the Mixture,RVR,Ravnica Remastered,50,normal,uncommon,1,89961,e69d760c-48fb-4e7f-8611-547b0c22928c,1.46,false,false,false,near_mint,en,false,EUR,2026-09-14T12:19:12.813Z
Mukotai Ambusher,NEO,Kamigawa: Neon Dynasty,112,normal,common,1,66639,0adf3293-c1e0-447c-8231-26fa9476a262,0.18,false,false,false,near_mint,en,false,EUR,2026-09-14T12:19:12.813Z
Mulldrifter,ECC,Lorwyn Eclipsed Commander,67,normal,uncommon,1,110484,3de308cc-14ac-407e-99e7-568572ecd0e7,0.36,false,false,false,near_mint,en,false,EUR,2026-09-14T12:19:12.813Z
Murasa Behemoth,MH1,Modern Horizons,172,normal,common,1,44762,480ddde1-81d3-4939-b232-cb1ced6cfc4d,0.04,false,false,false,near_mint,en,false,EUR,2026-09-14T12:19:12.813Z
Murderous Compulsion,INR,Innistrad Remastered,126,normal,common,1,102563,5fca1faf-bd47-45cd-a2d9-b2efbc75cbb5,0.07,false,false,false,near_mint,en,false,EUR,2026-09-14T12:19:12.813Z
Murky Sewer,DSK,Duskmourn: House of Horror,263,normal,common,1,98632,6098d8be-4e3f-455d-8799-91435bf45a1c,0.12,false,false,false,near_mint,en,false,EUR,2026-09-14T12:19:12.813Z
Murmuring Mystic,OTC,Outlaws of Thunder Junction Commander,102,normal,common,1,93770,9e68dcc2-bba4-4efa-97bb-3ed892037595,0.74,false,false,false,near_mint,en,false,EUR,2026-09-14T12:19:12.813Z
Muscle Sliver,TMP,Tempest,238,normal,common,1,36761,602a1e1f-4195-48c0-8290-562e7e0db6d8,1.01,false,false,false,near_mint,en,false,EUR,2026-09-14T12:19:12.813Z
Mushroom Watchdogs,LTR,The Lord of the Rings: Tales of Middle-earth,180,normal,common,1,83526,d15fd66d-fa7e-411d-9014-a56caa879d93,0.06,false,false,false,near_mint,en,false,EUR,2026-09-14T12:19:12.813Z
Mutagenic Growth,MM2,Modern Masters 2015,149,normal,uncommon,1,11068,2e0861a2-1858-47af-8154-20a977c2b298,2.71,false,false,false,near_mint,en,false,EUR,2026-09-14T12:19:12.813Z
Mutant Town,TMT,Teenage Mutant Ninja Turtles,187,normal,common,1,111601,c6eac43d-08b6-45a4-803b-10a321a241d7,0.07,false,false,false,near_mint,en,false,EUR,2026-09-14T12:19:12.813Z
Mutant Town Musicians,TMT,Teenage Mutant Ninja Turtles,97,normal,common,1,111446,2dbe9207-06e8-4837-8227-0f960490771b,0.04,false,false,false,near_mint,en,false,EUR,2026-09-14T12:19:12.813Z
Mwonvuli Acid-Moss,TSP,Time Spiral,207,normal,common,1,26693,6841dbf6-5023-4612-bbd7-182fd35b05c8,1.12,false,false,false,near_mint,en,false,EUR,2026-09-14T12:19:12.813Z
Myconid Spore Tender,CLB,Commander Legends: Battle for Baldur's Gate,243,normal,common,1,69092,70408d70-1e4b-41f0-80b1-0d37b3a3918c,0.07,false,false,false,near_mint,en,false,EUR,2026-09-14T12:19:12.813Z
Mycosynth Wellspring,C21,Commander 2021,252,normal,common,1,58683,c11c16ff-1786-4426-86b0-d7beb7a71798,0.2,false,false,false,near_mint,en,false,EUR,2026-09-14T12:19:12.813Z
Myr Enforcer,MM2,Modern Masters 2015,224,normal,common,1,10993,dff51ae7-4b68-4770-915b-fb6bcf9ca1ed,1.1,false,false,false,near_mint,en,false,EUR,2026-09-14T12:19:12.813Z
Myr Kinsmith,ONE,Phyrexia: All Will Be One,236,normal,common,1,78578,6046e50a-f4c9-4029-a589-62a19371b734,0.15,false,false,false,near_mint,en,false,EUR,2026-09-14T12:19:12.813Z
Myr Retriever,2XM,Double Masters,277,normal,common,1,51931,7f0149d4-0731-474a-a1c3-28c25e486c14,1.33,false,false,false,near_mint,en,false,EUR,2026-09-14T12:19:12.813Z
Myr Scrapling,MH2,Modern Horizons 2,230,normal,common,1,59576,5b9072a5-bd7f-4007-a34a-ebe251c95356,0.11,false,false,false,near_mint,en,false,EUR,2026-09-14T12:19:12.813Z
Myr Servitor,UMA,Ultimate Masters,230,normal,common,1,43295,d53712a0-e11d-4b83-aebc-8e97244f085b,0.14,false,false,false,near_mint,en,false,EUR,2026-09-14T12:19:12.813Z
Myrkul's Edict,CLB,Commander Legends: Battle for Baldur's Gate,135,normal,common,1,69219,adc7c427-aa31-4077-8397-74a9a3802ee7,0.15,false,false,false,near_mint,en,false,EUR,2026-09-14T12:19:12.813Z
Mysidian Elder,FIN,Final Fantasy,145,normal,common,1,106566,6bc39af4-be19-4889-b930-df7ebf7b9481,0.12,false,false,false,near_mint,en,false,EUR,2026-09-14T12:19:12.813Z
Mystic Remora,DMR,Dominaria Remastered,59,normal,rare,1,77876,40140991-cffa-4b52-9a25-37e9a8aa9ddd,11.71,false,false,false,near_mint,en,false,EUR,2026-09-14T12:19:12.813Z
Mystical Teachings,FDN,Foundations,594,normal,uncommon,1,100407,3f88eacf-5c7b-4a35-86f0-af3b0516d4c2,0.17,false,false,false,near_mint,en,false,EUR,2026-09-14T12:19:12.813Z
Nadier's Nightblade,BLC,Bloomburrow Commander,184,normal,uncommon,1,96432,b533e358-3b30-4719-a2a3-13fb9ea817c6,0.22,false,false,false,near_mint,en,false,EUR,2026-09-14T12:19:12.813Z
Nameless Inversion,ECL,Lorwyn Eclipsed,113,normal,uncommon,1,110772,7a4944ac-839e-4aa1-8200-78cff36bb2ed,0.1,false,false,false,near_mint,en,false,EUR,2026-09-14T12:19:12.813Z
Nasty End,LTR,The Lord of the Rings: Tales of Middle-earth,99,normal,common,1,83477,c34f88d7-15a1-434f-88d7-3d4fcf406d54,0.08,false,false,false,near_mint,en,false,EUR,2026-09-14T12:19:12.813Z
Natural Obsolescence,AER,Aether Revolt,118,normal,common,1,6296,ff693e03-4cc6-4903-8fc4-388d23c2f92f,0.1,false,false,false,near_mint,en,false,EUR,2026-09-14T12:19:12.813Z
Natural Reclamation,CLB,Commander Legends: Battle for Baldur's Gate,829,normal,common,1,69560,70c4fc42-e5c6-438b-a4b7-1f77e818597f,0.16,false,false,false,near_mint,en,false,EUR,2026-09-14T12:19:12.813Z
Natural State,OGW,Oath of the Gatewatch,136,normal,common,1,9246,fdd4bdd5-1673-4f22-b593-41df8ce95a97,0.14,false,false,false,near_mint,en,false,EUR,2026-09-14T12:19:12.813Z
Naturalize,M19,Core Set 2019,190,normal,common,1,1122,390c40ba-2464-44ae-8d67-93c72ab3c425,0.07,false,false,false,near_mint,en,false,EUR,2026-09-14T12:19:12.813Z
Nature's Chant,MH1,Modern Horizons,210,normal,common,1,44724,9a17cbf6-3f38-4bc6-8448-881e19cffe06,0.13,false,false,false,near_mint,en,false,EUR,2026-09-14T12:19:12.813Z
Nature's Claim,IMA,Iconic Masters,177,normal,common,1,3448,d24b6640-ef2f-4c92-beb3-afdf78f9c2d5,0.69,false,false,false,near_mint,en,false,EUR,2026-09-14T12:19:12.813Z
Nature's Lore,SOC,Secrets of Strixhaven Commander,278,normal,uncommon,1,111991,7caedde3-8a02-4384-b8f5-5529b0ed27a5,2.95,false,false,false,near_mint,en,false,EUR,2026-09-14T12:19:12.813Z
Nausea,EMA,Eternal Masters,97,normal,common,1,8578,2569173f-df5e-4518-9fb3-f972210595df,0.12,false,false,false,near_mint,en,false,EUR,2026-09-14T12:19:12.813Z
Navigation Orb,CLB,Commander Legends: Battle for Baldur's Gate,329,normal,common,1,69317,d512a77e-2435-4695-9408-df8e17dd1fbd,0.23,false,false,false,near_mint,en,false,EUR,2026-09-14T12:19:12.813Z
Navigator's Compass,DOM,Dominaria,225,normal,common,1,2051,6a283135-7a51-4cf7-82a6-7e50894e64a5,0.22,false,false,false,near_mint,en,false,EUR,2026-09-14T12:19:12.813Z
Naya Hushblade,ARB,Alara Reborn,141,normal,common,1,23367,5eed1b7f-0672-4066-9e21-c5252f6dc482,0.29,false,false,false,near_mint,en,false,EUR,2026-09-14T12:19:12.813Z
Naya Sojourners,ARB,Alara Reborn,122,normal,common,1,23386,7e2de336-8c61-45b1-affd-6322530b91ca,0.04,false,false,false,near_mint,en,false,EUR,2026-09-14T12:19:12.813Z
Nebula Dragon,EOE,Edge of Eternities,147,normal,common,1,107692,0ee509dd-9fba-4b6d-a9d4-cc8bf5822ddd,0.04,false,false,false,near_mint,en,false,EUR,2026-09-14T12:19:12.813Z
Needle Drop,LRW,Lorwyn,186,normal,common,1,25256,d3f89bcf-46f8-4598-a949-7f10134606aa,0.71,false,false,false,near_mint,en,false,EUR,2026-09-14T12:19:12.813Z
Needlethorn Drake,STX,Strixhaven: School of Mages,208,normal,common,1,58238,9c0cf2c4-723e-46c4-b2aa-4c957177209a,0.08,false,false,false,near_mint,en,false,EUR,2026-09-14T12:19:12.813Z
Negate,MOM,March of the Machine,68,normal,common,1,81138,81752db1-374e-4723-b695-a2f4a634dfc6,0.18,false,false,false,near_mint,en,false,EUR,2026-09-14T12:19:12.813Z
Neglected Manor,DSK,Duskmourn: House of Horror,264,normal,common,1,98608,11cf1531-8a3c-4e28-a114-d3a342b33bb6,0.12,false,false,false,near_mint,en,false,EUR,2026-09-14T12:19:12.813Z
Neonate's Rush,INR,Innistrad Remastered,166,normal,common,1,102451,1d623e71-05bd-46d6-b831-2c8dcff7ab45,0.05,false,false,false,near_mint,en,false,EUR,2026-09-14T12:19:12.813Z
Nest Invader,PCA,Planechase Anthology,69,normal,common,1,6630,3085f5b1-d2e3-4dd4-8263-024b2b5da4b4,0.38,false,false,false,near_mint,en,false,EUR,2026-09-14T12:19:12.813Z
Nested Shambler,BLC,Bloomburrow Commander,185,normal,common,1,96199,202011d5-755e-497b-b4a7-f2b6e6a0b464,0.22,false,false,false,near_mint,en,false,EUR,2026-09-14T12:19:12.813Z
Nettle Sentinel,A25,Masters 25,182,normal,common,1,2534,3f290ed2-d1a8-4a90-a3a7-8240652dc109,0.38,false,false,false,near_mint,en,false,EUR,2026-09-14T12:19:12.813Z
Network Disruptor,NEO,Kamigawa: Neon Dynasty,71,normal,common,1,66542,5a37719a-2a87-4870-8f25-12544ca2f2cf,0.1,false,false,false,near_mint,en,false,EUR,2026-09-14T12:19:12.813Z
Network Terminal,NEO,Kamigawa: Neon Dynasty,251,normal,common,1,66917,d61e596f-97ef-4eb3-af42-ddfe50d07667,0.08,false,false,false,near_mint,en,false,EUR,2026-09-14T12:19:12.813Z
Nezumi Informant,MOM,March of the Machine,120,normal,common,1,81461,e36fbff8-471e-4cf8-8946-e1e5cdf598af,0.21,false,false,false,near_mint,en,false,EUR,2026-09-14T12:19:12.813Z
Nezumi Linkbreaker,OTJ,Outlaws of Thunder Junction,96,normal,common,1,93207,6dd0095b-6136-4368-94cb-4c82621aaf37,0.14,false,false,false,near_mint,en,false,EUR,2026-09-14T12:19:12.813Z
Night Market,DFT,Aetherdrift,258,normal,common,1,103214,a8c1dce3-6136-4294-9d2b-5ef8527d733b,0.09,false,false,false,near_mint,en,false,EUR,2026-09-14T12:19:12.813Z
Night Market Lookout,KLD,Kaladesh,95,normal,common,1,7548,4edb03b7-e5a2-4ba1-b0ec-bfbfeaa94efd,0.1,false,false,false,near_mint,en,false,EUR,2026-09-14T12:19:12.813Z
Night Soil,C13,Commander 2013,158,normal,common,1,15228,52a0eca1-f936-4f5a-820b-fa12542c593d,0.69,false,false,false,near_mint,en,false,EUR,2026-09-14T12:19:12.813Z
Night's Whisper,SOC,Secrets of Strixhaven Commander,221,normal,common,1,112135,d12fefdf-d13f-4638-ac8d-112fa7c6f970,0.45,false,false,false,near_mint,en,false,EUR,2026-09-14T12:19:12.813Z
Nightscape Familiar,DMR,Dominaria Remastered,94,normal,common,1,77896,4cf1918f-ad58-4f62-bd8c-649919de0e75,0.37,false,false,false,near_mint,en,false,EUR,2026-09-14T12:19:12.813Z
Nightshade Dryad,MH3,Modern Horizons 3,163,normal,common,1,94864,71f9252d-241f-45ea-9d80-663150963b59,0.12,false,false,false,near_mint,en,false,EUR,2026-09-14T12:19:12.813Z
Nightshade Peddler,AVR,Avacyn Restored,187,normal,common,1,18091,4d3de66c-2283-458f-9d0d-943027520aa2,0.11,false,false,false,near_mint,en,false,EUR,2026-09-14T12:19:12.813Z
Nightshade Stinger,LRW,Lorwyn,132,normal,common,1,25310,aa341824-bf3a-49ce-a8a0-ee53f537d626,0.11,false,false,false,near_mint,en,false,EUR,2026-09-14T12:19:12.813Z
Nightsky Mimic,EVE,Eventide,91,normal,common,1,24460,70dbda67-3bc4-4c8a-8357-250d84d0d1d8,0.13,false,false,false,near_mint,en,false,EUR,2026-09-14T12:19:12.813Z
Nightwind Glider,MMQ,Mercadian Masques,31,normal,common,1,34379,0968401d-522f-4def-92a1-d504471ac54e,0.19,false,false,false,near_mint,en,false,EUR,2026-09-14T12:19:12.813Z
Nihil Spellbomb,A25,Masters 25,226,normal,common,1,2490,e5892a23-efae-4731-9b8f-41c87960fe93,4.87,false,false,false,near_mint,en,false,EUR,2026-09-14T12:19:12.813Z
Nimble Mongoose,MH1,Modern Horizons,174,normal,common,1,44760,8a6374ad-71be-422e-bd76-4f08fbf43048,0.09,false,false,false,near_mint,en,false,EUR,2026-09-14T12:19:12.813Z
Nimblewright Schematic,CLB,Commander Legends: Battle for Baldur's Gate,330,normal,common,1,68953,34282856-c0f1-4845-bfc8-537466c6a5bb,0.16,false,false,false,near_mint,en,false,EUR,2026-09-14T12:19:12.813Z
Nimbus Wings,ZEN,Zendikar,28,normal,common,1,22596,5dae4042-8806-437c-8fc1-2d6996ff38c6,0.15,false,false,false,near_mint,en,false,EUR,2026-09-14T12:19:12.813Z
Ninja of the Deep Hours,C18,Commander 2018,95,normal,common,1,748,5fea7980-55e1-47c1-ab18-a89c976b55fc,1.95,false,false,false,near_mint,en,false,EUR,2026-09-14T12:19:12.813Z
Nip Gwyllion,EVE,Eventide,92,normal,common,1,24459,019ad92d-8803-4569-98c8-4a7416799cfc,0.14,false,false,false,near_mint,en,false,EUR,2026-09-14T12:19:12.813Z
Nissa's Chosen,DDR,Duel Decks: Nissa vs. Ob Nixilis,14,normal,common,1,7849,8f370eff-3980-4c19-808b-c1099279ef20,0.19,false,false,false,near_mint,en,false,EUR,2026-09-14T12:19:12.813Z
Nivix Cyclops,DDS,Duel Decks: Mind vs. Might,24,normal,common,1,5919,f6abe6ca-9345-41bc-9acd-b17ac887cb9d,0.19,false,false,false,near_mint,en,false,EUR,2026-09-14T12:19:12.813Z
Nomadic Elf,DDE,Duel Decks: Phyrexia vs. the Coalition,38,normal,common,1,22003,fc4a26f7-36df-4018-8dab-a1294c36b0f0,0.1,false,false,false,near_mint,en,false,EUR,2026-09-14T12:19:12.813Z
Nomads en-Kor,STH,Stronghold,9,normal,common,1,36636,b3a03c68-0ebe-488a-8e6c-7cbf7a448416,0.68,false,false,false,near_mint,en,false,EUR,2026-09-14T12:19:12.813Z
North Pole Gates,TLA,Avatar: The Last Airbender,274,normal,common,1,109528,bcf7b9da-d35d-4338-b4d9-83e47dc058ee,0.09,false,false,false,near_mint,en,false,EUR,2026-09-14T12:19:12.813Z
Not Dead After All,WOE,Wilds of Eldraine,101,normal,common,1,85736,d01a2b68-efe6-4027-846d-db7b19d9eef6,1.36,false,false,false,near_mint,en,false,EUR,2026-09-14T12:19:12.813Z
Novice Inspector,MKM,Murders at Karlov Manor,29,normal,common,1,90643,0ad38866-fc5f-4f62-89c1-afc0f50765aa,0.29,false,false,false,near_mint,en,false,EUR,2026-09-14T12:19:12.813Z
"Now for Wrath, Now for Ruin!",LTR,The Lord of the Rings: Tales of Middle-earth,24,normal,common,1,83475,c2e2c80d-7581-46ba-8237-7886b91c19b3,0.05,false,false,false,near_mint,en,false,EUR,2026-09-14T12:19:12.813Z
Noxious Newt,SOS,Secrets of Strixhaven,155,normal,common,1,112593,3a028306-c5d7-4f8f-b6f4-0d103fd47000,0.1,false,false,false,near_mint,en,false,EUR,2026-09-14T12:19:12.813Z
Nullify,BNG,Born of the Gods,45,normal,common,1,14915,a940d859-3fb1-4946-8277-b7c503605b1e,0.09,false,false,false,near_mint,en,false,EUR,2026-09-14T12:19:12.813Z
Nutrient Block,EOE,Edge of Eternities,243,normal,common,1,107114,a26064bb-c568-4ed6-86db-3aab69b050db,0.21,false,false,false,near_mint,en,false,EUR,2026-09-14T12:19:12.813Z
Nylea's Disciple,THS,Theros,167,normal,common,1,15497,365d716a-1435-48ac-b85f-2cceca1056dd,0.22,false,false,false,near_mint,en,false,EUR,2026-09-14T12:19:12.813Z
Nylea's Forerunner,THB,Theros Beyond Death,186,normal,common,1,46876,2cf2b6be-80a8-4464-a909-8cc658196a14,0.1,false,false,false,near_mint,en,false,EUR,2026-09-14T12:19:12.813Z
Nylea's Huntmaster,THB,Theros Beyond Death,187,normal,common,1,46875,2a4fe89a-0d2b-493f-883e-a1e0b0918340,0.06,false,false,false,near_mint,en,false,EUR,2026-09-14T12:19:12.813Z
Nyxborn Eidolon,BNG,Born of the Gods,78,normal,common,1,14882,76f79804-cd90-472b-9d09-3c71e4c6be22,0.05,false,false,false,near_mint,en,false,EUR,2026-09-14T12:19:12.813Z
Nyxborn Hydra,MH3,Modern Horizons 3,164,normal,common,1,94538,902a969e-9f22-4e92-93eb-9d4536ca82e5,0.37,false,false,false,near_mint,en,false,EUR,2026-09-14T12:19:12.813Z
Oblivion Crown,FUT,Future Sight,73,normal,common,1,26264,0cd5486b-c6f4-4cfc-9590-8ffc78b48b0a,0.26,false,false,false,near_mint,en,false,EUR,2026-09-14T12:19:12.813Z
Oblivion Ring,MM2,Modern Masters 2015,29,normal,uncommon,1,11188,bff31eba-8ab3-403e-8d82-37a18b279bec,0.21,false,false,false,near_mint,en,false,EUR,2026-09-14T12:19:12.813Z
Obscura Storefront,DSC,Duskmourn: House of Horror Commander,291,normal,common,1,99363,d8eaf8d2-8029-49d9-a94b-a72dc31fc81f,0.39,false,false,false,near_mint,en,false,EUR,2026-09-14T12:19:12.813Z
Obsessive Search,DMR,Dominaria Remastered,61,normal,common,1,77809,1d97436e-329a-49a4-a7c9-671ec9ba90cc,0.11,false,false,false,near_mint,en,false,EUR,2026-09-14T12:19:12.813Z
Obsidian Acolyte,INV,Invasion,22,normal,common,1,33311,868efcee-bb13-4b6f-b81b-99408685e4c4,0.67,false,false,false,near_mint,en,false,EUR,2026-09-14T12:19:12.813Z
Octopus Form,TLA,Avatar: The Last Airbender,66,normal,common,1,109543,ce96a826-53a0-4029-bf34-46779d133b13,0.12,false,false,false,near_mint,en,false,EUR,2026-09-14T12:19:12.813Z
Of One Mind,IKO,Ikoria: Lair of Behemoths,60,normal,common,1,50017,c95fb136-f21d-4f3a-82b7-bcf490b7e90c,0.71,false,false,false,near_mint,en,false,EUR,2026-09-14T12:19:12.813Z
Okiba Reckoner Raid // Nezumi Road Captain,NEO,Kamigawa: Neon Dynasty,117,normal,common,1,66534,4f0582b4-d951-4450-b158-4a34109e48cd,0.11,false,false,false,near_mint,en,false,EUR,2026-09-14T12:19:12.813Z
Okiba-Gang Shinobi,PCA,Planechase Anthology,35,normal,common,1,6698,402bbbd8-b490-4a5c-9083-f0103c8712cb,1.21,false,false,false,near_mint,en,false,EUR,2026-09-14T12:19:12.813Z
Old Thrush,HOB,The Hobbit,2,normal,common,1,115162,3ad02b56-13ec-46ef-92bd-ae078b8bb517,0.06,false,false,false,near_mint,en,false,EUR,2026-09-14T12:19:12.813Z
Oliphaunt,HOC,The Hobbit Eternal,199,normal,common,1,115148,28b60f0b-6dd5-4e57-98ff-28effe8fcd55,0.93,false,false,false,near_mint,en,false,EUR,2026-09-14T12:19:12.813Z
Olivia's Dragoon,INR,Innistrad Remastered,127,normal,common,1,102550,571a9e92-6f34-4bf4-b7f4-15d12560efb6,0.08,false,false,false,near_mint,en,false,EUR,2026-09-14T12:19:12.813Z
Oltec Archaeologists,LCI,The Lost Caverns of Ixalan,27,normal,common,1,88508,57c21561-2213-4524-89a6-30a305843e5a,0.03,false,false,false,near_mint,en,false,EUR,2026-09-14T12:19:12.813Z
Omashu City,TLA,Avatar: The Last Airbender,275,normal,common,1,109535,c21e413b-96ed-4ded-b567-f1647074ce5f,0.09,false,false,false,near_mint,en,false,EUR,2026-09-14T12:19:12.813Z
Omen of the Dead,THB,Theros Beyond Death,110,normal,common,1,46952,8023fc44-fb8e-420d-a68c-b45912c4e5bd,0.15,false,false,false,near_mint,en,false,EUR,2026-09-14T12:19:12.813Z
Omen of the Forge,THB,Theros Beyond Death,145,normal,common,1,46917,70388773-709b-4cd8-a8b7-56093fd77a1d,0.04,false,false,false,near_mint,en,false,EUR,2026-09-14T12:19:12.813Z
Omen of the Sea,THB,Theros Beyond Death,58,normal,common,1,47004,a5f30ecd-d009-4d44-aef4-c926ed55a521,0.14,false,false,false,near_mint,en,false,EUR,2026-09-14T12:19:12.813Z
Ominous Asylum,SPM,Marvel's Spider-Man,181,normal,common,1,108509,4329f94a-9110-4f07-b4a6-f1ccae97ccc9,0.08,false,false,false,near_mint,en,false,EUR,2026-09-14T12:19:12.813Z
Omni-Cheese Pizza,TMT,Teenage Mutant Ninja Turtles,176,normal,common,1,111609,f2c8397c-2014-4a43-9ed7-41795880011f,0.08,false,false,false,near_mint,en,false,EUR,2026-09-14T12:19:12.813Z
Ondu Cleric,ZEN,Zendikar,30,normal,common,1,22594,ced43447-fefc-482a-b8fa-33b9616aa532,0.4,false,false,false,near_mint,en,false,EUR,2026-09-14T12:19:12.813Z
Onslaught,EXO,Exodus,92,normal,common,1,36244,0afaf142-dbca-45bf-aea2-01c53bda635a,0.18,false,false,false,near_mint,en,false,EUR,2026-09-14T12:19:12.813Z
Oona's Grace,C19,Commander 2019,91,normal,common,1,45843,e2128105-de04-4f51-81c7-37f30cf324d4,0.2,false,false,false,near_mint,en,false,EUR,2026-09-14T12:19:12.813Z
Open the Gates,RVR,Ravnica Remastered,151,normal,common,1,89553,0daa4f17-149a-4304-a488-8874ebe045e9,0.11,false,false,false,near_mint,en,false,EUR,2026-09-14T12:19:12.813Z
Ophidian Eye,TSP,Time Spiral,70,normal,common,1,26830,26836ff5-b3c3-4b10-af1e-df3658781cb2,5.96,false,false,false,near_mint,en,false,EUR,2026-09-14T12:19:12.813Z
Oppressive Rays,M15,Magic 2015,21,normal,common,1,13831,53555768-edad-4441-b6a7-ea2a7cb38abd,0.15,false,false,false,near_mint,en,false,EUR,2026-09-14T12:19:12.813Z
Opt,TDC,Tarkir: Dragonstorm Commander,158,normal,common,1,104914,bbc99a51-1501-4525-a3cc-f48249b64bed,0.17,false,false,false,near_mint,en,false,EUR,2026-09-14T12:19:12.813Z
Oracle's Restoration,SOS,Secrets of Strixhaven,156,normal,common,1,111670,0863a19d-4511-4a78-98dd-d194afd1c39b,0.06,false,false,false,near_mint,en,false,EUR,2026-09-14T12:19:12.813Z
Orcish Cannonade,TSR,Time Spiral Remastered,178,normal,common,1,57512,0afae574-aa96-4500-9882-a4b10337b6f5,0.06,false,false,false,near_mint,en,false,EUR,2026-09-14T12:19:12.813Z
Orcish Hellraiser,MH1,Modern Horizons,136,normal,common,1,44798,56ea32e5-b164-4a8d-9312-c35ae5cd8b2a,0.1,false,false,false,near_mint,en,false,EUR,2026-09-14T12:19:12.813Z
Orcish Lumberjack,DDL,Duel Decks: Heroes vs. Monsters,44,normal,common,1,15721,2b8cc73a-1598-497b-97f4-e42840085e10,1.5,false,false,false,near_mint,en,false,EUR,2026-09-14T12:19:12.813Z
Orcish Medicine,LTR,The Lord of the Rings: Tales of Middle-earth,104,normal,common,1,83149,66fae9ab-2302-4dea-a4e8-701938a0ef09,0.11,false,false,false,near_mint,en,false,EUR,2026-09-14T12:19:12.813Z
Origin of Metalbending,TLA,Avatar: The Last Airbender,187,normal,common,1,109400,25749f9a-260d-4bdc-bd28-429c12faa4a5,0.19,false,false,false,near_mint,en,false,EUR,2026-09-14T12:19:12.813Z
Orim's Cure,MMQ,Mercadian Masques,33,normal,common,1,34377,754ae359-363b-456a-bbca-52fbfbaa86b8,0.18,false,false,false,near_mint,en,false,EUR,2026-09-14T12:19:12.813Z
Ornithopter,DMR,Dominaria Remastered,233,normal,common,1,77845,305078a5-ac18-4721-bba2-3434eba5b1cf,0.24,false,false,false,near_mint,en,false,EUR,2026-09-14T12:19:12.813Z
Ornithopter of Paradise,DRC,Aetherdrift Commander,133,normal,common,1,103019,47c976ee-7eb3-42bb-8bfb-5eda12417e97,0.37,false,false,false,near_mint,en,false,EUR,2026-09-14T12:19:12.813Z
Orochi Leafcaller,CHK,Champions of Kamigawa,234,normal,common,1,28991,f6c39031-1c49-4c1e-83df-66c3795ddc72,0.28,false,false,false,near_mint,en,false,EUR,2026-09-14T12:19:12.813Z
"Oroku Saki, Shredder Rising",TMT,Teenage Mutant Ninja Turtles,68,normal,common,1,111606,e65ff1f4-a061-4c31-a78e-92af6e7bc56f,0.08,false,false,false,near_mint,en,false,EUR,2026-09-14T12:19:12.813Z
Orzhov Basilica,DRC,Aetherdrift Commander,164,normal,uncommon,1,103274,cc8f8ede-9620-4f7f-8326-a75031ef6ec1,0.2,false,false,false,near_mint,en,false,EUR,2026-09-14T12:19:12.813Z
Orzhov Guildgate,FDN,Foundations,692,normal,common,1,100952,a917be03-0c17-4454-b044-c4375e5c8085,0.15,false,false,false,near_mint,en,false,EUR,2026-09-14T12:19:12.813Z
Otherworldly Gaze,DSC,Duskmourn: House of Horror Commander,122,normal,common,1,99122,40bafd2b-acd4-46f0-abb2-139e2918ae99,0.39,false,false,false,near_mint,en,false,EUR,2026-09-14T12:19:12.813Z
Otherworldly Outburst,EMN,Eldritch Moon,138,normal,common,1,8196,34409e34-04e9-4279-8d21-6ef362b20b72,0.11,false,false,false,near_mint,en,false,EUR,2026-09-14T12:19:12.813Z
Otter-Penguin,TLA,Avatar: The Last Airbender,67,normal,common,1,108200,480b6279-bb34-4b3f-a639-868b52af92b9,0.06,false,false,false,near_mint,en,false,EUR,2026-09-14T12:19:12.813Z
Oubliette,2XM,Double Masters,100,normal,uncommon,1,52036,d4800a7d-c229-4ced-97ff-0e58645d58d6,1.36,false,false,false,near_mint,en,false,EUR,2026-09-14T12:19:12.813Z
Out Cold,MKM,Murders at Karlov Manor,66,normal,common,1,91114,aabfada0-3c1b-4237-b06c-573071ccd68d,0.08,false,false,false,near_mint,en,false,EUR,2026-09-14T12:19:12.813Z
Out of Air,LCI,The Lost Caverns of Ixalan,69,normal,common,1,88871,c263db55-fcac-4b49-b626-7c8092accfcd,0.05,false,false,false,near_mint,en,false,EUR,2026-09-14T12:19:12.813Z
Outlaw Medic,OTJ,Outlaws of Thunder Junction,23,normal,common,1,93107,2feaa51e-47fb-4849-b420-ee7278f3489a,0.14,false,false,false,near_mint,en,false,EUR,2026-09-14T12:19:12.813Z
Outwit,AVR,Avacyn Restored,70,normal,common,1,18208,429f7cf0-579a-4003-b5cf-4baf5d420796,0.06,false,false,false,near_mint,en,false,EUR,2026-09-14T12:19:12.813Z
Overgrown Battlement,TDC,Tarkir: Dragonstorm Commander,264,normal,uncommon,1,104704,680f6308-4469-4565-873e-40fb5aaef27d,0.43,false,false,false,near_mint,en,false,EUR,2026-09-14T12:19:12.813Z
Overgrowth,C18,Commander 2018,157,normal,common,1,686,e2e1694b-4d69-4961-b189-a7ba25a11836,0.49,false,false,false,near_mint,en,false,EUR,2026-09-14T12:19:12.813Z
Overload,INV,Invasion,157,normal,common,1,33176,c91fca91-7296-422e-b251-d571b710ff71,1.86,false,false,false,near_mint,en,false,EUR,2026-09-14T12:19:12.813Z
Override,MRD,Mirrodin,45,normal,common,1,30000,35964fa6-800d-41d6-9f82-fb9c87deee56,0.12,false,false,false,near_mint,en,false,EUR,2026-09-14T12:19:12.813Z
Overwhelming Remorse,BRO,The Brothers' War,110,normal,common,1,75335,202cbfa4-3b3d-47fd-84a6-892692c906d6,0.19,false,false,false,near_mint,en,false,EUR,2026-09-14T12:19:12.813Z
Ovinize,DMR,Dominaria Remastered,63,normal,common,1,78170,e92204e3-2c98-4834-a838-ddc9f85fdeea,0.07,false,false,false,near_mint,en,false,EUR,2026-09-14T12:19:12.813Z
Owlbear,AFR,Adventures in the Forgotten Realms,198,normal,common,1,60196,30e8a00f-8131-470d-8072-4c23b812281a,0.14,false,false,false,near_mint,en,false,EUR,2026-09-14T12:19:12.813Z
Owlin Historian,SOS,Secrets of Strixhaven,24,normal,common,1,112620,5fe99be0-e1ec-485e-82f8-02eba7b82441,0.04,false,false,false,near_mint,en,false,EUR,2026-09-14T12:19:12.813Z
Pacifism,DTK,Dragons of Tarkir,29,normal,common,1,11785,f7939502-d6aa-4bde-b42f-67ed433f95f1,0.29,false,false,false,near_mint,en,false,EUR,2026-09-14T12:19:12.813Z
Pactdoll Terror,DFT,Aetherdrift,99,normal,common,1,103535,70226354-47b7-4f9d-a5a8-559d17f07720,0.25,false,false,false,near_mint,en,false,EUR,2026-09-14T12:19:12.813Z
"Page, Loose Leaf",SOS,Secrets of Strixhaven,250,normal,common,1,112642,8c6fecfd-8241-4cf0-b1eb-19472b99e0ed,0.07,false,false,false,near_mint,en,false,EUR,2026-09-14T12:19:12.813Z
Pain 101,TMT,Teenage Mutant Ninja Turtles,69,normal,common,1,111592,a1c70bf2-b2bd-4585-ba50-304f4dad8e62,0.09,false,false,false,near_mint,en,false,EUR,2026-09-14T12:19:12.813Z
Palace Sentinels,CMM,Commander Masters,48,normal,common,1,84454,6c0bbbe0-e6cf-43df-9c44-b6bbfa9c9af7,0.1,false,false,false,near_mint,en,false,EUR,2026-09-14T12:19:12.813Z
Panic,5ED,Fifth Edition,260,normal,common,1,37746,97a86ee4-200e-4994-bd6f-0c1d3227ce5b,0.19,false,false,false,near_mint,en,false,EUR,2026-09-14T12:19:12.813Z
Panther Pounce,MSH,Marvel Super Heroes,29,normal,common,1,113654,4122ae40-800d-4b6b-93c9-aa503c33f1a9,0.06,false,false,false,near_mint,en,false,EUR,2026-09-14T12:19:12.813Z
Paradox Gardens,SOS,Secrets of Strixhaven,258,normal,common,1,112152,dbc3447e-1329-4ea1-b4ca-b321b0ffec8f,0.07,false,false,false,near_mint,en,false,EUR,2026-09-14T12:19:12.813Z
Paralyze,5ED,Fifth Edition,185,normal,common,1,37821,1823c578-d3a1-40de-bdac-ec6547e8ee24,0.23,false,false,false,near_mint,en,false,EUR,2026-09-14T12:19:12.813Z
Paranoid Delusions,GTC,Gatecrash,186,normal,common,1,16638,af406038-91ce-41fe-8b6d-55408a96d0a2,0.14,false,false,false,near_mint,en,false,EUR,2026-09-14T12:19:12.813Z
Parapet,VIS,Visions,14,normal,common,1,38159,a7bbcaa9-edbf-48ad-bcd2-65e8fb9bb938,0.11,false,false,false,near_mint,en,false,EUR,2026-09-14T12:19:12.813Z
Pardic Firecat,ODY,Odyssey,211,normal,common,1,31966,16858395-c742-4657-88c2-5af20c92718d,0.09,false,false,false,near_mint,en,false,EUR,2026-09-14T12:19:12.813Z
Parhelion Patrol,CLU,Ravnica: Clue Edition,68,normal,common,1,90907,5cdd3703-4b3a-4d63-bf7c-88341a52f397,0.11,false,false,false,near_mint,en,false,EUR,2026-09-14T12:19:12.813Z
Path to Redemption,TLA,Avatar: The Last Airbender,31,normal,common,1,108310,f936d64a-0db4-49c1-8a57-6d99e012a555,0.04,false,false,false,near_mint,en,false,EUR,2026-09-14T12:19:12.813Z
Patient Instructor,HOB,The Hobbit,162,normal,common,1,115091,e4800508-8bb9-41bb-8712-b55fba7a80a5,0.06,false,false,false,near_mint,en,false,EUR,2026-09-14T12:19:12.813Z
Patrician's Scorn,FUT,Future Sight,29,normal,common,1,26308,4edfd70c-2923-4813-bf14-04194518163c,0.24,false,false,false,near_mint,en,false,EUR,2026-09-14T12:19:12.813Z
Patron of the Arts,CLB,Commander Legends: Battle for Baldur's Gate,191,normal,common,1,68857,10b2b8ca-7433-4bfe-abab-e19128e46a1d,0.22,false,false,false,near_mint,en,false,EUR,2026-09-14T12:19:12.813Z
Patron of the Wild,LGN,Legions,134,normal,common,1,30700,7f7a0810-3970-454f-8381-700d6c6aefdc,0.06,false,false,false,near_mint,en,false,EUR,2026-09-14T12:19:12.813Z
Pause for Reflection,GRN,Guilds of Ravnica,140,normal,common,1,343,3cfcf84c-a30c-4c4f-9f8c-ee807661e499,0.09,false,false,false,near_mint,en,false,EUR,2026-09-14T12:19:12.813Z
Pay No Heed,DDL,Duel Decks: Heroes vs. Monsters,19,normal,common,1,15746,457ea1f3-890c-4bff-9938-cd46252477f4,0.1,false,false,false,near_mint,en,false,EUR,2026-09-14T12:19:12.813Z
Peach Garden Oath,8ED,Eighth Edition,34,normal,uncommon,1,30502,d05bd3b7-02fb-4d83-ab8f-fd056c7db2f1,0.29,false,false,false,near_mint,en,false,EUR,2026-09-14T12:19:12.813Z
Peat Bog,MMQ,Mercadian Masques,322,normal,common,1,34088,bcc9d1e0-c8f4-4bac-90d4-8167f7a1515a,1.86,false,false,false,near_mint,en,false,EUR,2026-09-14T12:19:12.813Z
Peculiar Lighthouse,DSK,Duskmourn: House of Horror,265,normal,common,1,98620,3a6e40c0-e70e-4353-a920-9851cfac71dd,0.09,false,false,false,near_mint,en,false,EUR,2026-09-14T12:19:12.813Z
Peek,10E,Tenth Edition,94,normal,common,1,26016,869a6c06-eae5-418e-9a5c-26598a929416,0.6,false,false,false,near_mint,en,false,EUR,2026-09-14T12:19:12.813Z
Peer Through Depths,DDS,Duel Decks: Mind vs. Might,5,normal,common,1,5938,df0994df-730c-4947-8248-0aaf97998fa1,0.18,false,false,false,near_mint,en,false,EUR,2026-09-14T12:19:12.813Z
Pegasus Guardian // Rescue the Foal,CLB,Commander Legends: Battle for Baldur's Gate,36,normal,common,1,68899,1d958ec3-1ddc-4622-9089-cbe5b3b47c90,0.22,false,false,false,near_mint,en,false,EUR,2026-09-14T12:19:12.813Z
Pentad Prism,EOC,Edge of Eternities Commander,56,normal,uncommon,1,107345,e4beb84e-9eb9-48a2-932a-91fbbf218b5b,0.2,false,false,false,near_mint,en,false,EUR,2026-09-14T12:19:12.813Z
Penumbra Spider,TSR,Time Spiral Remastered,223,normal,common,1,57848,c862a2f7-673e-44bd-b8ee-e4295da1e0d5,0.17,false,false,false,near_mint,en,false,EUR,2026-09-14T12:19:12.813Z
Peppersmoke,MMA,Modern Masters,92,normal,common,1,16217,57f45251-e71e-4601-9b51-dbc08ab036c2,0.13,false,false,false,near_mint,en,false,EUR,2026-09-14T12:19:12.813Z
Perigee Beckoner,EOE,Edge of Eternities,112,normal,common,1,107786,f3666a08-d449-496f-969a-bf21d4afbd77,0.09,false,false,false,near_mint,en,false,EUR,2026-09-14T12:19:12.813Z
Perilous Landscape,TDC,Tarkir: Dragonstorm Commander,383,normal,common,1,104684,61fc78e0-d0db-4ecb-a29a-f1a437d7987c,0.2,false,false,false,near_mint,en,false,EUR,2026-09-14T12:19:12.813Z
Perilous Myr,CMR,Commander Legends,330,normal,common,1,55695,5a15c8ef-04ad-4aab-a7f1-c7a90c10eb50,0.07,false,false,false,near_mint,en,false,EUR,2026-09-14T12:19:12.813Z
Perilous Research,MMA,Modern Masters,58,normal,common,1,16251,f425b017-8c4d-457f-919a-f2686d71bcac,3.62,false,false,false,near_mint,en,false,EUR,2026-09-14T12:19:12.813Z
Perplex,RAV,Ravnica: City of Guilds,217,normal,common,1,27793,0db57459-29f0-4ef6-b256-56955036c0ef,0.49,false,false,false,near_mint,en,false,EUR,2026-09-14T12:19:12.813Z
Persistent Petitioners,RVR,Ravnica Remastered,53,normal,common,1,89610,27be522d-bdef-4a95-a405-98247c58b71a,0.5,false,false,false,near_mint,en,false,EUR,2026-09-14T12:19:12.813Z
Pest Mascot,SOS,Secrets of Strixhaven,209,normal,common,1,111751,d882beb9-6766-4818-afbb-f6fd7a2d5b70,0.08,false,false,false,near_mint,en,false,EUR,2026-09-14T12:19:12.813Z
Pest Summoning,STX,Strixhaven: School of Mages,211,normal,common,1,58121,6267e19a-a777-4767-8433-86b6624362b6,0.12,false,false,false,near_mint,en,false,EUR,2026-09-14T12:19:12.813Z
Pestermite,MMA,Modern Masters,59,normal,common,1,16250,b58a6a63-c7d8-4f2f-acaf-b0a871eb5a7c,0.31,false,false,false,near_mint,en,false,EUR,2026-09-14T12:19:12.813Z
Pestilence,BRB,Battle Royale Box Set,49,normal,uncommon,1,34011,104d66c2-6cc5-4f99-a3c2-56bc694ca380,0.96,false,false,false,near_mint,en,false,EUR,2026-09-14T12:19:12.813Z
Pestilent Kathari,CON,Conflux,50,normal,common,1,23679,dba00df7-2c8d-435a-86d1-6bd7b7413585,0.09,false,false,false,near_mint,en,false,EUR,2026-09-14T12:19:12.813Z
Petals of Insight,MMA,Modern Masters,60,normal,common,1,16249,134c8764-028e-4f7f-988d-ffd4d3827eb6,0.16,false,false,false,near_mint,en,false,EUR,2026-09-14T12:19:12.813Z
Petravark,TOR,Torment,109,normal,common,1,31632,ffc98d09-439e-426b-8403-4a3e12167336,0.09,false,false,false,near_mint,en,false,EUR,2026-09-14T12:19:12.813Z
Petrify,LCI,The Lost Caverns of Ixalan,30,normal,common,1,88852,bbc5f28f-6361-455f-ac82-260a70e59316,0.09,false,false,false,near_mint,en,false,EUR,2026-09-14T12:19:12.813Z
Phantasmal Terrain,INV,Invasion,65,normal,common,1,33268,ea56a1bb-f52c-4c6b-a089-1f78600f3db0,0.09,false,false,false,near_mint,en,false,EUR,2026-09-14T12:19:12.813Z
Phantom Interference,OTJ,Outlaws of Thunder Junction,61,normal,common,1,93023,00bf4dd1-5468-4594-9c7b-0737610f19d4,0.09,false,false,false,near_mint,en,false,EUR,2026-09-14T12:19:12.813Z
Phantom Warrior,M20,Core Set 2020,316,normal,common,1,45144,11cbdf06-f6b5-4bd8-80bf-6d7e57649684,0.44,false,false,false,near_mint,en,false,EUR,2026-09-14T12:19:12.813Z
Pharika's Chosen,JOU,Journey into Nyx,78,normal,common,1,14571,8119ce0c-d709-463c-9abc-f7025673ea72,0.13,false,false,false,near_mint,en,false,EUR,2026-09-14T12:19:12.813Z
Pharika's Libation,THB,Theros Beyond Death,111,normal,common,1,46951,0307bb5c-0a46-4f6b-b6d5-58cf31987bb5,0.1,false,false,false,near_mint,en,false,EUR,2026-09-14T12:19:12.813Z
Phyresis,MBS,Mirrodin Besieged,49,normal,common,1,20092,0059d21b-0725-4806-8691-2451db36787f,0.94,false,false,false,near_mint,en,false,EUR,2026-09-14T12:19:12.813Z
Phyrexian Rager,MOC,March of the Machine Commander,265,normal,common,1,81860,a9861fb3-6722-43b8-bf0a-af6dd166e59d,0.14,false,false,false,near_mint,en,false,EUR,2026-09-14T12:19:12.813Z
Phyrexian Walker,VIS,Visions,152,normal,common,1,38021,9f8a3979-2947-4692-8b2f-d4c07c534777,1.96,false,false,false,near_mint,en,false,EUR,2026-09-14T12:19:12.813Z
Phytoburst,DGM,Dragon's Maze,46,normal,common,1,16419,7507afc4-f504-4eb2-a86d-f99bc2860838,0.12,false,false,false,near_mint,en,false,EUR,2026-09-14T12:19:12.813Z
Pick Your Poison,MKM,Murders at Karlov Manor,170,normal,common,1,91312,f58cfb23-4d99-4133-bf4b-d7e7c7d17cea,0.22,false,false,false,near_mint,en,false,EUR,2026-09-14T12:19:12.813Z
Pieces of the Puzzle,SOI,Shadows over Innistrad,78,normal,common,1,8918,69204c83-2e43-4ca1-a4cd-d75399a7d6dd,0.18,false,false,false,near_mint,en,false,EUR,2026-09-14T12:19:12.813Z
Piercing Exhale,TDM,Tarkir: Dragonstorm,151,normal,common,1,104891,b2a0deb9-5bc3-42d5-9e1e-5f463d176aef,0.06,false,false,false,near_mint,en,false,EUR,2026-09-14T12:19:12.813Z
Piercing Rays,MH2,Modern Horizons 2,24,normal,common,1,59862,eaeb9fd0-c46a-4246-838f-a5b7a8ea8eef,0.05,false,false,false,near_mint,en,false,EUR,2026-09-14T12:19:12.813Z
Pilfer,FDN,Foundations,181,normal,common,1,101564,8c7c88b5-6d09-453b-b9c1-7dcbba8f1080,0.07,false,false,false,near_mint,en,false,EUR,2026-09-14T12:19:12.813Z
Pili-Pala,SHM,Shadowmoor,258,normal,common,1,24608,4892c152-1f4a-4616-8e7f-0ca4911e621a,0.79,false,false,false,near_mint,en,false,EUR,2026-09-14T12:19:12.813Z
Pillage,MH1,Modern Horizons,139,normal,uncommon,1,44795,bdd06d55-a40f-4b0e-905b-3cd0ce12eb82,0.17,false,false,false,near_mint,en,false,EUR,2026-09-14T12:19:12.813Z
Pillar of Flame,IMA,Iconic Masters,141,normal,common,1,3484,e16b001f-dffd-4e7c-a7ab-daa00221bfbf,0.08,false,false,false,near_mint,en,false,EUR,2026-09-14T12:19:12.813Z
Pillardrop Rescuer,STX,Strixhaven: School of Mages,23,normal,common,1,57986,0884666e-8f9b-44b1-a1e3-c1c8941e2152,0.04,false,false,false,near_mint,en,false,EUR,2026-09-14T12:19:12.813Z
Pillory of the Sleepless,GK2,RNA Guild Kit,44,normal,uncommon,1,43980,bb649e48-6775-4a65-801e-76a8c1cfe2e8,0.25,false,false,false,near_mint,en,false,EUR,2026-09-14T12:19:12.813Z
Pinnacle Kill-Ship,EOE,Edge of Eternities,244,normal,common,1,107533,bf784de8-5ae2-4c07-92bb-a5b7f593b773,0.19,false,false,false,near_mint,en,false,EUR,2026-09-14T12:19:12.813Z
Piracy Charm,TSR,Time Spiral Remastered,78,normal,common,1,57766,9cb19ac2-edf9-4f9a-b9ba-2a33ba96a4d8,0.16,false,false,false,near_mint,en,false,EUR,2026-09-14T12:19:12.813Z
Piranha Marsh,ZEN,Zendikar,222,normal,common,1,22402,ea077cff-b5c9-4a40-8e66-8810c37be5cb,0.11,false,false,false,near_mint,en,false,EUR,2026-09-14T12:19:12.813Z
Pirate's Pillage,2X2,Double Masters 2022,120,normal,common,1,70057,1097e866-9d24-43b6-bafb-b6da05b47a30,0.36,false,false,false,near_mint,en,false,EUR,2026-09-14T12:19:12.813Z
Pirate's Prize,XLN,Ixalan,68,normal,common,1,3944,48d97373-9b55-4eb7-99b6-8912f09bd0bb,0.13,false,false,false,near_mint,en,false,EUR,2026-09-14T12:19:12.813Z
Pixie Illusionist,DMU,Dominaria United,61,normal,common,1,71279,171bfcb2-dd43-4d63-b2e2-6ca594c2ec40,0.06,false,false,false,near_mint,en,false,EUR,2026-09-14T12:19:12.813Z
Plague Spores,INV,Invasion,260,normal,common,1,33073,0d106d56-a688-49cc-8d5d-0279a5a7c0a7,0.11,false,false,false,near_mint,en,false,EUR,2026-09-14T12:19:12.813Z
Plague Stinger,ONC,Phyrexia: All Will Be One Commander,96,normal,common,1,78486,325a8b1b-fa0c-4140-b9e3-a93705b06aa0,0.5,false,false,false,near_mint,en,false,EUR,2026-09-14T12:19:12.813Z
Plagued Rusalka,GK2,RNA Guild Kit,32,normal,uncommon,1,43992,6f148117-9f7c-4588-a915-e0fde6c608b1,0.14,false,false,false,near_mint,en,false,EUR,2026-09-14T12:19:12.813Z
Plains,SOS,Secrets of Strixhaven,272,normal,common,1,112144,d85d0f25-a24a-4de0-9b8b-93fb5017bce9,0.12,false,false,false,near_mint,en,false,EUR,2026-09-14T12:19:12.813Z
Planar Incision,NEO,Kamigawa: Neon Dynasty,72,normal,common,1,66752,9163cb04-ee28-4127-b53a-89c546996d7d,0.23,false,false,false,near_mint,en,false,EUR,2026-09-14T12:19:12.813Z
Plasma Bolt,EOE,Edge of Eternities,152,normal,common,1,107307,a1a1834b-76c2-4496-b8c5-18b69ab34c4c,0.1,false,false,false,near_mint,en,false,EUR,2026-09-14T12:19:12.813Z
Plasma Jockey,SNC,Streets of New Capenna,115,normal,common,1,67831,741ed811-cbcd-4178-a874-dc79d2a5d6f1,0.03,false,false,false,near_mint,en,false,EUR,2026-09-14T12:19:12.813Z
Plated Geopede,DDI,Duel Decks: Venser vs. Koth,45,normal,common,1,18329,80d5fa13-1dc3-4f10-860e-70902aca7ac9,0.13,false,false,false,near_mint,en,false,EUR,2026-09-14T12:19:12.813Z
Plated Sliver,LGN,Legions,19,normal,common,1,30815,82846d31-4981-4ef1-85c3-703569146a84,0.44,false,false,false,near_mint,en,false,EUR,2026-09-14T12:19:12.813Z
Plummet,MID,Innistrad: Midnight Hunt,193,normal,common,1,63243,5469e696-bbf1-43e3-9c25-fe089b36caed,0.03,false,false,false,near_mint,en,false,EUR,2026-09-14T12:19:12.813Z
Plunder the Trollshaws,HOB,The Hobbit,51,normal,common,1,115074,afb73190-b9bd-4744-a011-a37cd9c0148d,0.1,false,false,false,near_mint,en,false,EUR,2026-09-14T12:19:12.813Z
Plundering Barbarian,AFR,Adventures in the Forgotten Realms,158,normal,common,1,60457,d875881c-c285-47f1-8a37-e4a0239d47ec,0.13,false,false,false,near_mint,en,false,EUR,2026-09-14T12:19:12.813Z
Poison Dart Frog,M3C,Modern Horizons 3 Commander,238,normal,common,1,95059,e99d6e94-2fb7-45ef-bb35-4bf4b92d4f4d,0.24,false,false,false,near_mint,en,false,EUR,2026-09-14T12:19:12.813Z
Polliwallop,BLB,Bloomburrow,189,normal,common,1,95935,6bc4963c-d90b-4588-bdb7-85956e42a623,0.08,false,false,false,near_mint,en,false,EUR,2026-09-14T12:19:12.813Z
Polluted Mire,DMR,Dominaria Remastered,253,normal,common,1,78105,bb724bec-3509-4f5f-84c0-b1b54063d06f,0.13,false,false,false,near_mint,en,false,EUR,2026-09-14T12:19:12.813Z
Pond Prophet,BLB,Bloomburrow,229,normal,common,1,95861,fb959e74-61ea-453d-bb9f-ad0183c0e1b1,0.12,false,false,false,near_mint,en,false,EUR,2026-09-14T12:19:12.813Z
Ponder,TDC,Tarkir: Dragonstorm Commander,159,normal,common,1,105002,dc69f960-68ba-4315-8146-6a7a82047503,3.24,false,false,false,near_mint,en,false,EUR,2026-09-14T12:19:12.813Z
Ponyback Brigade,KTK,Khans of Tarkir,191,normal,common,1,13207,192d77ef-e8b5-44e2-842b-2c1f342c1e69,0.06,false,false,false,near_mint,en,false,EUR,2026-09-14T12:19:12.813Z
Pop Quiz,STX,Strixhaven: School of Mages,49,normal,common,1,58327,d16892d8-9d10-45de-ab79-0e645c4b5588,0.11,false,false,false,near_mint,en,false,EUR,2026-09-14T12:19:12.813Z
Porcelain Legionnaire,NPH,New Phyrexia,19,normal,common,1,19866,2616aa0e-8413-4e63-877c-bffd5263f552,0.17,false,false,false,near_mint,en,false,EUR,2026-09-14T12:19:12.813Z
Portent,DSC,Duskmourn: House of Horror Commander,74,normal,common,1,98975,5b360632-9c81-4b9c-8b9f-ac0b51c974a0,0.62,false,false,false,near_mint,en,false,EUR,2026-09-14T12:19:12.813Z
Portent Tracker,MOM,March of the Machine,201,normal,common,1,81440,bc6104d4-d0af-40da-8227-14243d778e96,0.12,false,false,false,near_mint,en,false,EUR,2026-09-14T12:19:12.813Z
Potion of Healing,AFR,Adventures in the Forgotten Realms,34,normal,common,1,60454,d5edb608-c7d7-4fa9-b969-262c9789fc17,0.07,false,false,false,near_mint,en,false,EUR,2026-09-14T12:19:12.813Z
Potioner's Trove,SOS,Secrets of Strixhaven,251,normal,common,1,112570,2123b349-4649-4a15-a8b5-b54414d2b1b7,0.04,false,false,false,near_mint,en,false,EUR,2026-09-14T12:19:12.813Z
Power Sink,BTD,Beatdown Box Set,14,normal,common,1,33409,a6e10587-3595-4fa2-bcf4-607c478fda9d,0.54,false,false,false,near_mint,en,false,EUR,2026-09-14T12:19:12.813Z
Predator's Rapport,GTC,Gatecrash,129,normal,common,1,16695,47324ab7-df78-4859-be0b-2eef5d4f8082,0.17,false,false,false,near_mint,en,false,EUR,2026-09-14T12:19:12.813Z
Predator's Strike,MRD,Mirrodin,128,normal,common,1,29917,75e5bcc2-9203-4526-a9a9-fac6fd02a854,0.13,false,false,false,near_mint,en,false,EUR,2026-09-14T12:19:12.813Z
Predatory Hunger,EXO,Exodus,117,normal,common,1,36219,db6d9d28-3a05-4dfa-a322-36b4cc2697d4,0.37,false,false,false,near_mint,en,false,EUR,2026-09-14T12:19:12.813Z
Predatory Sliver,M14,Magic 2014,189,normal,common,1,15862,a2e37de8-66a1-4afa-aa6f-1151f849dfa8,0.78,false,false,false,near_mint,en,false,EUR,2026-09-14T12:19:12.813Z
Preemptive Strike,PTK,Portal Three Kingdoms,50,normal,common,1,34976,c2314bf1-b22d-48c2-860f-e1081f56296b,1.35,false,false,false,near_mint,en,false,EUR,2026-09-14T12:19:12.813Z
Preordain,TDC,Tarkir: Dragonstorm Commander,161,normal,common,1,105006,dd29a0e5-c1de-4e8a-8866-715e9f9cde1f,1.18,false,false,false,near_mint,en,false,EUR,2026-09-14T12:19:12.813Z
Presence of Gond,A25,Masters 25,184,normal,common,1,2532,922cf7de-3c37-4f4d-ae1a-7a14234a6dab,0.18,false,false,false,near_mint,en,false,EUR,2026-09-14T12:19:12.813Z
Press for Answers,SOI,Shadows over Innistrad,80,normal,common,1,8916,5ec8b8bf-7b02-4f5e-bbd3-9560f9888192,0.07,false,false,false,near_mint,en,false,EUR,2026-09-14T12:19:12.813Z
Pretending Poxbearers,TLA,Avatar: The Last Airbender,237,normal,common,1,108282,d1af91a5-8681-4a05-910d-96f7a819bfaa,0.04,false,false,false,near_mint,en,false,EUR,2026-09-14T12:19:12.813Z
Prey Upon,UMA,Ultimate Masters,178,normal,common,1,43336,0eb1b036-0856-4cfb-ace5-2731f13696bd,0.06,false,false,false,near_mint,en,false,EUR,2026-09-14T12:19:12.813Z
Prey's Vengeance,IMA,Iconic Masters,182,normal,common,1,3443,66b7992e-494b-4b1b-bd5d-8f9bb19b275e,0.1,false,false,false,near_mint,en,false,EUR,2026-09-14T12:19:12.813Z
Prickly Boggart,MOR,Morningtide,74,normal,common,1,24951,55121b63-22a6-4923-82e9-c55f66742980,0.21,false,false,false,near_mint,en,false,EUR,2026-09-14T12:19:12.813Z
Prickly Marmoset,IKO,Ikoria: Lair of Behemoths,129,normal,common,1,49948,bad8512f-31b9-48ba-bb10-1497303dcfba,0.03,false,false,false,near_mint,en,false,EUR,2026-09-14T12:19:12.813Z
Prideful Feastling,ECL,Lorwyn Eclipsed,238,normal,common,1,110535,7578cb61-f606-4559-a10a-343a583228ab,0.06,false,false,false,near_mint,en,false,EUR,2026-09-14T12:19:12.813Z
Priest of Titania,MH3,Modern Horizons 3,286,normal,uncommon,1,91788,eb11921b-1b28-483f-a707-4de21a6daa31,0.94,false,false,false,near_mint,en,false,EUR,2026-09-14T12:19:12.813Z
Priests of Norn,MBS,Mirrodin Besieged,16,normal,common,1,20125,a978c49d-483a-42fe-971c-858288d07e40,0.19,false,false,false,near_mint,en,false,EUR,2026-09-14T12:19:12.813Z
Primordial Pachyderm,TMT,Teenage Mutant Ninja Turtles,129,normal,common,1,111531,e1a866e6-4108-4290-9680-8f1652fbcf77,0.1,false,false,false,near_mint,en,false,EUR,2026-09-14T12:19:12.813Z
Prismari Pledgemage,STX,Strixhaven: School of Mages,215,normal,common,1,58073,404b4c7b-5d40-4ad1-bd40-3da1d08f5c78,0.04,false,false,false,near_mint,en,false,EUR,2026-09-14T12:19:12.813Z
Prismatic Circle,MIR,Mirage,34,normal,common,1,38556,8d4e3de4-f173-4bcc-a5fb-089eee7108d3,0.13,false,false,false,near_mint,en,false,EUR,2026-09-14T12:19:12.813Z
Prismatic Strands,C19,Commander 2019,69,normal,common,1,45865,efd85985-abc1-430a-9210-63109c90a82d,12.6,false,false,false,near_mint,en,false,EUR,2026-09-14T12:19:12.813Z
Pristine Talisman,C21,Commander 2021,258,normal,common,1,58803,6b6307f3-bc63-463c-8ffc-a8b8b829e5d7,0.19,false,false,false,near_mint,en,false,EUR,2026-09-14T12:19:12.813Z
Prized Statue,CLB,Commander Legends: Battle for Baldur's Gate,334,normal,common,1,69040,58a49829-c354-4823-8cc1-a159fc46c0d7,0.7,false,false,false,near_mint,en,false,EUR,2026-09-14T12:19:12.813Z
Probe,INV,Invasion,66,normal,common,1,33267,a2a58d18-3d52-4178-86b2-7590d4164e76,0.15,false,false,false,near_mint,en,false,EUR,2026-09-14T12:19:12.813Z
Procrastinate,SOS,Secrets of Strixhaven,64,normal,common,1,111692,1edb449d-620f-4e21-9d76-2c840635eb9d,0.09,false,false,false,near_mint,en,false,EUR,2026-09-14T12:19:12.813Z
Prodigal Sorcerer,EMA,Eternal Masters,67,normal,uncommon,1,8608,50aef269-55f9-4d84-8bc5-29e794297f11,0.15,false,false,false,near_mint,en,false,EUR,2026-09-14T12:19:12.813Z
Prohibit,MH1,Modern Horizons,64,normal,common,1,44870,0ae544bf-7229-4b82-99ad-32c3af36e30f,0.17,false,false,false,near_mint,en,false,EUR,2026-09-14T12:19:12.813Z
Prologue to Phyresis,ONE,Phyrexia: All Will Be One,65,normal,common,1,78771,ac625f30-ed91-4b21-ada8-aaa5b2ad79b8,0.42,false,false,false,near_mint,en,false,EUR,2026-09-14T12:19:12.813Z
Prophetic Prism,WOE,Wilds of Eldraine,249,normal,common,1,85293,1fae351c-b918-4648-a361-d5239ae63156,0.1,false,false,false,near_mint,en,false,EUR,2026-09-14T12:19:12.813Z
Prosperous Pirates,CMR,Commander Legends,85,normal,common,1,56080,5d778bde-f927-419e-8052-6230562bdedd,0.08,false,false,false,near_mint,en,false,EUR,2026-09-14T12:19:12.813Z
Protective Sphere,INV,Invasion,26,normal,common,1,33307,ef5ef13e-1cf0-42a9-95d0-30ade254d6a8,0.18,false,false,false,near_mint,en,false,EUR,2026-09-14T12:19:12.813Z
Psionic Gift,ODY,Odyssey,95,normal,common,1,32082,862fc18f-90d2-430d-aff2-47c1483dee9d,0.2,false,false,false,near_mint,en,false,EUR,2026-09-14T12:19:12.813Z
Psychic Puppetry,CHK,Champions of Kamigawa,80,normal,common,1,29146,9e341d6b-f4b0-4347-8055-f5fab756334c,0.26,false,false,false,near_mint,en,false,EUR,2026-09-14T12:19:12.813Z
Psychic Purge,LEG,Legends,68,normal,common,1,41051,b1103d4d-b50a-4e2c-b18a-a181bc819881,2.78,false,false,false,near_mint,en,false,EUR,2026-09-14T12:19:12.813Z
Psychic Spear,BOK,Betrayers of Kamigawa,78,normal,common,1,28631,1c2f024b-e77e-426b-930e-85b87e046f9b,0.03,false,false,false,near_mint,en,false,EUR,2026-09-14T12:19:12.813Z
Psychic Venom,6ED,Classic Sixth Edition,91,normal,common,1,35286,0ba1b264-1dd5-475b-9522-9eb9efcea572,0.1,false,false,false,near_mint,en,false,EUR,2026-09-14T12:19:12.813Z
Psychotic Episode,TSR,Time Spiral Remastered,132,normal,common,1,57939,fa6d8c51-bff9-4eba-8c1b-2d45b7635c52,0.08,false,false,false,near_mint,en,false,EUR,2026-09-14T12:19:12.813Z
Pterafractyl,SOS,Secrets of Strixhaven,215,normal,common,1,112402,ecd33152-e290-4505-addd-a8d08cefdddd,0.04,false,false,false,near_mint,en,false,EUR,2026-09-14T12:19:12.813Z
Pull from the Grave,SOS,Secrets of Strixhaven,95,normal,common,1,111658,d73612fe-8992-4650-a7e3-c7b662da6a03,0.04,false,false,false,near_mint,en,false,EUR,2026-09-14T12:19:12.813Z
Pulse of Murasa,C21,Commander 2021,202,normal,uncommon,1,58832,a4b9f8f4-d704-4f16-8495-cf8185285859,0.23,false,false,false,near_mint,en,false,EUR,2026-09-14T12:19:12.813Z
Pumpkin Bombardment,MSC,Marvel Super Heroes Commander,822,normal,common,1,113939,b64074c0-5fa5-4d6c-b3ef-9a9f69ca385c,0.14,false,false,false,near_mint,en,false,EUR,2026-09-14T12:19:12.813Z
Purple Pentapus,TLE,Avatar: The Last Airbender Eternal,233,normal,common,1,108274,c3ec1b6e-2f63-4b84-a101-8764c3e6d0f2,0.2,false,false,false,near_mint,en,false,EUR,2026-09-14T12:19:12.813Z
Pursue the Past,SOS,Secrets of Strixhaven,216,normal,common,1,112605,4584d5f7-b1f1-4c8e-80c5-ad35e44a968e,0.17,false,false,false,near_mint,en,false,EUR,2026-09-14T12:19:12.813Z
Putrid Goblin,MH1,Modern Horizons,101,normal,common,1,44833,333406d5-abcc-4629-a33b-395d0662ba1b,0.44,false,false,false,near_mint,en,false,EUR,2026-09-14T12:19:12.813Z
Putrid Imp,TOR,Torment,77,normal,common,1,31664,1b9e6c5c-4bc4-4f41-8c2c-f5b8c97c53c5,1.04,false,false,false,near_mint,en,false,EUR,2026-09-14T12:19:12.813Z
Pyretic Ritual,M11,Magic 2011,153,normal,common,1,21236,1e577638-a7ed-4bcc-90fb-0cffe87d5a28,3.9,false,false,false,near_mint,en,false,EUR,2026-09-14T12:19:12.813Z
Pyrite Spellbomb,2XM,Double Masters,283,normal,common,1,51809,088c801d-381f-403b-aeb7-fbbfafee99bf,0.16,false,false,false,near_mint,en,false,EUR,2026-09-14T12:19:12.813Z
Pyroblast,SS3,Signature Spellbook: Chandra,5,normal,rare,1,51102,93c460dc-cef2-4345-b9b8-a774307ba2d6,10.47,false,false,false,near_mint,en,false,EUR,2026-09-14T12:19:12.813Z
Pyromatics,GK1,GRN Guild Kit,33,normal,common,1,113,c7cc7a72-4af9-4a39-92b6-97992e51d8f4,0.18,false,false,false,near_mint,en,false,EUR,2026-09-14T12:19:12.813Z
Qasali Pridemage,2X2,Double Masters 2022,267,normal,common,1,70410,a103646d-b363-4896-a48f-0527d746587e,0.12,false,false,false,near_mint,en,false,EUR,2026-09-14T12:19:12.813Z
Quakefoot Cyclops,MH1,Modern Horizons,142,normal,common,1,44792,27573ee0-156a-4bf3-95eb-5e7b63c638e7,0.06,false,false,false,near_mint,en,false,EUR,2026-09-14T12:19:12.813Z
Quandrix Campus,SOC,Secrets of Strixhaven Commander,395,normal,common,1,112131,ce75bbae-99ff-4822-9835-5372ebaedb07,0.13,false,false,false,near_mint,en,false,EUR,2026-09-14T12:19:12.813Z
Quandrix Pledgemage,STX,Strixhaven: School of Mages,219,normal,common,1,57982,07633b7f-4150-458b-89c3-d05dc0e3c4bd,0.07,false,false,false,near_mint,en,false,EUR,2026-09-14T12:19:12.813Z
Queen of Ice // Rage of Winter,ELD,Throne of Eldraine,61,normal,common,1,46277,de2f964a-e4e1-4321-92ad-34b781868e11,0.08,false,false,false,near_mint,en,false,EUR,2026-09-14T12:19:12.813Z
Quench,RVR,Ravnica Remastered,56,normal,common,1,89578,1779a6c5-147d-4632-b1d9-95e89a64dc2c,0.07,false,false,false,near_mint,en,false,EUR,2026-09-14T12:19:12.813Z
Quick Sliver,CMM,Commander Masters,907,normal,common,1,85064,f7749b2d-05a6-40ec-8d6a-8c1223cd5a09,0.41,false,false,false,near_mint,en,false,EUR,2026-09-14T12:19:12.813Z
Quick Study,SOS,Secrets of Strixhaven,65,normal,common,1,112583,2d4f0bc7-da7c-4749-a24c-b01f3eb5860c,0.07,false,false,false,near_mint,en,false,EUR,2026-09-14T12:19:12.813Z
Quicksand,A25,Masters 25,245,normal,uncommon,1,2471,ce833a90-7c1d-4c05-ace3-57e974c0769b,0.13,false,false,false,near_mint,en,false,EUR,2026-09-14T12:19:12.813Z
Quicksilver Dagger,DMR,Dominaria Remastered,195,normal,uncommon,1,77784,138d2d9d-d5ab-400f-a714-cd38212a0dae,0.1,false,false,false,near_mint,en,false,EUR,2026-09-14T12:19:12.813Z
Quiet Disrepair,PCA,Planechase Anthology,75,normal,common,1,6618,c74cf3eb-66be-455c-8e5e-8debc7f9f6fd,0.06,false,false,false,near_mint,en,false,EUR,2026-09-14T12:19:12.813Z
Quirion Elves,DDE,Duel Decks: Phyrexia vs. the Coalition,39,normal,common,1,22002,74a39656-769f-4540-9a30-f637a8ec302e,0.2,false,false,false,near_mint,en,false,EUR,2026-09-14T12:19:12.813Z
Quirion Explorer,C16,Commander 2016,160,normal,common,1,7194,d56bae65-1811-4428-93f4-60c36ceee715,0.22,false,false,false,near_mint,en,false,EUR,2026-09-14T12:19:12.813Z
Quirion Ranger,MH2,Modern Horizons 2,285,normal,uncommon,1,59485,320fdf89-e158-41c5-b0bf-fee9dec36a75,1.7,false,false,false,near_mint,en,false,EUR,2026-09-14T12:19:12.813Z
Qutrub Forayer,FIN,Final Fantasy,112,normal,common,1,106575,7475ecf6-23f5-45af-9ef0-ac7923bbc9cb,0.03,false,false,false,near_mint,en,false,EUR,2026-09-14T12:19:12.813Z
Rabbit Response,BLB,Bloomburrow,26,normal,common,1,96114,c4ded450-346d-4917-917a-b62bc0267509,0.04,false,false,false,near_mint,en,false,EUR,2026-09-14T12:19:12.813Z
Racers' Ring,SNC,Streets of New Capenna,253,normal,common,1,67661,2a11bdb2-a269-4038-85f3-69fbd02982e9,0.07,false,false,false,near_mint,en,false,EUR,2026-09-14T12:19:12.813Z
Radiant Fountain,C21,Commander 2021,310,normal,common,1,58812,7ee5e77f-ca43-480d-ac37-48336d3bf044,0.34,false,false,false,near_mint,en,false,EUR,2026-09-14T12:19:12.813Z
Radiant Grove,TDC,Tarkir: Dragonstorm Commander,385,normal,common,1,104598,466fd4e6-f1dd-40c9-92df-1da48ab729d6,0.19,false,false,false,near_mint,en,false,EUR,2026-09-14T12:19:12.813Z
Radiant's Judgment,DMR,Dominaria Remastered,21,normal,common,1,77917,5abbdd37-dc24-4bf7-808e-6354af7d7ec6,0.06,false,false,false,near_mint,en,false,EUR,2026-09-14T12:19:12.813Z
Radical Idea,OTC,Outlaws of Thunder Junction Commander,110,normal,common,1,93793,aa32ec44-d29b-4ebe-82f5-4fe67bca07eb,0.16,false,false,false,near_mint,en,false,EUR,2026-09-14T12:19:12.813Z
Raffine's Guidance,SOC,Secrets of Strixhaven Commander,162,normal,common,1,112021,8eb97e21-442b-4f23-a846-f0a0135a5c31,0.13,false,false,false,near_mint,en,false,EUR,2026-09-14T12:19:12.813Z
Raffine's Informant,SNC,Streets of New Capenna,26,normal,common,1,67742,4e64ff87-2099-4360-94f6-164277b7b514,0.5,false,false,false,near_mint,en,false,EUR,2026-09-14T12:19:12.813Z
Ragged Recluse // Odious Witch,VOW,Innistrad: Crimson Vow,127,normal,common,1,64285,7fb728de-0d6e-4b32-b0c4-edd7382d1391,0.04,false,false,false,near_mint,en,false,EUR,2026-09-14T12:19:12.813Z
Ragged Short Spear,HOB,The Hobbit,108,normal,common,1,115203,7bf81a8b-52ad-49f5-a3d4-22613cad3a3d,0.09,false,false,false,near_mint,en,false,EUR,2026-09-14T12:19:12.813Z
Ragged Veins,CHK,Champions of Kamigawa,139,normal,common,1,29087,c7f3312f-71d0-4dfd-ba39-c2a2ff8d5bd0,0.16,false,false,false,near_mint,en,false,EUR,2026-09-14T12:19:12.813Z
Raging Goblin,EVG,Duel Decks Anthology: Elves vs. Goblins,47,normal,common,1,12369,3ee34158-867f-4685-8f2b-af9469b628c3,0.2,false,false,false,near_mint,en,false,EUR,2026-09-14T12:19:12.813Z
Raid Bombardment,UMA,Ultimate Masters,142,normal,common,1,43368,ca75d458-4947-4075-89b6-e93936c67370,0.16,false,false,false,near_mint,en,false,EUR,2026-09-14T12:19:12.813Z
Rain of Revelation,M21,Core Set 2021,61,normal,uncommon,1,51030,da367981-9d6f-419f-9f58-f969b6183336,0.07,false,false,false,near_mint,en,false,EUR,2026-09-14T12:19:12.813Z
Raise Dead,W17,Welcome Deck 2017,18,normal,common,1,5851,4950c3c2-80c1-4447-ac38-cf40f76b9545,0.15,false,false,false,near_mint,en,false,EUR,2026-09-14T12:19:12.813Z
Raise the Alarm,CMR,Commander Legends,41,normal,common,1,55721,6c7c8527-55f6-494d-b4f7-c427a5735053,0.07,false,false,false,near_mint,en,false,EUR,2026-09-14T12:19:12.813Z
Raise the Draugr,KHM,Kaldheim,105,normal,common,1,56769,1a67c196-632c-4c7b-a132-de07d894e634,0.14,false,false,false,near_mint,en,false,EUR,2026-09-14T12:19:12.813Z
Rakdos Carnarium,ECC,Lorwyn Eclipsed Commander,161,normal,uncommon,1,110454,20c799a9-ab94-46e6-9111-00505e071c41,0.27,false,false,false,near_mint,en,false,EUR,2026-09-14T12:19:12.813Z
Raking Claws,IKO,Ikoria: Lair of Behemoths,131,normal,common,1,49946,6eb0d9a2-f9bb-4d8e-a1ca-896c42f8ad56,0.11,false,false,false,near_mint,en,false,EUR,2026-09-14T12:19:12.813Z
Rally at the Hornburg,LTR,The Lord of the Rings: Tales of Middle-earth,142,normal,common,1,83622,ee7292f7-1c7e-449c-9c52-7584d6a14c2c,0.21,false,false,false,near_mint,en,false,EUR,2026-09-14T12:19:12.813Z
Rally the Peasants,INR,Innistrad Remastered,37,normal,uncommon,1,102675,9387f821-10ec-4698-9697-ad37084b4861,0.14,false,false,false,near_mint,en,false,EUR,2026-09-14T12:19:12.813Z
Rally the Righteous,RAV,Ravnica: City of Guilds,222,normal,common,1,27788,9da51b6c-2e27-4b41-8fb0-bd9f6ad47b19,0.09,false,false,false,near_mint,en,false,EUR,2026-09-14T12:19:12.813Z
Ram Through,CMM,Commander Masters,314,normal,common,1,84298,44063a90-e4cf-4bcd-a128-792de15371a7,0.46,false,false,false,near_mint,en,false,EUR,2026-09-14T12:19:12.813Z
Ramosian Lieutenant,MMQ,Mercadian Masques,37,normal,common,1,34373,debe840a-ebc9-43c4-9bf7-7eb292b65bf9,0.18,false,false,false,near_mint,en,false,EUR,2026-09-14T12:19:12.813Z
Ramosian Rally,MMQ,Mercadian Masques,38,normal,common,1,34372,7fc0ff04-43e7-4a0d-b7e2-8bab72cc6cc0,0.88,false,false,false,near_mint,en,false,EUR,2026-09-14T12:19:12.813Z
Ramosian Sergeant,MMQ,Mercadian Masques,39,normal,common,1,34371,ef2b036d-5721-4a6e-bf43-69148b90da10,0.35,false,false,false,near_mint,en,false,EUR,2026-09-14T12:19:12.813Z
Rampant Growth,TDC,Tarkir: Dragonstorm Commander,265,normal,common,1,104904,b7c47024-5e08-4b17-b41a-7647f8b814b9,0.54,false,false,false,near_mint,en,false,EUR,2026-09-14T12:19:12.813Z
Rancid Earth,TOR,Torment,78,normal,common,1,31663,23d07a96-85ba-4714-94a5-4a8125954f58,0.59,false,false,false,near_mint,en,false,EUR,2026-09-14T12:19:12.813Z
Rancor,2X2,Double Masters 2022,156,normal,uncommon,1,70354,86d6b411-4a31-4bfc-8dd6-e19f553bb29b,1.2,false,false,false,near_mint,en,false,EUR,2026-09-14T12:19:12.813Z
Rancorous Archaic,SOS,Secrets of Strixhaven,2,normal,common,1,111695,2565e16a-ed31-4867-adb8-f1633d580397,0.04,false,false,false,near_mint,en,false,EUR,2026-09-14T12:19:12.813Z
Ranger's Guile,M21,Core Set 2021,199,normal,common,1,50685,02392840-f0c4-462e-84ce-9a7cdd9f5efb,0.1,false,false,false,near_mint,en,false,EUR,2026-09-14T12:19:12.813Z
Ransack the Lab,MH1,Modern Horizons,103,normal,common,1,44831,b547513d-8b69-41cd-84c9-4b08b6426f1d,0.1,false,false,false,near_mint,en,false,EUR,2026-09-14T12:19:12.813Z
Rapacious Dragon,TDC,Tarkir: Dragonstorm Commander,229,normal,uncommon,1,104453,1098504a-977a-4733-a1ee-086461113a84,0.15,false,false,false,near_mint,en,false,EUR,2026-09-14T12:19:12.813Z
Rapacious One,CMM,Commander Masters,249,normal,common,1,84197,2f8e2ef7-fabd-4ae9-8224-5acb3fd7d1ae,0.12,false,false,false,near_mint,en,false,EUR,2026-09-14T12:19:12.813Z
"Raphael, Tough Turtle",TMT,Teenage Mutant Ninja Turtles,104,normal,common,1,111390,f24c90c8-ed04-4b4e-8b19-c7d07a90c6b8,0.09,false,false,false,near_mint,en,false,EUR,2026-09-14T12:19:12.813Z
Raucous Carnival,DSK,Duskmourn: House of Horror,266,normal,common,1,98618,3604a211-9bf7-474e-bd78-32a862f4259c,0.1,false,false,false,near_mint,en,false,EUR,2026-09-14T12:19:12.813Z
Raven of Fell Omens,OTJ,Outlaws of Thunder Junction,101,normal,common,1,93386,e2df3cb4-1658-450a-912a-df336706acdc,0.1,false,false,false,near_mint,en,false,EUR,2026-09-14T12:19:12.813Z
Raven's Crime,MMA,Modern Masters,95,normal,common,1,16214,7271436b-897a-4b24-a5d2-d29dbea8c1bf,0.45,false,false,false,near_mint,en,false,EUR,2026-09-14T12:19:12.813Z
Ravenform,LCC,The Lost Caverns of Ixalan Commander,167,normal,common,1,89027,f2d5e87b-1ee8-47db-9bc3-f5becfe79b37,0.24,false,false,false,near_mint,en,false,EUR,2026-09-14T12:19:12.813Z
Ravening Warg,HOB,The Hobbit,80,normal,common,1,115257,ea7b5052-b343-466d-879e-2a211657ef0a,0.06,false,false,false,near_mint,en,false,EUR,2026-09-14T12:19:12.813Z
Ravenous Rats,GVL,Duel Decks Anthology: Garruk vs. Liliana,37,normal,common,1,12317,f87e5072-525e-4b0b-a5c3-ee5e89a81e1d,0.27,false,false,false,near_mint,en,false,EUR,2026-09-14T12:19:12.813Z
Ray of Revelation,DKA,Dark Ascension,17,normal,common,1,18520,d7e2c5a4-cf92-46bd-9033-8036436488cb,0.23,false,false,false,near_mint,en,false,EUR,2026-09-14T12:19:12.813Z
Raze,USG,Urza's Saga,207,normal,common,1,35761,56d51b3c-24e9-41b6-b7cd-c70329e498ca,1.21,false,false,false,near_mint,en,false,EUR,2026-09-14T12:19:12.813Z
Raze the Effigy,MID,Innistrad: Midnight Hunt,156,normal,common,1,63471,e0dd378c-5050-48c9-9a16-6d91afa62d21,0.11,false,false,false,near_mint,en,false,EUR,2026-09-14T12:19:12.813Z
Raze to the Ground,BRO,The Brothers' War,149,normal,common,1,75598,838b25d2-7615-4375-a5e6-3d762c9072a5,0.05,false,false,false,near_mint,en,false,EUR,2026-09-14T12:19:12.813Z
Razor Rings,TLA,Avatar: The Last Airbender,33,normal,common,1,108265,b05cfee5-ee59-4df6-a5f6-d9ef0fa7f98a,0.03,false,false,false,near_mint,en,false,EUR,2026-09-14T12:19:12.813Z
Razortide Bridge,EOC,Edge of Eternities Commander,171,normal,common,1,107227,0bbd24cd-48f7-40d7-9741-f30108f04b84,0.23,false,false,false,near_mint,en,false,EUR,2026-09-14T12:19:12.813Z
Razortip Whip,GTC,Gatecrash,235,normal,common,1,16589,24619d3f-1051-4d8e-9c8d-70a12621b282,0.05,false,false,false,near_mint,en,false,EUR,2026-09-14T12:19:12.813Z
Razortrap Gorge,DSK,Duskmourn: House of Horror,267,normal,common,1,98654,98d0d067-b52d-47ec-ba7b-8cfcd716c0e5,0.22,false,false,false,near_mint,en,false,EUR,2026-09-14T12:19:12.813Z
Razzle-Dazzler,OTJ,Outlaws of Thunder Junction,63,normal,common,1,93430,f7d08008-9272-405e-82ef-566e6d42bb17,0.04,false,false,false,near_mint,en,false,EUR,2026-09-14T12:19:12.813Z
Reach Through Mists,DDS,Duel Decks: Mind vs. Might,7,normal,common,1,5936,0b6d5d29-4f38-4229-ac50-c4fa97fcc536,0.13,false,false,false,near_mint,en,false,EUR,2026-09-14T12:19:12.813Z
Read the Bones,DSC,Duskmourn: House of Horror Commander,154,normal,common,1,99301,b3198f96-f9d8-494f-a556-24ce3ad3895d,0.36,false,false,false,near_mint,en,false,EUR,2026-09-14T12:19:12.813Z
Reality Acid,TSR,Time Spiral Remastered,81,normal,common,1,57789,a8510381-e05c-4cc4-98aa-c9327e18ec02,0.16,false,false,false,near_mint,en,false,EUR,2026-09-14T12:19:12.813Z
Reality Anchor,TMP,Tempest,246,normal,common,1,36753,21204f62-c253-4d88-a4cd-7c0f6f0513e0,0.06,false,false,false,near_mint,en,false,EUR,2026-09-14T12:19:12.813Z
Reality Ripple,MIR,Mirage,87,normal,common,1,38503,c5b94eed-2a45-4a6b-a06b-a2021b174bc5,0.35,false,false,false,near_mint,en,false,EUR,2026-09-14T12:19:12.813Z
Realmbreaker's Grasp,MOM,March of the Machine,33,normal,common,1,81376,67a41675-47dd-40ca-a30c-0fd0faa32b76,0.09,false,false,false,near_mint,en,false,EUR,2026-09-14T12:19:12.813Z
Reap and Sow,DST,Darksteel,81,normal,common,1,29580,ff6c4ae7-8509-47a2-bc28-d131b1e6676c,0.24,false,false,false,near_mint,en,false,EUR,2026-09-14T12:19:12.813Z
Reaping the Graves,SCG,Scourge,72,normal,common,1,30616,760a66bd-2821-4710-8f02-3c30772dd884,0.57,false,false,false,near_mint,en,false,EUR,2026-09-14T12:19:12.813Z
Reasonable Doubt,MKM,Murders at Karlov Manor,69,normal,common,1,90732,270570a3-8637-4e4e-92d9-e985474cd5d2,0.05,false,false,false,near_mint,en,false,EUR,2026-09-14T12:19:12.813Z
Reckless Abandon,DDN,Duel Decks: Speed vs. Cunning,20,normal,common,1,13510,4327fd85-eb89-4707-80f8-bdf41179eda5,0.29,false,false,false,near_mint,en,false,EUR,2026-09-14T12:19:12.813Z
Reckless Barbarian,CLB,Commander Legends: Battle for Baldur's Gate,193,normal,common,1,69289,c912e984-1d27-4da2-9733-d56e437bcf58,0.37,false,false,false,near_mint,en,false,EUR,2026-09-14T12:19:12.813Z
Reckless Bushwhacker,OGW,Oath of the Gatewatch,116,normal,uncommon,1,9266,0405b1b9-976a-4aaf-bec6-fa006decea74,0.37,false,false,false,near_mint,en,false,EUR,2026-09-14T12:19:12.813Z
Reckless Charge,MH1,Modern Horizons,144,normal,common,1,44790,1754a8db-060e-470f-94c0-37f12d82978a,0.1,false,false,false,near_mint,en,false,EUR,2026-09-14T12:19:12.813Z
Reckless Fireweaver,DRC,Aetherdrift Commander,106,normal,common,1,102997,3e626e3e-1d08-4d6c-b29b-71157e568b45,0.74,false,false,false,near_mint,en,false,EUR,2026-09-14T12:19:12.813Z
Reckless Impulse,VOW,Innistrad: Crimson Vow,174,normal,common,1,64250,6943c07f-ab0d-4f5a-bbe9-c0a83dc98546,1.41,false,false,false,near_mint,en,false,EUR,2026-09-14T12:19:12.813Z
Reckless Lackey,OTJ,Outlaws of Thunder Junction,140,normal,common,1,93262,912fcd14-5e81-418c-997b-771f2f38f63d,0.19,false,false,false,near_mint,en,false,EUR,2026-09-14T12:19:12.813Z
Reckless Ransacking,ECL,Lorwyn Eclipsed,152,normal,common,1,110706,24a5b025-4cdb-416d-aad6-0fc7e8da3df2,0.09,false,false,false,near_mint,en,false,EUR,2026-09-14T12:19:12.813Z
Reckoner's Bargain,NEO,Kamigawa: Neon Dynasty,120,normal,common,1,66883,6338942d-d650-4571-8ec6-4d658792c53e,1.59,false,false,false,near_mint,en,false,EUR,2026-09-14T12:19:12.813Z
Reclaim,ORI,Magic Origins,195,normal,common,1,10747,88f3c600-66f1-4a5e-ba4f-61e9f7f7a1d9,0.13,false,false,false,near_mint,en,false,EUR,2026-09-14T12:19:12.813Z
Reclaiming Vines,BFZ,Battle for Zendikar,185,normal,common,1,10166,18be4c1a-58d7-409e-b7e0-aadb5ccf814d,0.11,false,false,false,near_mint,en,false,EUR,2026-09-14T12:19:12.813Z
Reclamation Sage,FDN,Foundations,231,normal,uncommon,1,100197,1918ea65-ab7f-4d40-97fd-a656c892a2a1,0.14,false,false,false,near_mint,en,false,EUR,2026-09-14T12:19:12.813Z
Recoil,DMR,Dominaria Remastered,197,normal,uncommon,1,78034,9035dda8-5ad3-4169-b281-83d6ca55b71e,0.09,false,false,false,near_mint,en,false,EUR,2026-09-14T12:19:12.813Z
Recommission,BRO,The Brothers' War,22,normal,common,1,75358,2a64e330-1257-4ec3-9a75-889cdcac3ade,0.24,false,false,false,near_mint,en,false,EUR,2026-09-14T12:19:12.813Z
Recruit the Worthy,MH1,Modern Horizons,22,normal,common,1,44912,fb025c0c-7fdf-4f71-afd5-ef11cd2804eb,0.06,false,false,false,near_mint,en,false,EUR,2026-09-14T12:19:12.813Z
Red Elemental Blast,A25,Masters 25,147,normal,uncommon,1,2569,70a45e9b-699e-425a-9f3d-267274830d3e,10.99,false,false,false,near_mint,en,false,EUR,2026-09-14T12:19:12.813Z
Red Herring,MKM,Murders at Karlov Manor,142,normal,common,1,90942,6c137a44-9ab6-4e59-8324-34d9dca8f5a6,0.03,false,false,false,near_mint,en,false,EUR,2026-09-14T12:19:12.813Z
Red Mage's Rapier,FIN,Final Fantasy,152,normal,common,1,106669,e0579955-75f9-47a9-8b03-e287d120826a,0.08,false,false,false,near_mint,en,false,EUR,2026-09-14T12:19:12.813Z
Red Room Recruit,MSH,Marvel Super Heroes,110,normal,common,1,114087,f52a5ba3-a618-4f52-9d33-ba85345eb627,0.07,false,false,false,near_mint,en,false,EUR,2026-09-14T12:19:12.813Z
Reef Shaman,APC,Apocalypse,29,normal,common,1,32427,c6f56714-0baa-48f9-8da1-50d9279e759c,0.19,false,false,false,near_mint,en,false,EUR,2026-09-14T12:19:12.813Z
Refurbished Familiar,MH3,Modern Horizons 3,105,normal,common,1,94881,b338e078-629c-4cac-bd1d-e1f0a132728d,0.39,false,false,false,near_mint,en,false,EUR,2026-09-14T12:19:12.813Z
Refute,FDN,Foundations,48,normal,common,1,100368,38806934-dd9c-4ad4-a59c-a16dce03a14a,0.09,false,false,false,near_mint,en,false,EUR,2026-09-14T12:19:12.813Z
Reinforcements,CST,Coldsnap Theme Decks,12b,normal,common,1,27083,cd7bd7d8-dd3b-4da0-a906-74f7fc1b16bb,0.24,false,false,false,near_mint,en,false,EUR,2026-09-14T12:19:12.813Z
Reject,STX,Strixhaven: School of Mages,50,normal,common,1,58338,d77f0731-fb40-4dc2-8530-afcb5ce1f27f,0.06,false,false,false,near_mint,en,false,EUR,2026-09-14T12:19:12.813Z
Relentless Pursuit,THB,Theros Beyond Death,195,normal,common,1,46867,752b9560-b1d6-441c-8bc8-bf6988112d25,0.03,false,false,false,near_mint,en,false,EUR,2026-09-14T12:19:12.813Z
Relentless Rats,A25,Masters 25,105,normal,common,1,2611,75f47b6e-9557-4853-b8d6-7602a91c59a7,1.77,false,false,false,near_mint,en,false,EUR,2026-09-14T12:19:12.813Z
Relic of Progenitus,EMA,Eternal Masters,231,normal,uncommon,1,8444,436cd66c-0622-43cd-8748-af4d21a2db3f,7.29,false,false,false,near_mint,en,false,EUR,2026-09-14T12:19:12.813Z
Relic's Roar,LCI,The Lost Caverns of Ixalan,71,normal,common,1,88398,35096eb3-ad7b-4b6e-b799-cb4cc447883e,0.08,false,false,false,near_mint,en,false,EUR,2026-09-14T12:19:12.813Z
Remote Farm,MMQ,Mercadian Masques,323,normal,common,1,34087,115cab84-60d7-4bf2-9beb-b4ed7b5ceaf4,0.9,false,false,false,near_mint,en,false,EUR,2026-09-14T12:19:12.813Z
Remote Isle,DMR,Dominaria Remastered,254,normal,common,1,78060,a340af37-c0a7-4f26-974b-95397b5c32f7,0.14,false,false,false,near_mint,en,false,EUR,2026-09-14T12:19:12.813Z
Remove Enchantments,LEG,Legends,33,normal,common,1,41086,bf2e3a8a-b386-474d-b8e9-4c2d56a2b742,2.61,false,false,false,near_mint,en,false,EUR,2026-09-14T12:19:12.813Z
Remove Soul,10E,Tenth Edition,100,normal,common,1,26009,35673701-684c-4ba6-99f5-74364bc6fec2,0.14,false,false,false,near_mint,en,false,EUR,2026-09-14T12:19:12.813Z
Rending Vines,SOK,Saviors of Kamigawa,143,normal,common,1,28395,34cf7931-d086-496e-98dc-5daa60e01f5b,0.13,false,false,false,near_mint,en,false,EUR,2026-09-14T12:19:12.813Z
Renegade Map,AER,Aether Revolt,173,normal,common,1,6241,ac063445-d0e2-4015-96dc-97098433f30a,0.09,false,false,false,near_mint,en,false,EUR,2026-09-14T12:19:12.813Z
Renewed Faith,DMR,Dominaria Remastered,23,normal,common,1,78070,a7d66dd3-330f-4b12-81f6-52d7a31013a9,0.05,false,false,false,near_mint,en,false,EUR,2026-09-14T12:19:12.813Z
Repeal,CLU,Ravnica: Clue Edition,94,normal,common,1,90728,265b80cd-2e9c-4e4b-a065-eafb29b3e07a,0.19,false,false,false,near_mint,en,false,EUR,2026-09-14T12:19:12.813Z
Repopulate,ULG,Urza's Legacy,111,normal,common,1,35409,aac77869-97bc-4976-9ee0-3d60e162b78a,0.19,false,false,false,near_mint,en,false,EUR,2026-09-14T12:19:12.813Z
Repository Skaab,VOW,Innistrad: Crimson Vow,73,normal,common,1,64282,7cc22c2a-535a-46b5-817c-da5850abd669,0.07,false,false,false,near_mint,en,false,EUR,2026-09-14T12:19:12.813Z
Repulse,WOC,Wilds of Eldraine Commander,107,normal,common,1,85663,b23bb656-706e-4cf0-834d-82bffe29db2a,0.15,false,false,false,near_mint,en,false,EUR,2026-09-14T12:19:12.813Z
Rescind,USG,Urza's Saga,92,normal,common,1,35876,58dde1dc-8eee-4a66-87d9-fdfb42270744,0.18,false,false,false,near_mint,en,false,EUR,2026-09-14T12:19:12.813Z
Rescue,DOM,Dominaria,63,normal,common,1,2213,08050607-b558-4f99-b716-bbbab54e9b68,0.08,false,false,false,near_mint,en,false,EUR,2026-09-14T12:19:12.813Z
Resculpt,SOC,Secrets of Strixhaven Commander,201,normal,common,1,111938,5443f46d-03f9-468e-a78d-a059529b1151,0.21,false,false,false,near_mint,en,false,EUR,2026-09-14T12:19:12.813Z
Resentful Revelation,FIN,Final Fantasy,114,normal,common,1,106598,945006ea-c6a1-4ee5-abb2-387c2b6d3123,0.09,false,false,false,near_mint,en,false,EUR,2026-09-14T12:19:12.813Z
Respite,CNS,Conspiracy,176,normal,common,1,14244,d9b5c747-43d6-4c5f-9ca3-feaf004a88cb,0.23,false,false,false,near_mint,en,false,EUR,2026-09-14T12:19:12.813Z
Rest for the Weary,WWK,Worldwake,18,normal,common,1,22173,75eb8537-42c9-41d5-be0a-1186bc8dee0b,0.18,false,false,false,near_mint,en,false,EUR,2026-09-14T12:19:12.813Z
Retraction Helix,A25,Masters 25,71,normal,common,1,2645,7aa3fdd0-34d8-47b3-9753-d2929838732e,0.22,false,false,false,near_mint,en,false,EUR,2026-09-14T12:19:12.813Z
Retrofitted Transmogrant,MH3,Modern Horizons 3,106,normal,common,1,94839,12c1b83d-710b-4680-855a-02ba1f72abf0,0.1,false,false,false,near_mint,en,false,EUR,2026-09-14T12:19:12.813Z
Return to Dust,DSC,Duskmourn: House of Horror Commander,102,normal,uncommon,1,99112,3c3745c2-5509-4d6b-8f49-5cb93374edea,0.14,false,false,false,near_mint,en,false,EUR,2026-09-14T12:19:12.813Z
Return to Nature,MOC,March of the Machine Commander,309,normal,common,1,81767,7e99f99a-68a1-4f35-853c-794630d313fc,0.21,false,false,false,near_mint,en,false,EUR,2026-09-14T12:19:12.813Z
Return Triumphant,WOE,Wilds of Eldraine,26,normal,common,1,85836,f5209c13-9591-48eb-8d6c-112b3bdd429a,0.11,false,false,false,near_mint,en,false,EUR,2026-09-14T12:19:12.813Z
Returned Centaur,ORI,Magic Origins,116,normal,common,1,10826,103b369c-da58-40e7-98aa-5a5471434bca,0.06,false,false,false,near_mint,en,false,EUR,2026-09-14T12:19:12.813Z
Reverent Silence,NEM,Nemesis,111,normal,common,1,33771,b82d3432-2167-4a65-8221-cb7b338e60d0,0.74,false,false,false,near_mint,en,false,EUR,2026-09-14T12:19:12.813Z
Reverse Engineer,CMM,Commander Masters,116,normal,common,1,84013,07fff0a3-1315-42f7-9d36-4f5eaad0c62e,0.08,false,false,false,near_mint,en,false,EUR,2026-09-14T12:19:12.813Z
Revitalize,KHM,Kaldheim,23,normal,common,1,56826,3a9fb75e-c8e5-417b-83d4-5105af9c66c1,0.04,false,false,false,near_mint,en,false,EUR,2026-09-14T12:19:12.813Z
Revive the Shire,LTR,The Lord of the Rings: Tales of Middle-earth,185,normal,common,1,83045,46b7f493-1b57-4b07-8510-30703282f879,0.09,false,false,false,near_mint,en,false,EUR,2026-09-14T12:19:12.813Z
Revoke Existence,2XM,Double Masters,28,normal,common,1,52164,7bd4fc26-8351-4371-948b-f43346c3e771,0.14,false,false,false,near_mint,en,false,EUR,2026-09-14T12:19:12.813Z
Revolutionist,MH2,Modern Horizons 2,139,normal,common,1,59776,bb8f3008-a3ba-4f73-afa6-ad81074b3196,0.09,false,false,false,near_mint,en,false,EUR,2026-09-14T12:19:12.813Z
Rewind,M21,Core Set 2021,63,normal,uncommon,1,50966,b832abcc-9ffd-47bf-827a-01b303c610ee,0.51,false,false,false,near_mint,en,false,EUR,2026-09-14T12:19:12.813Z
Rhox Veteran,MH1,Modern Horizons,24,normal,common,1,44910,6384e266-d0dc-4af1-b3ab-ecaf9be2553c,0.04,false,false,false,near_mint,en,false,EUR,2026-09-14T12:19:12.813Z
Rhystic Circle,PCY,Prophecy,19,normal,common,1,33661,4a76711e-b508-4bb7-a87c-911a11905af3,0.12,false,false,false,near_mint,en,false,EUR,2026-09-14T12:19:12.813Z
Rhystic Study,PCY,Prophecy,45,normal,common,1,33635,3394cefd-a3c6-4917-8f46-234e441ecfb6,34.65,false,false,false,near_mint,en,false,EUR,2026-09-14T12:19:12.813Z
Ride's End,DFT,Aetherdrift,25,normal,common,1,103460,2f96b33b-c952-45ac-9626-40169b2bd4ef,0.16,false,false,false,near_mint,en,false,EUR,2026-09-14T12:19:12.813Z
Rift Bolt,2X2,Double Masters 2022,122,normal,common,1,70208,4ccd0ada-92b2-48f3-b5ae-96346fc138b6,0.13,false,false,false,near_mint,en,false,EUR,2026-09-14T12:19:12.813Z
Rift Sower,MH2,Modern Horizons 2,170,normal,common,1,59688,97dbd212-f1e8-429a-bf00-b2ea966d880e,0.07,false,false,false,near_mint,en,false,EUR,2026-09-14T12:19:12.813Z
Righteous Charge,GTC,Gatecrash,23,normal,uncommon,1,16801,f52cb325-4f16-4cf3-9999-feafe0fde8c2,0.07,false,false,false,near_mint,en,false,EUR,2026-09-14T12:19:12.813Z
Rile,AFC,Forgotten Realms Commander,136,normal,common,1,60795,89f51602-0ab8-4acd-9734-16ef05953970,0.24,false,false,false,near_mint,en,false,EUR,2026-09-14T12:19:12.813Z
Rimebound Dead,CSP,Coldsnap,69,normal,common,1,27172,6877469b-f14e-4121-aa5d-6cea92ab7278,0.18,false,false,false,near_mint,en,false,EUR,2026-09-14T12:19:12.813Z
Rimewind Taskmage,CSP,Coldsnap,44,normal,common,1,27197,e9cdc06e-1458-4b19-a272-28a3d0453643,0.13,false,false,false,near_mint,en,false,EUR,2026-09-14T12:19:12.813Z
Rimewood Falls,KHM,Kaldheim,266,normal,common,1,57108,da1db084-f235-4e26-8867-5f0835a0d283,0.74,false,false,false,near_mint,en,false,EUR,2026-09-14T12:19:12.813Z
Rimrock Knight // Boulder Rush,ELD,Throne of Eldraine,137,normal,common,1,46201,a3d13d84-01e4-4429-93db-e5afff811527,0.15,false,false,false,near_mint,en,false,EUR,2026-09-14T12:19:12.813Z
Ringing Strike Mastery,TDM,Tarkir: Dragonstorm,53,normal,common,1,104399,ff4fc7ec-05f5-479a-8fbb-31e12a67b57e,0.06,false,false,false,near_mint,en,false,EUR,2026-09-14T12:19:12.813Z
Riot Control,BLC,Bloomburrow Commander,151,normal,common,1,96525,f0ca86cd-1b24-4abc-a877-c3aee6acf873,0.35,false,false,false,near_mint,en,false,EUR,2026-09-14T12:19:12.813Z
Risky Shortcut,DFT,Aetherdrift,103,normal,common,1,103625,c80aa587-4445-43d7-abc0-654d94ff4cda,0.16,false,false,false,near_mint,en,false,EUR,2026-09-14T12:19:12.813Z
Rite of Consumption,SHM,Shadowmoor,76,normal,common,1,24790,f62d999c-c81e-4bea-aefd-0d12251dcdd1,2.91,false,false,false,near_mint,en,false,EUR,2026-09-14T12:19:12.813Z
Rite of Flame,SS3,Signature Spellbook: Chandra,7,normal,rare,1,51098,10548126-2bac-435d-b7ee-cbfea97a40ea,3.43,false,false,false,near_mint,en,false,EUR,2026-09-14T12:19:12.813Z
Rites of Initiation,ODY,Odyssey,217,normal,common,1,31960,6f2fc246-2e95-456f-aa4e-97768c4f4bb4,0.29,false,false,false,near_mint,en,false,EUR,2026-09-14T12:19:12.813Z
River Boa,DDM,Duel Decks: Jace vs. Vraska,49,normal,uncommon,1,14701,edfbf056-c3b7-40e9-8e2b-333585978ac9,0.14,false,false,false,near_mint,en,false,EUR,2026-09-14T12:19:12.813Z
Riveteers Overlook,ECC,Lorwyn Eclipsed Commander,162,normal,common,1,110516,65ce9590-87c0-4057-bddb-fadc0de552f6,0.19,false,false,false,near_mint,en,false,EUR,2026-09-14T12:19:12.813Z
"Rocksteady, Crash Courser",TMT,Teenage Mutant Ninja Turtles,131,normal,common,1,111607,ebbb5756-80fa-406f-8daa-be1f5a6c3c80,0.05,false,false,false,near_mint,en,false,EUR,2026-09-14T12:19:12.813Z
Rocky Rebuke,TLA,Avatar: The Last Airbender,193,normal,common,1,108211,52fd910f-6d42-41f5-a4be-f375aa254ea2,0.08,false,false,false,near_mint,en,false,EUR,2026-09-14T12:19:12.813Z
Rofellos's Gift,UDS,Urza's Destiny,119,normal,common,1,34726,a41347ba-b2e3-4d7e-8018-e6fd30243559,0.28,false,false,false,near_mint,en,false,EUR,2026-09-14T12:19:12.813Z
Rogue Elephant,WTH,Weatherlight,139,normal,common,1,37158,1b622b2f-84ad-4203-97fa-35af09e1c370,0.45,false,false,false,near_mint,en,false,EUR,2026-09-14T12:19:12.813Z
Roiling Terrain,WWK,Worldwake,88,normal,common,1,22103,87d3a425-01d1-4001-92f9-8e297dd862b7,0.17,false,false,false,near_mint,en,false,EUR,2026-09-14T12:19:12.813Z
Rolling Thunder,BFZ,Battle for Zendikar,154,normal,uncommon,1,10197,5dd980d5-c6d1-4834-977b-22e80f0b449d,0.12,false,false,false,near_mint,en,false,EUR,2026-09-14T12:19:12.813Z
Romantic Rendezvous,MSC,Marvel Super Heroes Commander,808,normal,common,1,114071,ede080dd-7df6-474b-b481-de842fec3139,0.16,false,false,false,near_mint,en,false,EUR,2026-09-14T12:19:12.813Z
Rooftop Percher,ECL,Lorwyn Eclipsed,2,normal,common,1,110464,2d89595c-1542-41fe-8d23-997522922698,0.11,false,false,false,near_mint,en,false,EUR,2026-09-14T12:19:12.813Z
Rook Turret,FIN,Final Fantasy,69,normal,common,1,106541,4572884d-0c0e-41e7-b219-f76b95fdbd01,0.06,false,false,false,near_mint,en,false,EUR,2026-09-14T12:19:12.813Z
Root Snare,RNA,Ravnica Allegiance,137,normal,common,1,43728,5f38b1a2-3f85-4dcd-b90d-bb049651b8b7,0.07,false,false,false,near_mint,en,false,EUR,2026-09-14T12:19:12.813Z
Rootborn Defenses,CLU,Ravnica: Clue Edition,71,normal,common,1,91281,eb3ef4da-27c0-4364-a198-f70bea869d9b,0.27,false,false,false,near_mint,en,false,EUR,2026-09-14T12:19:12.813Z
Rot Wolf,MBS,Mirrodin Besieged,90,normal,common,1,20051,7a81dfcf-a7c4-41a4-b1e9-b9e9c3f75742,0.26,false,false,false,near_mint,en,false,EUR,2026-09-14T12:19:12.813Z
Roterothopter,HML,Homelands,109,normal,common,1,39167,22148a1a-2172-4718-8ee4-08770eafed9f,0.27,false,false,false,near_mint,en,false,EUR,2026-09-14T12:19:12.813Z
Rotten Reunion,MID,Innistrad: Midnight Hunt,119,normal,common,1,63355,97398ad2-675b-4a34-aab7-935dd6714f1c,0.25,false,false,false,near_mint,en,false,EUR,2026-09-14T12:19:12.813Z
Roving Harper,CLB,Commander Legends: Battle for Baldur's Gate,40,normal,common,1,69283,c6b0ed9c-9a99-4a50-80a9-396420a8dcf9,0.11,false,false,false,near_mint,en,false,EUR,2026-09-14T12:19:12.813Z
Rowan's Grim Search,WOE,Wilds of Eldraine,104,normal,common,1,85286,1be6786e-0569-42dd-b03c-82da7b32a14f,0.2,false,false,false,near_mint,en,false,EUR,2026-09-14T12:19:12.813Z
Rubble Reading,RNA,Ravnica Allegiance,110,normal,common,1,43755,8ace095a-3ea9-4121-8ffb-5b3612b96985,0.13,false,false,false,near_mint,en,false,EUR,2026-09-14T12:19:12.813Z
Rubblebelt Boar,GRN,Guilds of Ravnica,114,normal,common,1,369,196bf114-e135-43f3-83d5-cb08ca766881,0.03,false,false,false,near_mint,en,false,EUR,2026-09-14T12:19:12.813Z
Rubblebelt Maaka,RVR,Ravnica Remastered,121,normal,common,1,89799,8ead6cd6-12d9-4977-a36a-fab0cc42d0cf,0.06,false,false,false,near_mint,en,false,EUR,2026-09-14T12:19:12.813Z
Rubblebelt Maverick,MKM,Murders at Karlov Manor,174,normal,common,1,91011,81c7ff67-b9e1-4d2e-b1ae-da9b946da00b,0.1,false,false,false,near_mint,en,false,EUR,2026-09-14T12:19:12.813Z
Rugged Highlands,TDM,Tarkir: Dragonstorm,265,normal,common,1,104267,31261eca-28ad-407c-84ef-0c124d0d7451,0.05,false,false,false,near_mint,en,false,EUR,2026-09-14T12:19:12.813Z
Ruin Processor,BFZ,Battle for Zendikar,12,normal,common,1,10339,d997088b-f8f9-4e4c-ba64-aa7f43cc7505,0.1,false,false,false,near_mint,en,false,EUR,2026-09-14T12:19:12.813Z
Rumble Arena,TLA,Avatar: The Last Airbender,277,normal,common,1,109688,3f5d2c38-663c-4f64-8cfc-c102462e82ef,0.09,false,false,false,near_mint,en,false,EUR,2026-09-14T12:19:12.813Z
Rumbling Rockslide,LCI,The Lost Caverns of Ixalan,163,normal,common,1,88486,4f06b53f-ec82-4d7f-bee3-6ca04583f023,0.03,false,false,false,near_mint,en,false,EUR,2026-09-14T12:19:12.813Z
Rummaging Goblin,CMR,Commander Legends,198,normal,common,1,56024,254391a3-c12a-4944-9da5-ae166094480f,0.08,false,false,false,near_mint,en,false,EUR,2026-09-14T12:19:12.813Z
Run Amok,KHM,Kaldheim,147,normal,common,1,56845,44c8136f-2826-476c-a103-7094670506a6,0.06,false,false,false,near_mint,en,false,EUR,2026-09-14T12:19:12.813Z
Run Away Together,ECL,Lorwyn Eclipsed,67,normal,common,1,110474,35c56aff-1f0f-464a-b705-d67803e3d060,0.07,false,false,false,near_mint,en,false,EUR,2026-09-14T12:19:12.813Z
Runaway Boulder,LCI,The Lost Caverns of Ixalan,259,normal,common,1,88241,06d47a3b-dc66-48d8-981b-dde0ccc34ad5,0.08,false,false,false,near_mint,en,false,EUR,2026-09-14T12:19:12.813Z
Rune of Protection: Red,USG,Urza's Saga,40,normal,common,1,35928,2916023b-cf67-443f-9ac7-f03313f9d3b7,0.23,false,false,false,near_mint,en,false,EUR,2026-09-14T12:19:12.813Z
Rune Snag,UMA,Ultimate Masters,68,normal,common,1,43431,40d72a34-0f31-4fec-b5a5-4574199bc312,0.1,false,false,false,near_mint,en,false,EUR,2026-09-14T12:19:12.813Z
Rush of Adrenaline,E02,Explorers of Ixalan,28,normal,common,1,3347,024eea40-6d8f-4b4e-9bcc-e55a9f12bf64,0.14,false,false,false,near_mint,en,false,EUR,2026-09-14T12:19:12.813Z
Rush of Ice,BFZ,Battle for Zendikar,84,normal,common,1,10267,f9ae6f63-d1b2-4bf9-a423-ed6fbb540d4b,0.05,false,false,false,near_mint,en,false,EUR,2026-09-14T12:19:12.813Z
Rush of Knowledge,2XM,Double Masters,66,normal,uncommon,1,52189,ccca07a9-5c24-490f-8871-b125cb337e2c,0.23,false,false,false,near_mint,en,false,EUR,2026-09-14T12:19:12.813Z
Rust,LEG,Legends,203,normal,common,1,40916,ad4974c8-34c5-4290-b325-7586a67f6d56,1.02,false,false,false,near_mint,en,false,EUR,2026-09-14T12:19:12.813Z
Rustvale Bridge,EOC,Edge of Eternities Commander,175,normal,common,1,107339,da54e458-1d4f-45f0-a225-99eb9c4049fb,0.22,false,false,false,near_mint,en,false,EUR,2026-09-14T12:19:12.813Z
Rustwing Falcon,M19,Core Set 2019,36,normal,common,1,1276,c6691e62-8887-41e8-8e74-76ee2353d45e,0.12,false,false,false,near_mint,en,false,EUR,2026-09-14T12:19:12.813Z
Ruthless Ripper,A25,Masters 25,107,normal,common,1,2609,bc78993c-ca67-43b3-a64d-ce0c3bc415bc,0.14,false,false,false,near_mint,en,false,EUR,2026-09-14T12:19:12.813Z
S.H.I.E.L.D. Spy Kit,MSH,Marvel Super Heroes,36,normal,common,1,113677,4938e23f-b5da-493b-9904-af61a3733ba0,0.07,false,false,false,near_mint,en,false,EUR,2026-09-14T12:19:12.813Z
Sabotender,FIN,Final Fantasy,153,normal,common,1,106513,12df1295-8b08-4c8e-bac9-55b4f514c0be,0.13,false,false,false,near_mint,en,false,EUR,2026-09-14T12:19:12.813Z
Sacred Cat,AKH,Amonkhet,27,normal,common,1,5658,08891c78-13c1-4d84-aa9c-78346b3b7d18,0.77,false,false,false,near_mint,en,false,EUR,2026-09-14T12:19:12.813Z
Sacred Peaks,SOC,Secrets of Strixhaven Commander,402,normal,common,1,112174,ee2d6798-b19d-4628-bb57-05663ab4af68,0.14,false,false,false,near_mint,en,false,EUR,2026-09-14T12:19:12.813Z
Sacred Rites,ODY,Odyssey,44,normal,common,1,32133,3d7f1dd0-ee1b-484a-949d-dde4c3340a09,0.06,false,false,false,near_mint,en,false,EUR,2026-09-14T12:19:12.813Z
Sacred Wolf,M12,Magic 2012,194,normal,common,1,19073,ff4661dd-2075-48c3-b19b-fc7f8aaba1b8,0.1,false,false,false,near_mint,en,false,EUR,2026-09-14T12:19:12.813Z
Sadistic Glee,BRB,Battle Royale Box Set,61,normal,common,1,33999,2772e923-e33a-4968-b766-d80926ec4d4b,7.09,false,false,false,near_mint,en,false,EUR,2026-09-14T12:19:12.813Z
Safe Passage,M13,Magic 2013,30,normal,common,1,17793,9fc65c3f-ad29-4368-bf45-8345a7ec6f31,0.1,false,false,false,near_mint,en,false,EUR,2026-09-14T12:19:12.813Z
Safehold Elite,UMA,Ultimate Masters,220,normal,common,1,43303,d049f233-7fcb-49cb-897b-a12d57692fe0,0.11,false,false,false,near_mint,en,false,EUR,2026-09-14T12:19:12.813Z
Safewright Cavalry,ECL,Lorwyn Eclipsed,191,normal,common,1,110870,f7de412a-9731-4bfc-8fbc-c95988a3dd70,0.06,false,false,false,near_mint,en,false,EUR,2026-09-14T12:19:12.813Z
Sage's Row Denizen,M20,Core Set 2020,73,normal,common,1,45388,06ad3e3e-176b-48f0-af2f-fa4fc4759775,0.05,false,false,false,near_mint,en,false,EUR,2026-09-14T12:19:12.813Z
Sagittars' Volley,RNA,Ravnica Allegiance,138,normal,common,1,43727,d3104cad-e684-4bd7-b26b-5aa862f7a2b3,0.06,false,false,false,near_mint,en,false,EUR,2026-09-14T12:19:12.813Z
Sagu Archer,KTK,Khans of Tarkir,146,normal,common,1,13252,3a26baca-467e-4d94-873e-f266bebd5fd8,0.04,false,false,false,near_mint,en,false,EUR,2026-09-14T12:19:12.813Z
Sagu Wildling // Roost Seek,TDM,Tarkir: Dragonstorm,157,normal,common,1,104994,d8b43b00-f4d1-436c-bf3f-6d414cd4ce38,0.21,false,false,false,near_mint,en,false,EUR,2026-09-14T12:19:12.813Z
Sahagin,FIN,Final Fantasy,71,normal,common,1,106276,516940c7-c271-4f64-af75-c7ba98548382,0.04,false,false,false,near_mint,en,false,EUR,2026-09-14T12:19:12.813Z
Saiba Cryptomancer,MOM,March of the Machine,76,normal,common,1,81330,3934d535-740d-471a-bbf1-c3b26b1cd596,0.2,false,false,false,near_mint,en,false,EUR,2026-09-14T12:19:12.813Z
Sakura-Tribe Elder,SOC,Secrets of Strixhaven Commander,285,normal,common,1,111986,7a8b1c49-8594-426d-b585-41140235bb0e,0.45,false,false,false,near_mint,en,false,EUR,2026-09-14T12:19:12.813Z
Sakura-Tribe Scout,SOK,Saviors of Kamigawa,144,normal,common,1,28394,9cbdda50-8a27-4094-849d-b6f66def82ce,1.13,false,false,false,near_mint,en,false,EUR,2026-09-14T12:19:12.813Z
Salt Road Packbeast,TDM,Tarkir: Dragonstorm,23,normal,common,1,104327,98d548c9-42bc-4155-8211-0aea801c3724,0.1,false,false,false,near_mint,en,false,EUR,2026-09-14T12:19:12.813Z
Saltwater Stalwart,BBD,Battlebond,39,normal,common,1,1954,ae11adef-57b1-4f39-951b-cd4d5c0a0b80,0.07,false,false,false,near_mint,en,false,EUR,2026-09-14T12:19:12.813Z
Sam's Desperate Rescue,LTR,The Lord of the Rings: Tales of Middle-earth,105,normal,common,1,83456,bdd4d735-8cda-47c1-865b-48b51ac8f666,0.1,false,false,false,near_mint,en,false,EUR,2026-09-14T12:19:12.813Z
Samite Censer-Bearer,FUT,Future Sight,15,normal,common,1,26322,7de6aeea-0144-4148-b7a6-47b703f64af9,0.08,false,false,false,near_mint,en,false,EUR,2026-09-14T12:19:12.813Z
Samut's Sprint,WAR,War of the Spark,142,normal,common,1,44262,94bda699-2b5d-4f5b-bee5-792b99d2b64a,0.1,false,false,false,near_mint,en,false,EUR,2026-09-14T12:19:12.813Z
Sanctify,VOW,Innistrad: Crimson Vow,33,normal,common,1,64300,880e071a-6d6c-41c4-b2eb-c9e6626d0c7f,0.09,false,false,false,near_mint,en,false,EUR,2026-09-14T12:19:12.813Z
Sanctum Gargoyle,C21,Commander 2021,102,normal,common,1,58600,7678e008-f054-485d-ae21-6b97f83dd824,0.07,false,false,false,near_mint,en,false,EUR,2026-09-14T12:19:12.813Z
Sandstone Bridge,BFZ,Battle for Zendikar,243,normal,common,1,10108,c781e932-4605-47aa-add1-4ee62f4e7ead,0.1,false,false,false,near_mint,en,false,EUR,2026-09-14T12:19:12.813Z
Sandstone Needle,MMQ,Mercadian Masques,326,normal,common,1,34084,82bc7c6b-2e3d-42d1-b2bb-b37b6f34d33b,5.28,false,false,false,near_mint,en,false,EUR,2026-09-14T12:19:12.813Z
Sandstorm,DMR,Dominaria Remastered,174,normal,common,1,77831,25fb3d07-a128-455a-a632-c1aba4a4ceb8,0.09,false,false,false,near_mint,en,false,EUR,2026-09-14T12:19:12.813Z
Sandstorm Eidolon,DIS,Dissension,70,normal,common,1,27355,49e61ce3-e2cc-401c-b998-8baf8836e83a,0.34,false,false,false,near_mint,en,false,EUR,2026-09-14T12:19:12.813Z
Sangrophage,TSR,Time Spiral Remastered,135,normal,common,1,57853,c9ceaa1f-4c11-4f06-aa87-2f2a0deb47e1,0.09,false,false,false,near_mint,en,false,EUR,2026-09-14T12:19:12.813Z
Sapphire Charm,MIR,Mirage,89,normal,common,1,38501,2944e5df-eef9-42be-a591-5ac15e306ad8,0.27,false,false,false,near_mint,en,false,EUR,2026-09-14T12:19:12.813Z
Saprazzan Skerry,MMQ,Mercadian Masques,328,normal,common,1,34082,006871fd-2641-42cb-a2ac-a33d05fc5a35,2.21,false,false,false,near_mint,en,false,EUR,2026-09-14T12:19:12.813Z
Saproling Migration,DOM,Dominaria,178,normal,common,1,2098,2578d25e-5f8d-42ff-90ce-4e7d100cbbb6,0.12,false,false,false,near_mint,en,false,EUR,2026-09-14T12:19:12.813Z
Sarpadian Simulacrum,MH3,Modern Horizons 3,135,normal,common,1,94835,099c65d5-9dd3-41d3-9102-3f6cb30c7b8e,0.05,false,false,false,near_mint,en,false,EUR,2026-09-14T12:19:12.813Z
Sarulf's Packmate,KHM,Kaldheim,192,normal,common,1,56900,6061113e-7dd8-4739-b4dd-55bb7f9e39a2,0.14,false,false,false,near_mint,en,false,EUR,2026-09-14T12:19:12.813Z
Saruli Caretaker,RNA,Ravnica Allegiance,139,normal,common,1,43726,ef3358cb-714c-49bf-b7e9-a69d02d7799e,0.24,false,false,false,near_mint,en,false,EUR,2026-09-14T12:19:12.813Z
Saruli Gatekeepers,DGM,Dragon's Maze,48,normal,common,1,16417,471a5b1d-e2e5-4d90-b72a-ffae81ad6602,0.14,false,false,false,near_mint,en,false,EUR,2026-09-14T12:19:12.813Z
Satyr Hoplite,JOU,Journey into Nyx,110,normal,common,1,14539,b8754d66-facb-432e-a6c2-91430a6dec94,0.13,false,false,false,near_mint,en,false,EUR,2026-09-14T12:19:12.813Z
Satyr Wayfinder,EOC,Edge of Eternities Commander,106,normal,common,1,107087,8bbbe65d-7162-42fb-94ee-d835d6c3f02a,0.11,false,false,false,near_mint,en,false,EUR,2026-09-14T12:19:12.813Z
Satyr's Cunning,THB,Theros Beyond Death,152,normal,common,1,46910,646d8201-be68-42fa-bcfd-42d81a2ad195,0.07,false,false,false,near_mint,en,false,EUR,2026-09-14T12:19:12.813Z
Savage Mansion,SPM,Marvel's Spider-Man,183,normal,common,1,108647,855f59a5-17a8-4aca-8a4d-f98111eba14c,0.08,false,false,false,near_mint,en,false,EUR,2026-09-14T12:19:12.813Z
Savage Swipe,MH1,Modern Horizons,178,normal,common,1,44756,eea7e77c-ede5-41bd-b766-9a76ce691607,0.14,false,false,false,near_mint,en,false,EUR,2026-09-14T12:19:12.813Z
Savage Thallid,TSP,Time Spiral,213,normal,common,1,26687,a87cbbdb-3bbc-48da-b5e3-fcdbddebec81,0.19,false,false,false,near_mint,en,false,EUR,2026-09-14T12:19:12.813Z
Savor,BLB,Bloomburrow,109,normal,common,1,96178,1397f689-dca1-4d35-864b-92c5606afb9a,0.08,false,false,false,near_mint,en,false,EUR,2026-09-14T12:19:12.813Z
Sawblade Scamp,ONE,Phyrexia: All Will Be One,147,normal,common,1,78657,7f04c2e5-9100-439a-9aa4-28d388518e4a,0.07,false,false,false,near_mint,en,false,EUR,2026-09-14T12:19:12.813Z
Sazacap's Brew,BLB,Bloomburrow,151,normal,common,1,96330,6d963080-b3ec-467d-82f7-39db6ecd6bbc,0.11,false,false,false,near_mint,en,false,EUR,2026-09-14T12:19:12.813Z
Scale of Chiss-Goria,MRD,Mirrodin,236,normal,common,1,29809,133b367c-b1a1-46f7-a539-a33ee655affb,0.14,false,false,false,near_mint,en,false,EUR,2026-09-14T12:19:12.813Z
Scaled Nurturer,CLB,Commander Legends: Battle for Baldur's Gate,252,normal,common,1,69137,84ae5a76-b8b9-431d-8060-a6a96f5d1e0b,0.3,false,false,false,near_mint,en,false,EUR,2026-09-14T12:19:12.813Z
Scarab Feast,AKH,Amonkhet,106,normal,common,1,5579,7540895c-cbbc-46ac-ba96-882628358865,0.08,false,false,false,near_mint,en,false,EUR,2026-09-14T12:19:12.813Z
Scarblade Scout,ECL,Lorwyn Eclipsed,118,normal,common,1,110833,c2412fea-4591-4345-913f-edc2da9ad975,0.05,false,false,false,near_mint,en,false,EUR,2026-09-14T12:19:12.813Z
Scarblade's Malice,ECL,Lorwyn Eclipsed,119,normal,common,1,110815,aea9b5c0-3b32-44be-9773-566b9daafa6b,0.07,false,false,false,near_mint,en,false,EUR,2026-09-14T12:19:12.813Z
Scaretiller,OTC,Outlaws of Thunder Junction Commander,266,normal,common,1,93535,23eb0fce-2e69-4280-8ee3-85736765fbbd,0.15,false,false,false,near_mint,en,false,EUR,2026-09-14T12:19:12.813Z
Scarscale Ritual,SHM,Shadowmoor,175,normal,common,1,24691,71d3f64a-ffb9-4f66-91c0-463b5d2d381b,0.18,false,false,false,near_mint,en,false,EUR,2026-09-14T12:19:12.813Z
Scatter the Seeds,GK1,GRN Guild Kit,106,normal,common,1,40,17359989-ef90-46f5-a4cd-f40bfac5e59f,0.21,false,false,false,near_mint,en,false,EUR,2026-09-14T12:19:12.813Z
Scattershot,SCG,Scourge,102,normal,common,1,30586,cf22f3e7-1626-4bab-9f62-7d4774704395,0.26,false,false,false,near_mint,en,false,EUR,2026-09-14T12:19:12.813Z
Scattershot Archer,CON,Conflux,90,normal,common,1,23639,d74d6cdb-a087-4b3d-bf25-509200ed6d93,1.91,false,false,false,near_mint,en,false,EUR,2026-09-14T12:19:12.813Z
Scholar of Athreos,THS,Theros,28,normal,common,1,15636,95a36e06-39f3-47d0-b6a9-43728afceb4a,0.09,false,false,false,near_mint,en,false,EUR,2026-09-14T12:19:12.813Z
Scholar of Combustion,J25,Foundations Jumpstart,19,normal,common,1,100261,23660e44-8546-438d-a2c4-e1cef6e50855,0.15,false,false,false,near_mint,en,false,EUR,2026-09-14T12:19:12.813Z
Scorching Dragonfire,FDN,Foundations,545,normal,common,1,101507,44ea09c1-d420-4e99-a968-ade614579287,0.2,false,false,false,near_mint,en,false,EUR,2026-09-14T12:19:12.813Z
Scorchmark,RNA,Ravnica Allegiance,113,normal,common,1,43752,2a14834f-78ae-4ca5-9ce0-5b928ad3d76c,0.04,false,false,false,near_mint,en,false,EUR,2026-09-14T12:19:12.813Z
Scorpion's Sting,SPM,Marvel's Spider-Man,65,normal,common,1,107613,0fb03437-32cf-4c97-bf91-ea8b2ad3f964,0.04,false,false,false,near_mint,en,false,EUR,2026-09-14T12:19:12.813Z
Scour from Existence,BFZ,Battle for Zendikar,13,normal,common,1,10338,6e47edb2-e43d-479f-a911-e72b67a06c3b,0.24,false,false,false,near_mint,en,false,EUR,2026-09-14T12:19:12.813Z
Scoured Barrens,TDM,Tarkir: Dragonstorm,267,normal,common,1,104346,b4b47b80-69ed-44b0-afa0-ca90206dc16d,0.09,false,false,false,near_mint,en,false,EUR,2026-09-14T12:19:12.813Z
Scourge Devil,MM3,Modern Masters 2017,111,normal,common,1,6102,565033d2-7cb9-4ee2-b952-45745b9a2ecc,0.09,false,false,false,near_mint,en,false,EUR,2026-09-14T12:19:12.813Z
Scourge of the Undercity,J25,Foundations Jumpstart,11,normal,common,1,100478,4d321cb1-9079-4aa3-b86e-6483552f04ee,0.12,false,false,false,near_mint,en,false,EUR,2026-09-14T12:19:12.813Z
Scout the City,MSC,Marvel Super Heroes Commander,817,normal,common,1,113642,3d4dfb11-1aa4-4be1-874b-19a9b02ad041,0.12,false,false,false,near_mint,en,false,EUR,2026-09-14T12:19:12.813Z
Scrap Compactor,DFT,Aetherdrift,242,normal,common,1,103436,12ccd555-60d4-49a1-b022-1e119344172a,0.05,false,false,false,near_mint,en,false,EUR,2026-09-14T12:19:12.813Z
Scrapwork Mutt,BRO,The Brothers' War,164,normal,common,1,75428,4742800a-4872-4c2d-b884-01e0ba16950c,0.46,false,false,false,near_mint,en,false,EUR,2026-09-14T12:19:12.813Z
Scrapyard Salvo,NPH,New Phyrexia,94,normal,common,1,19791,3a4874eb-635b-47f0-bbee-6bd8b26e2f10,0.09,false,false,false,near_mint,en,false,EUR,2026-09-14T12:19:12.813Z
Scream Puff,WOE,Wilds of Eldraine,105,normal,common,1,85712,c62d0ae9-5a82-40bf-b8bb-9c2e2d55d458,0.04,false,false,false,near_mint,en,false,EUR,2026-09-14T12:19:12.813Z
Screamreach Brawler,DTK,Dragons of Tarkir,155,normal,common,1,11659,6bfab1c5-e267-43a9-ae16-f6b8ae531eef,0.04,false,false,false,near_mint,en,false,EUR,2026-09-14T12:19:12.813Z
Screeching Sliver,TSP,Time Spiral,75,normal,common,1,26825,313e71da-ce72-4976-8286-f4495ea56485,0.16,false,false,false,near_mint,en,false,EUR,2026-09-14T12:19:12.813Z
Scroll of Avacyn,AVR,Avacyn Restored,220,normal,common,1,18058,871e6e2a-7e45-446b-b964-94377eb6ca92,0.12,false,false,false,near_mint,en,false,EUR,2026-09-14T12:19:12.813Z
Scrollshift,MOM,March of the Machine,34,normal,common,1,81383,6fc278d1-2ea4-4fbc-95cd-a9cd48c3c630,0.25,false,false,false,near_mint,en,false,EUR,2026-09-14T12:19:12.813Z
Sculptor of Winter,KHM,Kaldheim,193,normal,common,1,57003,9dab2ca2-0039-4eac-a7dc-68756362737d,0.1,false,false,false,near_mint,en,false,EUR,2026-09-14T12:19:12.813Z
Scurrilous Sentry,MH3,Modern Horizons 3,108,normal,common,1,94390,29e2805f-59fa-4a6d-97bc-266191b2aa8d,0.07,false,false,false,near_mint,en,false,EUR,2026-09-14T12:19:12.813Z
Scuttlemutt,M20,Core Set 2020,238,normal,uncommon,1,45222,39f2d2e8-a9ed-42cc-9a8a-fc697a7251e5,0.12,false,false,false,near_mint,en,false,EUR,2026-09-14T12:19:12.813Z
Sea Gate,CLB,Commander Legends: Battle for Baldur's Gate,359,normal,common,1,69326,d97f31e1-bcaf-4316-a2de-49e2cf7566ec,1.6,false,false,false,near_mint,en,false,EUR,2026-09-14T12:19:12.813Z
Sea Gate Colossus,ZNR,Zendikar Rising,251,normal,common,1,54699,b04fd8e8-ee8d-4cb7-87ab-955303c46ece,0.05,false,false,false,near_mint,en,false,EUR,2026-09-14T12:19:12.813Z
Sea Gate Oracle,KHC,Kaldheim Commander,43,normal,common,1,57216,498743ce-0ca5-488a-ae5e-d348b274bf3b,0.24,false,false,false,near_mint,en,false,EUR,2026-09-14T12:19:12.813Z
Sea's Claim,9ED,Ninth Edition,97,normal,common,1,28266,82e836c8-4371-402f-8f90-81325a9879b8,0.16,false,false,false,near_mint,en,false,EUR,2026-09-14T12:19:12.813Z
Seal of Cleansing,MKC,Murders at Karlov Manor Commander,80,normal,common,1,90284,22a6673b-1528-4e0f-b316-bd482c7ed8aa,0.19,false,false,false,near_mint,en,false,EUR,2026-09-14T12:19:12.813Z
Seal of Doom,MM3,Modern Masters 2017,83,normal,uncommon,1,6130,3647ef4a-fbf3-4f64-8376-72c9247bbc22,0.21,false,false,false,near_mint,en,false,EUR,2026-09-14T12:19:12.813Z
Seal of Fire,JVC,Duel Decks Anthology: Jace vs. Chandra,50,normal,common,1,12241,210f4f5a-4a36-4f2f-8821-d04f3f52c8db,0.98,false,false,false,near_mint,en,false,EUR,2026-09-14T12:19:12.813Z
Seal of Primordium,TSR,Time Spiral Remastered,228,normal,common,1,57944,fd5592ab-6883-4c5a-8d50-d9530d905b19,0.19,false,false,false,near_mint,en,false,EUR,2026-09-14T12:19:12.813Z
Seal of Removal,MH2,Modern Horizons 2,269,normal,uncommon,1,59611,6dfc7060-e374-486f-8029-d3fdfe4b61e7,0.13,false,false,false,near_mint,en,false,EUR,2026-09-14T12:19:12.813Z
Seal of Strength,EMA,Eternal Masters,184,normal,common,1,8491,559c3909-51e3-4a3e-8570-107ffe69e30d,0.17,false,false,false,near_mint,en,false,EUR,2026-09-14T12:19:12.813Z
Search Party Captain,MID,Innistrad: Midnight Hunt,32,normal,common,1,63439,cb9006c1-2e6f-4bca-a1c4-3cf2a8b6e964,0.11,false,false,false,near_mint,en,false,EUR,2026-09-14T12:19:12.813Z
Searing Blaze,DDI,Duel Decks: Venser vs. Koth,67,normal,common,1,18307,f659d464-13dd-49e2-a842-098dcba49659,1.76,false,false,false,near_mint,en,false,EUR,2026-09-14T12:19:12.813Z
Searing Light,OGW,Oath of the Gatewatch,33,normal,common,1,9349,76dadfd8-8492-4c55-827c-cd4e6a40ae97,0.08,false,false,false,near_mint,en,false,EUR,2026-09-14T12:19:12.813Z
Season of Renewal,NEO,Kamigawa: Neon Dynasty,205,normal,common,1,66894,841f0ec2-94c7-4cec-94bb-b365084ca45f,0.07,false,false,false,near_mint,en,false,EUR,2026-09-14T12:19:12.813Z
Seat of the Synod,EOC,Edge of Eternities Commander,176,normal,common,1,107272,57a194b3-2899-4dee-977a-c77df0b94dfe,0.85,false,false,false,near_mint,en,false,EUR,2026-09-14T12:19:12.813Z
Secluded Steppe,EOC,Edge of Eternities Commander,177,normal,common,1,107312,aaa5bee9-3f6a-45b0-a282-6b23222e948f,0.15,false,false,false,near_mint,en,false,EUR,2026-09-14T12:19:12.813Z
Secret Door,AFR,Adventures in the Forgotten Realms,71,normal,common,1,60197,3191e400-aa4e-4955-aca0-ecbe63ea240f,0.11,false,false,false,near_mint,en,false,EUR,2026-09-14T12:19:12.813Z
Security Bypass,SNC,Streets of New Capenna,59,normal,common,1,67780,5c155be9-8432-4e35-b586-96b6339d27ae,0.11,false,false,false,near_mint,en,false,EUR,2026-09-14T12:19:12.813Z
Seed of Hope,MOM,March of the Machine,204,normal,common,1,81297,084a8b94-0c5d-41e0-88e4-fe91ab92c09d,0.18,false,false,false,near_mint,en,false,EUR,2026-09-14T12:19:12.813Z
Seeds of Strength,RAV,Ravnica: City of Guilds,227,normal,common,1,27783,bfa1ac13-adbd-439a-90b2-9c506aec0836,0.09,false,false,false,near_mint,en,false,EUR,2026-09-14T12:19:12.813Z
Seeker of Skybreak,7ED,Seventh Edition,268,normal,common,1,32538,d1f20175-8bfa-417a-912b-d6d472f091ab,2.92,false,false,false,near_mint,en,false,EUR,2026-09-14T12:19:12.813Z
Seeker of the Way,2X2,Double Masters 2022,28,normal,common,1,70584,e9e3cb28-d318-4d5d-b5bf-1ea7c6249a89,0.08,false,false,false,near_mint,en,false,EUR,2026-09-14T12:19:12.813Z
Seething Landscape,MH3,Modern Horizons 3,225,normal,common,1,94751,661fc907-7003-45c6-820c-9616e9a71c30,0.14,false,false,false,near_mint,en,false,EUR,2026-09-14T12:19:12.813Z
Seething Song,C21,Commander 2021,179,normal,common,1,58738,f493ce26-005c-4ddc-80f0-47bea4fd013a,7.15,false,false,false,near_mint,en,false,EUR,2026-09-14T12:19:12.813Z
Segovian Angel,MH1,Modern Horizons,25,normal,common,1,44909,b5dbaec5-502d-48c2-9e71-c12cd0bccc6a,0.25,false,false,false,near_mint,en,false,EUR,2026-09-14T12:19:12.813Z
Seismic Shudder,ZEN,Zendikar,147,normal,common,1,22477,20365082-6102-4e3b-8791-c9b66846270d,0.1,false,false,false,near_mint,en,false,EUR,2026-09-14T12:19:12.813Z
Seismic Spike,RAV,Ravnica: City of Guilds,141,normal,common,1,27869,b9caddbe-1329-4ac2-9071-6fc5059d4dec,0.2,false,false,false,near_mint,en,false,EUR,2026-09-14T12:19:12.813Z
Seismic Stomp,EMA,Eternal Masters,146,normal,common,1,8529,d7bb50b1-e65c-4d56-8705-f20f6fa1ca12,0.13,false,false,false,near_mint,en,false,EUR,2026-09-14T12:19:12.813Z
Seize Opportunity,TDM,Tarkir: Dragonstorm,119,normal,common,1,104391,f7818d28-b9a5-4341-9adc-666070b8878d,0.09,false,false,false,near_mint,en,false,EUR,2026-09-14T12:19:12.813Z
Seize the Secrets,OTJ,Outlaws of Thunder Junction,64,normal,common,1,93076,1bdbdfa8-aa28-4b3d-95e7-3d0e7e37f982,0.05,false,false,false,near_mint,en,false,EUR,2026-09-14T12:19:12.813Z
Seize the Spoils,SOS,Secrets of Strixhaven,129,normal,common,1,111928,4ddf4e34-a1f9-4636-942d-0a08e9f94320,0.1,false,false,false,near_mint,en,false,EUR,2026-09-14T12:19:12.813Z
Seize the Storm,INR,Innistrad Remastered,170,normal,common,1,102523,45ec2af6-8397-429f-900f-846a5056f8e0,0.12,false,false,false,near_mint,en,false,EUR,2026-09-14T12:19:12.813Z
Sejiri Steppe,DDG,Duel Decks: Knights vs. Dragons,36,normal,common,1,19940,d45b0ed8-8692-4fa7-b32c-30d29028da3d,0.2,false,false,false,near_mint,en,false,EUR,2026-09-14T12:19:12.813Z
Selesnya Evangel,RVR,Ravnica Remastered,220,normal,uncommon,1,89620,2d929bda-150c-484a-910e-eee19297c77e,0.11,false,false,false,near_mint,en,false,EUR,2026-09-14T12:19:12.813Z
Selesnya Guildgate,FDN,Foundations,694,normal,common,1,100619,6718d4e7-768e-473f-8064-a68422e977f6,0.17,false,false,false,near_mint,en,false,EUR,2026-09-14T12:19:12.813Z
Selesnya Sanctuary,CLU,Ravnica: Clue Edition,246,normal,common,1,91337,fdc53c6a-8e28-4314-9bcf-b31b6c6f56d7,0.16,false,false,false,near_mint,en,false,EUR,2026-09-14T12:19:12.813Z
Self-Assembler,A25,Masters 25,231,normal,common,1,2485,d86ba613-29bd-45d8-b5ed-f8fe8323fe75,0.07,false,false,false,near_mint,en,false,EUR,2026-09-14T12:19:12.813Z
Send in the Pest,SOS,Secrets of Strixhaven,100,normal,common,1,112576,283b508b-89f0-4c23-9686-b049e402b73c,0.06,false,false,false,near_mint,en,false,EUR,2026-09-14T12:19:12.813Z
Send to Sleep,ORI,Magic Origins,71,normal,common,1,10871,aa34d648-da0a-4615-8dd8-d2c8b1a1a574,0.1,false,false,false,near_mint,en,false,EUR,2026-09-14T12:19:12.813Z
Sentinel Sliver,CMM,Commander Masters,835,normal,common,1,84531,7cb2cc85-f4a6-47ad-b94e-f16534d02ae2,3.66,false,false,false,near_mint,en,false,EUR,2026-09-14T12:19:12.813Z
Sentinel Spider,CMR,Commander Legends,253,normal,common,1,55984,01e7af76-e505-49ca-a91e-8167027560ff,0.08,false,false,false,near_mint,en,false,EUR,2026-09-14T12:19:12.813Z
Sentinel's Eyes,SOC,Secrets of Strixhaven Commander,168,normal,common,1,112051,9f50278a-06fc-4b11-a1d2-d28cd213ff8f,0.2,false,false,false,near_mint,en,false,EUR,2026-09-14T12:19:12.813Z
Seraph of Dawn,CMR,Commander Legends,44,normal,common,1,56089,64bf33ea-2d2d-476d-ab1d-fba204fd034b,0.06,false,false,false,near_mint,en,false,EUR,2026-09-14T12:19:12.813Z
Seraph Sanctuary,DDQ,Duel Decks: Blessed vs. Cursed,33,normal,common,1,9150,e1c1fa29-362f-40b4-b67f-513f6592fb3b,1.81,false,false,false,near_mint,en,false,EUR,2026-09-14T12:19:12.813Z
Serene Heart,MIR,Mirage,242,normal,common,1,38348,aff19d9d-8069-4f8d-a81b-e2fcd94c13b3,0.35,false,false,false,near_mint,en,false,EUR,2026-09-14T12:19:12.813Z
Serpent's Pass,TLA,Avatar: The Last Airbender,279,normal,common,1,109514,ad87bff5-9b8c-44e4-a6d3-8cc71be9640a,0.1,false,false,false,near_mint,en,false,EUR,2026-09-14T12:19:12.813Z
Serpentine Curve,STX,Strixhaven: School of Mages,52,normal,common,1,58334,d651b9e9-d723-4340-a010-d71b2a697e73,0.12,false,false,false,near_mint,en,false,EUR,2026-09-14T12:19:12.813Z
Serrated Arrows,GVL,Duel Decks Anthology: Garruk vs. Liliana,20,normal,common,1,12334,1519b17c-9003-43e0-958f-1fcd20ab2d70,0.38,false,false,false,near_mint,en,false,EUR,2026-09-14T12:19:12.813Z
Serrated Scorpion,CMM,Commander Masters,185,normal,common,1,84511,78509763-4bb8-4030-b205-76917de75c57,0.14,false,false,false,near_mint,en,false,EUR,2026-09-14T12:19:12.813Z
Serum Visionary,MH3,Modern Horizons 3,69,normal,common,1,94330,08a587f5-5910-405e-8982-c889dbbc7f98,0.15,false,false,false,near_mint,en,false,EUR,2026-09-14T12:19:12.813Z
Serum Visions,OTC,Outlaws of Thunder Junction Commander,112,normal,uncommon,1,93650,5b75eb6b-d76c-4b92-b042-13493f9ef164,0.86,false,false,false,near_mint,en,false,EUR,2026-09-14T12:19:12.813Z
Servant of the Scale,DTK,Dragons of Tarkir,203,normal,common,1,11611,ca887c41-a8ee-4751-a902-87149c29a9df,0.12,false,false,false,near_mint,en,false,EUR,2026-09-14T12:19:12.813Z
Setessan Training,M21,Core Set 2021,205,normal,common,1,50722,1947f64a-5ca0-4dda-8bbd-8472e72ecf18,0.09,false,false,false,near_mint,en,false,EUR,2026-09-14T12:19:12.813Z
Settle Beyond Reality,2X2,Double Masters 2022,30,normal,common,1,70498,ca74453c-278e-4a6c-aa37-e5654e16b08b,0.07,false,false,false,near_mint,en,false,EUR,2026-09-14T12:19:12.813Z
Severed Strands,2X2,Double Masters 2022,88,normal,common,1,70426,a7496304-2ab2-497b-bb3a-b3c91ee1ff60,0.08,false,false,false,near_mint,en,false,EUR,2026-09-14T12:19:12.813Z
Sewer-veillance Cam,TMT,Teenage Mutant Ninja Turtles,53,normal,common,1,111505,ab47a37b-b66d-4f70-9bf0-4d5ed6b518f3,0.38,false,false,false,near_mint,en,false,EUR,2026-09-14T12:19:12.813Z
Shadow Alley Denizen,RVR,Ravnica Remastered,92,normal,common,1,89863,b2bfa6f0-05d9-4a15-b65c-e40eca10fbfa,0.17,false,false,false,near_mint,en,false,EUR,2026-09-14T12:19:12.813Z
Shadow Prophecy,DMU,Dominaria United,105,normal,common,1,71725,bb078448-9e9f-4994-8aff-7e7c4fb62efc,0.12,false,false,false,near_mint,en,false,EUR,2026-09-14T12:19:12.813Z
Shadow Rift,TMP,Tempest,86,normal,common,1,36913,57c11175-9feb-4801-9b46-d577d5ecef40,1.59,false,false,false,near_mint,en,false,EUR,2026-09-14T12:19:12.813Z
Shadow Sliver,TSP,Time Spiral,76,normal,common,1,26824,fb725914-1b0f-4efc-808b-9fe2eaa7f17d,0.24,false,false,false,near_mint,en,false,EUR,2026-09-14T12:19:12.813Z
Shadowfeed,ALA,Shards of Alara,86,normal,common,1,24013,19ccd8c7-7472-47df-9d3e-1b5fb1431118,0.08,false,false,false,near_mint,en,false,EUR,2026-09-14T12:19:12.813Z
Shamble Back,SOI,Shadows over Innistrad,134,normal,common,1,8862,f6913dce-05f5-4e1b-9dd9-67eb347b5be8,0.08,false,false,false,near_mint,en,false,EUR,2026-09-14T12:19:12.813Z
Shambling Attendants,KTK,Khans of Tarkir,89,normal,common,1,13309,459ca25c-775f-4110-8d70-59720692ab27,0.09,false,false,false,near_mint,en,false,EUR,2026-09-14T12:19:12.813Z
Shambling Ghast,AFR,Adventures in the Forgotten Realms,119,normal,common,1,60461,d96198a7-dd19-4940-bf8f-23135011fc84,0.95,false,false,false,near_mint,en,false,EUR,2026-09-14T12:19:12.813Z
Shambling Ghoul,BBD,Battlebond,159,normal,common,1,1834,95a52cb8-e02f-477a-adb6-2bfb7836c704,0.06,false,false,false,near_mint,en,false,EUR,2026-09-14T12:19:12.813Z
Shambling Shell,RVR,Ravnica Remastered,460,normal,common,1,89763,807557f3-5265-448f-9dbe-3f6688657284,0.25,false,false,false,near_mint,en,false,EUR,2026-09-14T12:19:12.813Z
Shard Volley,MOR,Morningtide,103,normal,common,1,24922,43db4810-078e-487a-afef-57cbc1db0cc7,0.29,false,false,false,near_mint,en,false,EUR,2026-09-14T12:19:12.813Z
Shared Discovery,ROE,Rise of the Eldrazi,87,normal,common,1,21880,ec0b99f1-d706-4332-a1c2-86d789919069,0.22,false,false,false,near_mint,en,false,EUR,2026-09-14T12:19:12.813Z
Shattered Acolyte,SOS,Secrets of Strixhaven,31,normal,common,1,111659,dc0517ca-b271-49a1-a286-c20f4e5b9309,0.13,false,false,false,near_mint,en,false,EUR,2026-09-14T12:19:12.813Z
Shattered Landscape,TDC,Tarkir: Dragonstorm Commander,390,normal,common,1,105062,f8373e5a-94bb-4aa0-bd09-13a01e0cb02a,0.18,false,false,false,near_mint,en,false,EUR,2026-09-14T12:19:12.813Z
Shattering Blow,GTC,Gatecrash,225,normal,common,1,16599,a77058d9-d2b5-424a-bfe2-070b754051cb,0.17,false,false,false,near_mint,en,false,EUR,2026-09-14T12:19:12.813Z
Shattering Pulse,EXO,Exodus,102,normal,common,1,36234,89d3b846-6071-4d65-86ba-da08c4bd0aa1,0.38,false,false,false,near_mint,en,false,EUR,2026-09-14T12:19:12.813Z
Shelob's Ambush,LTR,The Lord of the Rings: Tales of Middle-earth,108,normal,common,1,82941,25e69fa8-7339-4bfa-8e35-9cbfe0001d8b,0.06,false,false,false,near_mint,en,false,EUR,2026-09-14T12:19:12.813Z
Shelter,CMM,Commander Masters,56,normal,common,1,84127,1f4fedc9-6dd1-4190-a0c9-e9d10fd91315,0.19,false,false,false,near_mint,en,false,EUR,2026-09-14T12:19:12.813Z
Sheltering Landscape,MH3,Modern Horizons 3,227,normal,common,1,94708,0fe070f4-8877-4280-b8fd-869f3ac34ab6,0.14,false,false,false,near_mint,en,false,EUR,2026-09-14T12:19:12.813Z
Sheltering Word,AVR,Avacyn Restored,192,normal,common,1,18086,93cd9be4-1ce4-4a7c-b2a6-98d3fde0a92b,0.28,false,false,false,near_mint,en,false,EUR,2026-09-14T12:19:12.813Z
Shenanigans,MH1,Modern Horizons,146,normal,common,1,44788,580c6fe2-ab43-491e-a1b2-d076a5c2a74e,0.18,false,false,false,near_mint,en,false,EUR,2026-09-14T12:19:12.813Z
Sheoldred's Headcleaver,ONE,Phyrexia: All Will Be One,109,normal,common,1,78688,8c6b818f-6912-4ea1-a35a-c8cd7ee9aead,0.06,false,false,false,near_mint,en,false,EUR,2026-09-14T12:19:12.813Z
Shepherd of Heroes,ZNR,Zendikar Rising,38,normal,common,1,54473,1f70baa3-5232-4e10-80b4-a9ead6ed6ec3,0.07,false,false,false,near_mint,en,false,EUR,2026-09-14T12:19:12.813Z
Shepherd of Rot,HOP,Planechase,40,normal,common,1,22995,6ee5a529-3223-4982-83d1-eb517c2a258c,4.36,false,false,false,near_mint,en,false,EUR,2026-09-14T12:19:12.813Z
Shield of Duty and Reason,APC,Apocalypse,16,normal,common,1,32440,4ddf4ee0-75d6-48a5-955c-97faf73b899f,1.03,false,false,false,near_mint,en,false,EUR,2026-09-14T12:19:12.813Z
Shield of the Oversoul,SHM,Shadowmoor,242,normal,common,1,24624,54040bc6-dd7c-4933-bfac-d0d6d2c78157,0.99,false,false,false,near_mint,en,false,EUR,2026-09-14T12:19:12.813Z
Shield Sphere,ALL,Alliances,129,normal,uncommon,1,38675,1730d219-a28f-4930-8088-4cfcb627f157,8.68,false,false,false,near_mint,en,false,EUR,2026-09-14T12:19:12.813Z
Shield Wall,7ED,Seventh Edition,44,normal,common,1,32762,d4b70c30-dbc9-4d30-81d8-b0bde9b626df,0.09,false,false,false,near_mint,en,false,EUR,2026-09-14T12:19:12.813Z
Shield-Wall Sentinel,DMU,Dominaria United,238,normal,common,1,71564,7e57e1d7-da1d-4a2b-867f-85b8331b7bbc,0.22,false,false,false,near_mint,en,false,EUR,2026-09-14T12:19:12.813Z
Shielding Plax,AFC,Forgotten Realms Commander,192,normal,common,1,60785,81e632d8-ee9c-4635-9654-4d6405cb0bf2,0.2,false,false,false,near_mint,en,false,EUR,2026-09-14T12:19:12.813Z
Shields of Velis Vel,LRW,Lorwyn,39,normal,common,1,25403,f550f44f-8b8f-4c1d-a583-9fd986d3061c,0.48,false,false,false,near_mint,en,false,EUR,2026-09-14T12:19:12.813Z
Shimmerdrift Vale,KHM,Kaldheim,267,normal,common,1,57143,f09d98db-0176-41a7-b99b-ead29876cdab,0.09,false,false,false,near_mint,en,false,EUR,2026-09-14T12:19:12.813Z
Shinen of Life's Roar,ARC,Archenemy,69,normal,common,1,21475,dad82af4-f004-4716-a17b-66a1ee31e128,0.48,false,false,false,near_mint,en,false,EUR,2026-09-14T12:19:12.813Z
Shinra Reinforcements,FIN,Final Fantasy,118,normal,common,1,106282,7367b257-1a8c-4593-a307-7116e36e0342,0.05,false,false,false,near_mint,en,false,EUR,2026-09-14T12:19:12.813Z
Shipwreck Dowser,FDN,Foundations,596,normal,uncommon,1,100230,1f20fe3d-792a-4030-a25c-e81b48b2bcb4,0.12,false,false,false,near_mint,en,false,EUR,2026-09-14T12:19:12.813Z
Shipwreck Sifters,MID,Innistrad: Midnight Hunt,74,normal,common,1,63343,8f295833-a83e-4b18-8007-c7f5d78e5624,0.07,false,false,false,near_mint,en,false,EUR,2026-09-14T12:19:12.813Z
Shire Scarecrow,LTR,The Lord of the Rings: Tales of Middle-earth,249,normal,common,1,83421,b60b4f2e-ff47-4762-a803-30e81b665c09,0.05,false,false,false,near_mint,en,false,EUR,2026-09-14T12:19:12.813Z
Shock,MKM,Murders at Karlov Manor,144,normal,common,1,90741,298747bb-eb40-4b58-bb22-4ac2bc1d795c,0.08,false,false,false,near_mint,en,false,EUR,2026-09-14T12:19:12.813Z
Shock Brigade,TDM,Tarkir: Dragonstorm,120,normal,common,1,104700,66940466-8e9d-4a85-bfb0-e92189b7a121,0.1,false,false,false,near_mint,en,false,EUR,2026-09-14T12:19:12.813Z
Shopkeeper's Bane,SOS,Secrets of Strixhaven,159,normal,common,1,112651,97f7fbb9-228c-4a74-975b-38d3b6cecb32,0.05,false,false,false,near_mint,en,false,EUR,2026-09-14T12:19:12.813Z
Shore Up,BLB,Bloomburrow,69,normal,common,1,96277,4dc3b49e-3674-494c-bdea-4374cefd10f4,0.14,false,false,false,near_mint,en,false,EUR,2026-09-14T12:19:12.813Z
Shorecrasher Mimic,EVE,Eventide,159,normal,common,1,24392,24babb9e-edc8-484b-9db4-18abbafdf096,0.09,false,false,false,near_mint,en,false,EUR,2026-09-14T12:19:12.813Z
Shoreline Ranger,A25,Masters 25,72,normal,common,1,2644,a9957cbe-da88-41fe-a4aa-e32ec9e7aa38,0.06,false,false,false,near_mint,en,false,EUR,2026-09-14T12:19:12.813Z
Shred Memory,RAV,Ravnica: City of Guilds,105,normal,common,1,27905,e38192e5-814f-4269-bae8-13867a73e7fa,0.4,false,false,false,near_mint,en,false,EUR,2026-09-14T12:19:12.813Z
Shredded Sails,IKO,Ikoria: Lair of Behemoths,136,normal,common,1,49941,8b10219a-aa72-4431-9a6a-984109a605c8,0.11,false,false,false,near_mint,en,false,EUR,2026-09-14T12:19:12.813Z
Shredder's Revenge,TMT,Teenage Mutant Ninja Turtles,76,normal,common,1,111272,72fadf47-2e0b-4b24-b1bc-7c86780716b6,0.06,false,false,false,near_mint,en,false,EUR,2026-09-14T12:19:12.813Z
Shriekgeist,IMA,Iconic Masters,72,normal,common,1,3553,424b08b1-d9a3-4f18-a5ef-0f46698ac7ed,0.06,false,false,false,near_mint,en,false,EUR,2026-09-14T12:19:12.813Z
Shriekhorn,MBS,Mirrodin Besieged,130,normal,common,1,20011,bb41269f-007d-43ba-a682-d3929cc69696,0.21,false,false,false,near_mint,en,false,EUR,2026-09-14T12:19:12.813Z
Shrieking Drake,MH3,Modern Horizons 3,272,normal,uncommon,1,94875,9f1cc39f-898c-4e92-82a0-a17606b60574,0.12,false,false,false,near_mint,en,false,EUR,2026-09-14T12:19:12.813Z
Shrivel,MM2,Modern Masters 2015,95,normal,common,1,11122,db5460a0-1aae-45bf-a2aa-5b95fd29d06f,0.08,false,false,false,near_mint,en,false,EUR,2026-09-14T12:19:12.813Z
Shyft,ICE,Ice Age,96,normal,rare,1,39713,99a60c33-b641-42c4-870d-95d07bc975dc,0.39,false,false,false,near_mint,en,false,EUR,2026-09-14T12:19:12.813Z
Sibsig Appraiser,TDM,Tarkir: Dragonstorm,56,normal,common,1,105135,670c5b96-bac6-449b-a2bd-cb43750d3911,0.1,false,false,false,near_mint,en,false,EUR,2026-09-14T12:19:12.813Z
Sidewinder Sliver,TSR,Time Spiral Remastered,43,normal,common,1,57655,5616e0c7-1f1d-4716-95e5-773a8e3ae5e3,0.2,false,false,false,near_mint,en,false,EUR,2026-09-14T12:19:12.813Z
Sidisi's Faithful,DTK,Dragons of Tarkir,74,normal,common,1,11740,d02daad9-701f-40d4-ad0b-44a3cbd32c3f,0.14,false,false,false,near_mint,en,false,EUR,2026-09-14T12:19:12.813Z
Siege Smash,MH3,Modern Horizons 3,136,normal,common,1,94894,f33e3b25-76f5-4263-a309-9ea97f2d8248,0.13,false,false,false,near_mint,en,false,EUR,2026-09-14T12:19:12.813Z
Sigil Blessing,MM2,Modern Masters 2015,187,normal,uncommon,1,11030,72b5a580-c267-43f7-be77-fbc2928ff0ab,0.11,false,false,false,near_mint,en,false,EUR,2026-09-14T12:19:12.813Z
Sigil of Sleep,DDI,Duel Decks: Venser vs. Koth,25,normal,common,1,18349,13063520-6e2f-4eaa-b84f-a38e5bf486f8,6.71,false,false,false,near_mint,en,false,EUR,2026-09-14T12:19:12.813Z
Sigil of the Nayan Gods,ARB,Alara Reborn,78,normal,common,1,23430,a856dec4-fe4f-477c-9300-e9de86d3cc95,0.19,false,false,false,near_mint,en,false,EUR,2026-09-14T12:19:12.813Z
Sign in Blood,DSC,Duskmourn: House of Horror Commander,156,normal,common,1,99312,b89d9372-8682-4a61-a003-8bccfbb6cbb4,1.08,false,false,false,near_mint,en,false,EUR,2026-09-14T12:19:12.813Z
Silent Dart,RVR,Ravnica Remastered,268,normal,uncommon,1,89986,f59521a1-07c4-47a6-8b2f-8a2d8338a58c,0.03,false,false,false,near_mint,en,false,EUR,2026-09-14T12:19:12.813Z
Silent Departure,INR,Innistrad Remastered,84,normal,common,1,102532,4d1552e7-20b2-42b0-af47-6618ab163115,0.07,false,false,false,near_mint,en,false,EUR,2026-09-14T12:19:12.813Z
Silhana Ledgewalker,OTC,Outlaws of Thunder Junction Commander,206,normal,common,1,93527,21a2d11e-48b7-4e9a-a574-838cc26c2b17,0.18,false,false,false,near_mint,en,false,EUR,2026-09-14T12:19:12.813Z
Silken Strength,DFT,Aetherdrift,180,normal,common,1,103634,ce0e1ded-9b00-4d7b-884c-70a429783b1f,0.05,false,false,false,near_mint,en,false,EUR,2026-09-14T12:19:12.813Z
Silver Deputy,OTJ,Outlaws of Thunder Junction,248,normal,common,1,93124,39d2c11d-1eb8-4768-bc61-fa8f20a69462,0.05,false,false,false,near_mint,en,false,EUR,2026-09-14T12:19:12.813Z
Silver Myr,NEC,Neon Dynasty Commander,158,normal,common,1,67000,3ebcc053-21c6-4708-b9fc-532e3749962f,0.39,false,false,false,near_mint,en,false,EUR,2026-09-14T12:19:12.813Z
Silver Raven,AFR,Adventures in the Forgotten Realms,74,normal,common,1,60362,a671ec19-32f4-4fde-8ee0-1224471e79db,0.16,false,false,false,near_mint,en,false,EUR,2026-09-14T12:19:12.813Z
Silverbluff Bridge,EOC,Edge of Eternities Commander,180,normal,common,1,107297,8f14540a-479f-4a3c-8e5b-f482caf48451,0.25,false,false,false,near_mint,en,false,EUR,2026-09-14T12:19:12.813Z
Silverquill Campus,SOC,Secrets of Strixhaven Commander,405,normal,common,1,111893,354efff0-aea5-4274-94d6-9fce02430255,0.14,false,false,false,near_mint,en,false,EUR,2026-09-14T12:19:12.813Z
Simian Spirit Guide,TSR,Time Spiral Remastered,190,normal,common,1,57519,0e57335d-4066-4d73-83cd-67a215e01a4e,1.32,false,false,false,near_mint,en,false,EUR,2026-09-14T12:19:12.813Z
Simic Growth Chamber,DSC,Duskmourn: House of Horror Commander,298,normal,uncommon,1,99076,212d97c5-c144-483b-b42e-00623477e928,0.33,false,false,false,near_mint,en,false,EUR,2026-09-14T12:19:12.813Z
Simic Guildgate,FDN,Foundations,695,normal,common,1,100853,96590855-1ee5-4d69-9070-776e23f71976,0.12,false,false,false,near_mint,en,false,EUR,2026-09-14T12:19:12.813Z
Sinew Sliver,CMM,Commander Masters,837,normal,common,1,84126,1ecc983e-bbe3-4bc1-97e9-e40ead987ef0,0.28,false,false,false,near_mint,en,false,EUR,2026-09-14T12:19:12.813Z
Singe,PLS,Planeshift,71,normal,common,1,32881,32323277-db9a-48a7-b9a4-8e6914386e26,0.09,false,false,false,near_mint,en,false,EUR,2026-09-14T12:19:12.813Z
Sinister Hideout,SPM,Marvel's Spider-Man,184,normal,common,1,108622,23190d7e-5165-49bd-b307-bf81877d228d,0.09,false,false,false,near_mint,en,false,EUR,2026-09-14T12:19:12.813Z
Six-Sided Die,UNF,Unfinity,92,normal,common,1,73179,81f0902a-1bc7-4231-8530-2b0fe28a6030,0.22,false,false,false,near_mint,en,false,EUR,2026-09-14T12:19:12.813Z
Skarrgan Pit-Skulk,GK2,RNA Guild Kit,84,normal,common,1,43946,eb483ff0-7641-4f79-bd85-5003a8718848,0.18,false,false,false,near_mint,en,false,EUR,2026-09-14T12:19:12.813Z
Skewer the Critics,RVR,Ravnica Remastered,124,normal,common,1,89652,43ca8f80-e9ed-483f-a8a7-ad6149811df9,0.17,false,false,false,near_mint,en,false,EUR,2026-09-14T12:19:12.813Z
Skirk Prospector,DMR,Dominaria Remastered,137,normal,common,1,77990,7bc508b3-8b38-4cf0-89a7-a2cb247ed083,0.19,false,false,false,near_mint,en,false,EUR,2026-09-14T12:19:12.813Z
Skittering Skirge,BTD,Beatdown Box Set,31,normal,common,1,33392,77175deb-ffef-41ae-ba76-a284f51d25d3,0.58,false,false,false,near_mint,en,false,EUR,2026-09-14T12:19:12.813Z
Skola Grovedancer,DSC,Duskmourn: House of Horror Commander,199,normal,common,1,99351,ce7753e0-2838-49c2-acd0-80b534f43bad,0.13,false,false,false,near_mint,en,false,EUR,2026-09-14T12:19:12.813Z
Skophos Reaver,MH2,Modern Horizons 2,140,normal,common,1,59486,32691e3f-dea9-45ac-96fe-96b34d5116a9,0.06,false,false,false,near_mint,en,false,EUR,2026-09-14T12:19:12.813Z
Skred,CSP,Coldsnap,97,normal,common,1,27144,b3d6d42a-7607-4361-acc4-7f3cb956bfc9,2.69,false,false,false,near_mint,en,false,EUR,2026-09-14T12:19:12.813Z
Skull Raid,KHM,Kaldheim,111,normal,common,1,56849,4589c520-4db3-47bf-bfb2-5d7e02ede4bf,0.06,false,false,false,near_mint,en,false,EUR,2026-09-14T12:19:12.813Z
Skullcap Snail,LCI,The Lost Caverns of Ixalan,119,normal,common,1,88274,0d96d019-5d80-468a-b891-e3e99346372a,0.07,false,false,false,near_mint,en,false,EUR,2026-09-14T12:19:12.813Z
Skullsnatcher,PCA,Planechase Anthology,36,normal,common,1,6696,07a48566-47cd-4214-879d-13bc76d2c1d2,0.84,false,false,false,near_mint,en,false,EUR,2026-09-14T12:19:12.813Z
Sky Skiff,KLD,Kaladesh,233,normal,common,1,7410,cf4a4939-130b-40d7-8a0f-e31eb931d2d5,0.08,false,false,false,near_mint,en,false,EUR,2026-09-14T12:19:12.813Z
Sky Theater Strix,WAR,War of the Spark,67,normal,common,1,44337,98902dd9-f21c-4419-8205-4b9d6592bf28,0.11,false,false,false,near_mint,en,false,EUR,2026-09-14T12:19:12.813Z
Skybridge Towers,SNC,Streets of New Capenna,256,normal,common,1,68050,e28c871f-a96a-4e7d-a159-2e93aeb276d4,0.06,false,false,false,near_mint,en,false,EUR,2026-09-14T12:19:12.813Z
Skyknight Legionnaire,RVR,Ravnica Remastered,225,normal,common,1,89950,e22b3239-0f4f-4628-b8fb-0bdeb9b744b1,0.06,false,false,false,near_mint,en,false,EUR,2026-09-14T12:19:12.813Z
Skyline Cascade,BFZ,Battle for Zendikar,246,normal,common,1,10105,29b0027d-c232-4cdd-89c4-75947687aa71,0.13,false,false,false,near_mint,en,false,EUR,2026-09-14T12:19:12.813Z
Skyshaper,EXO,Exodus,137,normal,uncommon,1,36199,234ed934-6ea7-41f6-bd13-3df8662a3a1d,0.48,false,false,false,near_mint,en,false,EUR,2026-09-14T12:19:12.813Z
Skyshroud Cutter,NEM,Nemesis,118,normal,common,1,33764,a558c4f5-a716-4e46-9234-5f84f1bd57aa,0.24,false,false,false,near_mint,en,false,EUR,2026-09-14T12:19:12.813Z
Skyshroud Elf,TMP,Tempest,255,normal,common,1,36744,26877a52-dec3-433d-b7a5-767f6cdf2365,0.2,false,false,false,near_mint,en,false,EUR,2026-09-14T12:19:12.813Z
Skyshroud Ridgeback,NEM,Nemesis,120,normal,common,1,33762,410896ab-d3dc-478c-bfd1-c0cad5b1180a,0.14,false,false,false,near_mint,en,false,EUR,2026-09-14T12:19:12.813Z
Skyward Spider,SPM,Marvel's Spider-Man,146,normal,common,1,108599,f5cbb580-cd02-4c60-acb7-b7ed1f1fce59,0.1,false,false,false,near_mint,en,false,EUR,2026-09-14T12:19:12.813Z
Slagwoods Bridge,DRC,Aetherdrift Commander,171,normal,common,1,102988,39a60957-eaee-4154-824f-148dba07161a,0.26,false,false,false,near_mint,en,false,EUR,2026-09-14T12:19:12.813Z
Slaughterhorn,MM3,Modern Masters 2017,136,normal,common,1,6077,4010a419-8291-4c8b-8cda-38c35fbd7b88,0.08,false,false,false,near_mint,en,false,EUR,2026-09-14T12:19:12.813Z
Sleep of the Dead,THB,Theros Beyond Death,66,normal,common,1,46996,4007572b-a6c8-4a56-b1a7-ff099189c9c0,0.26,false,false,false,near_mint,en,false,EUR,2026-09-14T12:19:12.813Z
Sleight of Hand,WOE,Wilds of Eldraine,67,normal,common,1,85523,80dea5c0-ada3-488a-9f2b-f895b92c762f,0.2,false,false,false,near_mint,en,false,EUR,2026-09-14T12:19:12.813Z
Slice from the Shadows,MKM,Murders at Karlov Manor,103,normal,common,1,90770,317800b3-6b2d-4de6-8e44-7e54dd623055,0.09,false,false,false,near_mint,en,false,EUR,2026-09-14T12:19:12.813Z
Slight Malfunction,UNF,Unfinity,123,normal,common,1,73116,5128cc33-05e3-4b2b-8b24-7f574d3f0d53,0.18,false,false,false,near_mint,en,false,EUR,2026-09-14T12:19:12.813Z
Slime Against Humanity,MKM,Murders at Karlov Manor,177,normal,common,1,90698,1eb21318-d32e-4724-8908-c0d7613de2f4,0.96,false,false,false,near_mint,en,false,EUR,2026-09-14T12:19:12.813Z
Slip Through Space,OGW,Oath of the Gatewatch,47,normal,common,1,9335,2dee6dca-9c7e-4347-bea7-7fecc69e5827,0.37,false,false,false,near_mint,en,false,EUR,2026-09-14T12:19:12.813Z
Slippery Bogle,UMA,Ultimate Masters,223,normal,uncommon,1,43300,c4e4bbea-7e3f-4de0-bb01-dfd67f21c254,1.4,false,false,false,near_mint,en,false,EUR,2026-09-14T12:19:12.813Z
Slippery Karst,DMR,Dominaria Remastered,256,normal,common,1,78112,c41073e8-01cc-4d19-acb5-caaf2861bc6a,0.12,false,false,false,near_mint,en,false,EUR,2026-09-14T12:19:12.813Z
Slitherhead,RVR,Ravnica Remastered,226,normal,common,1,89660,4703f1d0-088e-4036-b50c-ce9f7c053ec7,0.09,false,false,false,near_mint,en,false,EUR,2026-09-14T12:19:12.813Z
Slow Motion,ULG,Urza's Legacy,42,normal,common,1,35478,2860a20d-e1bf-4e46-8c07-a858f616d5a5,0.14,false,false,false,near_mint,en,false,EUR,2026-09-14T12:19:12.813Z
Slumbering Keepguard,WOE,Wilds of Eldraine,29,normal,common,1,85754,d7f41ae2-ebc6-439f-95af-c34818a3f4e6,0.11,false,false,false,near_mint,en,false,EUR,2026-09-14T12:19:12.813Z
Smash to Dust,DMU,Dominaria United,144,normal,common,1,71541,747881c7-3788-4dd6-b78d-b2a5ded20e14,0.21,false,false,false,near_mint,en,false,EUR,2026-09-14T12:19:12.813Z
Smash to Smithereens,ORI,Magic Origins,163,normal,common,1,10779,655c489f-bffb-45a4-8e7c-2d1a35220197,0.37,false,false,false,near_mint,en,false,EUR,2026-09-14T12:19:12.813Z
Smaug's Fury,HOB,The Hobbit,111,normal,common,1,115218,a16f203a-785e-4c78-9410-fb9f8a0ffa01,0.05,false,false,false,near_mint,en,false,EUR,2026-09-14T12:19:12.813Z
"Smaug, the Great Calamity // Spew Flame",HOB,The Hobbit,109,normal,common,1,115167,419ca9e5-8413-4378-a4ef-eda5a1024218,0.07,false,false,false,near_mint,en,false,EUR,2026-09-14T12:19:12.813Z
Smell Fear,MH2,Modern Horizons 2,173,normal,common,1,59681,956a2a42-6a91-45b5-99f1-87c2cf1dd608,0.17,false,false,false,near_mint,en,false,EUR,2026-09-14T12:19:12.813Z
Smelt,M19,Core Set 2019,158,normal,common,1,1154,9a13293d-89a7-400c-8309-9f62eeb4769c,0.07,false,false,false,near_mint,en,false,EUR,2026-09-14T12:19:12.813Z
Smelt-Ward Gatekeepers,DGM,Dragon's Maze,39,normal,common,1,16426,8237b11f-36d2-4624-a0ef-520663385891,0.06,false,false,false,near_mint,en,false,EUR,2026-09-14T12:19:12.813Z
Smelted Chargebug,MH3,Modern Horizons 3,139,normal,common,1,94865,7dad40bf-2cd0-47f5-a878-9a289d1d58d0,0.03,false,false,false,near_mint,en,false,EUR,2026-09-14T12:19:12.813Z
Smite,GTC,Gatecrash,25,normal,common,1,16799,ff799e40-fd40-4f6a-8fa8-c22d77476168,0.09,false,false,false,near_mint,en,false,EUR,2026-09-14T12:19:12.813Z
Smite the Deathless,HOC,The Hobbit Eternal,202,normal,common,1,115237,c7a56386-12c8-48c1-895c-9f3af29ea1d1,0.13,false,false,false,near_mint,en,false,EUR,2026-09-14T12:19:12.813Z
Smoke Shroud,MH1,Modern Horizons,69,normal,common,1,44865,e07c876e-ae1c-4b54-8d8a-9f3fd76ca64c,0.16,false,false,false,near_mint,en,false,EUR,2026-09-14T12:19:12.813Z
Smoldering Crater,DMR,Dominaria Remastered,257,normal,common,1,78150,ddcfaaed-c139-4787-946f-59800bde71e4,0.09,false,false,false,near_mint,en,false,EUR,2026-09-14T12:19:12.813Z
Smoldering Spires,E01,Archenemy: Nicol Bolas,96,normal,common,1,4830,e6741f53-f02e-4f1b-9620-e49ad00e7e1d,0.18,false,false,false,near_mint,en,false,EUR,2026-09-14T12:19:12.813Z
Snake Umbra,WOC,Wilds of Eldraine Commander,133,normal,uncommon,1,85219,00b60638-bea3-4c27-9819-da5ac2be1ca1,0.79,false,false,false,near_mint,en,false,EUR,2026-09-14T12:19:12.813Z
Snakeform,CLU,Ravnica: Clue Edition,209,normal,common,1,90910,5da4e042-7d86-46f6-84e0-1d3a62338f52,0.19,false,false,false,near_mint,en,false,EUR,2026-09-14T12:19:12.813Z
Snakeskin Veil,TDM,Tarkir: Dragonstorm,159,normal,common,1,104856,a3d2c692-7566-468e-9c86-47a9f768fde2,0.08,false,false,false,near_mint,en,false,EUR,2026-09-14T12:19:12.813Z
Snap,WOC,Wilds of Eldraine Commander,110,normal,common,1,85827,f21a70d2-53ec-4fee-b7bc-b459309fe657,3.91,false,false,false,near_mint,en,false,EUR,2026-09-14T12:19:12.813Z
Snapback,TSR,Time Spiral Remastered,87,normal,common,1,57597,367d46d1-fa7a-403d-8949-b478a1f83f46,0.2,false,false,false,near_mint,en,false,EUR,2026-09-14T12:19:12.813Z
Snaremaster Sprite,WOE,Wilds of Eldraine,68,normal,common,1,85806,eaa37390-5c32-46ae-89d1-c094c9aa01e5,0.26,false,false,false,near_mint,en,false,EUR,2026-09-14T12:19:12.813Z
Snarling Gorehound,MKM,Murders at Karlov Manor,105,normal,common,1,91055,93ab3e11-8584-406f-b9ae-9e1df4396cbc,0.16,false,false,false,near_mint,en,false,EUR,2026-09-14T12:19:12.813Z
Sneaky Snacker,MH3,Modern Horizons 3,205,normal,common,1,94837,0e3aedae-e4bb-48e3-9f8b-bea0430df306,0.53,false,false,false,near_mint,en,false,EUR,2026-09-14T12:19:12.813Z
Snooping Newsie,SNC,Streets of New Capenna,222,normal,common,1,67981,bed1e957-3df1-4640-9980-783817826602,0.07,false,false,false,near_mint,en,false,EUR,2026-09-14T12:19:12.813Z
Snow-Covered Forest,KHM,Kaldheim,284,normal,common,1,57087,ca17acea-f079-4e53-8176-a2f5c5c408a1,0.77,false,false,false,near_mint,en,false,EUR,2026-09-14T12:19:12.813Z
Snow-Covered Island,KHM,Kaldheim,278,normal,common,1,56828,3bfa5ebc-5623-4eec-89ea-dc187489ee4a,1.14,false,false,false,near_mint,en,false,EUR,2026-09-14T12:19:12.813Z
Snow-Covered Mountain,KHM,Kaldheim,282,normal,common,1,56877,5474e67c-628f-41b0-aa31-3d85a267265a,0.6,false,false,false,near_mint,en,false,EUR,2026-09-14T12:19:12.813Z
Snow-Covered Plains,KHM,Kaldheim,276,normal,common,1,57042,afd2730f-878e-47ee-ad2a-73f8fa4e0794,0.34,false,false,false,near_mint,en,false,EUR,2026-09-14T12:19:12.813Z
Snow-Covered Swamp,KHM,Kaldheim,280,normal,common,1,56917,6aa85af8-15f5-4620-8aea-0b45c28372ed,0.56,false,false,false,near_mint,en,false,EUR,2026-09-14T12:19:12.813Z
Snow-Covered Wastes,MH3,Modern Horizons 3,229,normal,uncommon,1,93018,87870792-e429-4eba-8193-cdce5c7b6c55,0.25,false,false,false,near_mint,en,false,EUR,2026-09-14T12:19:12.813Z
Snowfall,ICE,Ice Age,101,normal,common,1,39708,788ed793-3993-4a63-b9f9-9ac3947c3108,0.13,false,false,false,near_mint,en,false,EUR,2026-09-14T12:19:12.813Z
Snowfield Sinkhole,CLB,Commander Legends: Battle for Baldur's Gate,915,normal,common,1,69478,3c6e17f2-b1e4-4189-a02f-92fa4b13a1ed,0.23,false,false,false,near_mint,en,false,EUR,2026-09-14T12:19:12.813Z
Snubhorn Sentry,RIX,Rivals of Ixalan,23,normal,common,1,2995,3ee111e7-5309-46d5-b3ea-a049b3962c23,0.09,false,false,false,near_mint,en,false,EUR,2026-09-14T12:19:12.813Z
Snuff Out,GVL,Duel Decks Anthology: Garruk vs. Liliana,53,normal,common,1,12301,75bbe89f-09af-494e-b58e-271f64bde4b5,12.27,false,false,false,near_mint,en,false,EUR,2026-09-14T12:19:12.813Z
Sokka's Sword Training,TLE,Avatar: The Last Airbender Eternal,84,normal,common,1,109675,3489930a-208d-4bb2-b200-58a0dd4f6e81,0.18,false,false,false,near_mint,en,false,EUR,2026-09-14T12:19:12.813Z
Solfatara,VIS,Visions,93,normal,common,1,38080,c5d4bd6f-b019-4594-aa41-138fa58ba529,0.2,false,false,false,near_mint,en,false,EUR,2026-09-14T12:19:12.813Z
Solid Footing,IKO,Ikoria: Lair of Behemoths,31,normal,common,1,50046,0900a8d1-a1b1-48c9-8af1-726a623c7d74,0.13,false,false,false,near_mint,en,false,EUR,2026-09-14T12:19:12.813Z
Soltari Foot Soldier,BRB,Battle Royale Box Set,74,normal,common,1,33986,3524d78b-d120-46ff-83e3-c502589fd5ba,0.8,false,false,false,near_mint,en,false,EUR,2026-09-14T12:19:12.813Z
Somber Hoverguard,MM2,Modern Masters 2015,57,normal,common,1,11160,13cfe45f-0b1f-489b-a0a6-679668589726,0.12,false,false,false,near_mint,en,false,EUR,2026-09-14T12:19:12.813Z
Somberwald Dryad,DKA,Dark Ascension,126,normal,common,1,18411,307edca0-769d-4071-9654-3537341e96bd,0.05,false,false,false,near_mint,en,false,EUR,2026-09-14T12:19:12.813Z
Song of Blood,VIS,Visions,94,normal,common,1,38079,4497a1d7-6604-4f2d-9484-1f1d77a6228f,0.15,false,false,false,near_mint,en,false,EUR,2026-09-14T12:19:12.813Z
"Songbird, Sonic Screamer",MSC,Marvel Super Heroes Commander,762,normal,common,1,113599,2b327925-8a50-4fd7-9010-673f9a3e97ce,0.18,false,false,false,near_mint,en,false,EUR,2026-09-14T12:19:12.813Z
Songs of the Damned,UMA,Ultimate Masters,115,normal,uncommon,1,43393,9133b267-295d-4987-b1d6-f32a85b66081,2.37,false,false,false,near_mint,en,false,EUR,2026-09-14T12:19:12.813Z
Sonic Assault,GRN,Guilds of Ravnica,199,normal,common,1,284,cc61a398-cf16-415b-b3cf-897217dc7cc9,0.04,false,false,false,near_mint,en,false,EUR,2026-09-14T12:19:12.813Z
Soothing of Sméagol,LTR,The Lord of the Rings: Tales of Middle-earth,70,normal,common,1,83459,be6400e8-7f99-4005-9a92-ffbc359d3871,0.08,false,false,false,near_mint,en,false,EUR,2026-09-14T12:19:12.813Z
Soratami Mirror-Guard,CHK,Champions of Kamigawa,87,normal,common,1,29139,3ff8968b-cd96-4f44-85f8-2af20d61d7cb,0.13,false,false,false,near_mint,en,false,EUR,2026-09-14T12:19:12.813Z
Sorin's Thirst,M20,Core Set 2020,325,normal,common,1,45135,c0dacbb2-21e1-4220-bf43-75a0729cdc60,0.12,false,false,false,near_mint,en,false,EUR,2026-09-14T12:19:12.813Z
Soul Barrier,5ED,Fifth Edition,125,normal,common,1,37881,dfd50e68-2063-4fae-bb56-eb224d43b147,0.19,false,false,false,near_mint,en,false,EUR,2026-09-14T12:19:12.813Z
Soul Manipulation,ZNC,Zendikar Rising Commander,100,normal,uncommon,1,55432,8c052464-0e9c-4ac6-af50-ef81711972c8,0.18,false,false,false,near_mint,en,false,EUR,2026-09-14T12:19:12.813Z
Soul of Migration,MH2,Modern Horizons 2,33,normal,common,1,59524,4541217f-5e86-491b-918b-ed7a2eb3e4eb,0.08,false,false,false,near_mint,en,false,EUR,2026-09-14T12:19:12.813Z
Soul Read,J25,Foundations Jumpstart,362,normal,common,1,100340,3372d31f-7b7b-48a7-9b6c-49ba17f3be07,0.17,false,false,false,near_mint,en,false,EUR,2026-09-14T12:19:12.813Z
Soul Reap,EVE,Eventide,44,normal,common,1,24507,e2a129e2-bed5-4ee7-b223-851452f72682,0.24,false,false,false,near_mint,en,false,EUR,2026-09-14T12:19:12.813Z
Soul Salvage,M20,Core Set 2020,116,normal,common,1,45345,5d9250f8-9085-4664-ada7-a2ef44deeac8,0.04,false,false,false,near_mint,en,false,EUR,2026-09-14T12:19:12.813Z
Soul Warden,MM3,Modern Masters 2017,24,normal,common,1,6189,d96266b3-a7cb-40ce-a328-ac13719fe5f0,2.1,false,false,false,near_mint,en,false,EUR,2026-09-14T12:19:12.813Z
Soul's Attendant,ROE,Rise of the Eldrazi,44,normal,common,1,21923,3223c0ac-cc22-4886-8919-11273b477cc7,4.87,false,false,false,near_mint,en,false,EUR,2026-09-14T12:19:12.813Z
Soul's Fire,CMR,Commander Legends,200,normal,common,1,55593,239a9f2e-145b-4f31-8128-4d376af1079d,0.16,false,false,false,near_mint,en,false,EUR,2026-09-14T12:19:12.813Z
Soul-Guide Lantern,EOC,Edge of Eternities Commander,143,normal,uncommon,1,107353,f4907e7b-d6d5-4e9b-968f-bce34ae4a577,0.2,false,false,false,near_mint,en,false,EUR,2026-09-14T12:19:12.813Z
Soulshriek,MIR,Mirage,145,normal,common,1,38445,5c3bf717-2b88-4704-a7e9-f62dbb3d3d3d,0.17,false,false,false,near_mint,en,false,EUR,2026-09-14T12:19:12.813Z
Soured Springs,OTJ,Outlaws of Thunder Junction,264,normal,common,1,93195,67daa31c-d9c4-4c22-b29c-1b8a17d577e5,0.16,false,false,false,near_mint,en,false,EUR,2026-09-14T12:19:12.813Z
Sovereign's Bite,M19,Core Set 2019,120,normal,common,1,1192,5326d251-bb91-4653-b1fa-44f14c4e0b88,0.16,false,false,false,near_mint,en,false,EUR,2026-09-14T12:19:12.813Z
Spaceshift,MSC,Marvel Super Heroes Commander,640,normal,common,1,113726,5c618451-5cf5-4cdc-b957-733960e6001e,0.29,false,false,false,near_mint,en,false,EUR,2026-09-14T12:19:12.813Z
Spare from Evil,ISD,Innistrad,34,normal,common,1,18864,d01b5d97-b5ae-42a7-944a-feb12febd63c,0.12,false,false,false,near_mint,en,false,EUR,2026-09-14T12:19:12.813Z
Spare Supplies,ZNR,Zendikar Rising,254,normal,common,1,54682,a53baf25-1782-427b-a9dd-fc9b8dc6444f,0.1,false,false,false,near_mint,en,false,EUR,2026-09-14T12:19:12.813Z
Spark Elemental,10E,Tenth Edition,237,normal,uncommon,1,25831,09e7dfad-aca9-498d-bd1c-5503b411ca5f,0.26,false,false,false,near_mint,en,false,EUR,2026-09-14T12:19:12.813Z
Sparksmith,ONS,Onslaught,235,normal,common,1,31068,15a4460d-3fe8-4b1f-9990-0a19c3345367,0.18,false,false,false,near_mint,en,false,EUR,2026-09-14T12:19:12.813Z
Sparring Construct,DOM,Dominaria,232,normal,common,1,2044,badc7db8-386e-4fb6-aefa-591e99747eb2,0.07,false,false,false,near_mint,en,false,EUR,2026-09-14T12:19:12.813Z
Spawning Breath,ROE,Rise of the Eldrazi,164,normal,common,1,21803,90ec1540-e8cb-4edc-a3b3-f71423cb46fc,0.31,false,false,false,near_mint,en,false,EUR,2026-09-14T12:19:12.813Z
Spectacle Summit,SOS,Secrets of Strixhaven,262,normal,common,1,112055,a0a66f7b-eab4-45da-8895-c2c2c7eb05f8,0.05,false,false,false,near_mint,en,false,EUR,2026-09-14T12:19:12.813Z
Spectacular Tactics,MSC,Marvel Super Heroes Commander,775,normal,common,1,113513,032cc89a-9824-437d-b7fb-02a7901a8299,0.22,false,false,false,near_mint,en,false,EUR,2026-09-14T12:19:12.813Z
Specter's Wail,MMQ,Mercadian Masques,164,normal,common,1,34246,d1637b62-e364-4250-aad5-841c6a47a11e,0.1,false,false,false,near_mint,en,false,EUR,2026-09-14T12:19:12.813Z
Spectral Interference,DFT,Aetherdrift,63,normal,common,1,103556,860cb8af-a5f6-47e7-a34b-7b9f11ddc8c6,0.09,false,false,false,near_mint,en,false,EUR,2026-09-14T12:19:12.813Z
Spectral Snatcher,DSK,Duskmourn: House of Horror,116,normal,common,1,98982,68f90f57-94a0-4ee1-9383-093e8fca52ea,0.08,false,false,false,near_mint,en,false,EUR,2026-09-14T12:19:12.813Z
Spell Blast,M14,Magic 2014,72,normal,uncommon,1,15979,42d7af6a-bfd1-4e89-965a-68336507a9ee,0.1,false,false,false,near_mint,en,false,EUR,2026-09-14T12:19:12.813Z
Spell Pierce,DFT,Aetherdrift,64,normal,uncommon,1,103568,8dd4374f-0301-4b2e-bc99-2cd19568cb3b,0.23,false,false,false,near_mint,en,false,EUR,2026-09-14T12:19:12.813Z
Spell Shrivel,BFZ,Battle for Zendikar,66,normal,common,1,10285,efa110cb-f091-48f0-bc62-80f5f18568e8,0.08,false,false,false,near_mint,en,false,EUR,2026-09-14T12:19:12.813Z
Spell Stutter,WOE,Wilds of Eldraine,69,normal,common,1,85298,24447e36-a42f-40a9-ad44-e904b6f9b276,0.15,false,false,false,near_mint,en,false,EUR,2026-09-14T12:19:12.813Z
Spelleater Wolverine,IKO,Ikoria: Lair of Behemoths,137,normal,common,1,49940,a5f03ffd-dcdb-441c-8dfc-4fe06a289b22,0.06,false,false,false,near_mint,en,false,EUR,2026-09-14T12:19:12.813Z
Spellgorger Weird,CLU,Ravnica: Clue Edition,148,normal,common,1,91071,9ba52955-2ab9-48a4-bb12-6127bdef1909,0.1,false,false,false,near_mint,en,false,EUR,2026-09-14T12:19:12.813Z
Spellstutter Sprite,MMA,Modern Masters,65,normal,common,1,16244,3899605d-2203-4ab6-9ff5-69490382eea4,4.89,false,false,false,near_mint,en,false,EUR,2026-09-14T12:19:12.813Z
Sphere of Purity,MRD,Mirrodin,26,normal,common,1,30019,392944d5-bff1-4125-86db-68d05682a430,0.06,false,false,false,near_mint,en,false,EUR,2026-09-14T12:19:12.813Z
Spider Manifestation,SPM,Marvel's Spider-Man,148,normal,common,1,108553,99223677-b8a5-48f1-8009-e8475eada7db,0.14,false,false,false,near_mint,en,false,EUR,2026-09-14T12:19:12.813Z
Spider Umbra,UMA,Ultimate Masters,184,normal,common,1,43330,762b8d61-53c9-41e1-aaa7-098b91d9b938,0.26,false,false,false,near_mint,en,false,EUR,2026-09-14T12:19:12.813Z
"Spider-Gwen, Free Spirit",MSC,Marvel Super Heroes Commander,874,normal,common,1,113636,3a9a0ec2-6f57-4218-a307-6e8d785a1693,0.15,false,false,false,near_mint,en,false,EUR,2026-09-14T12:19:12.813Z
Spider-Man No More,SPM,Marvel's Spider-Man,45,normal,common,1,108642,72dbab11-96ed-43db-8b59-ceca47c8cd22,0.06,false,false,false,near_mint,en,false,EUR,2026-09-14T12:19:12.813Z
"Spider-Man, Brooklyn Visionary",SPM,Marvel's Spider-Man,115,normal,common,1,107679,e19929bc-cbe1-4970-952d-8e9d0193ddce,0.05,false,false,false,near_mint,en,false,EUR,2026-09-14T12:19:12.813Z
"Spider-Man, Web-Slinger",MSC,Marvel Super Heroes Commander,776,normal,common,1,113942,b93628ad-5fdf-4f8f-982b-51921113d09d,0.2,false,false,false,near_mint,en,false,EUR,2026-09-14T12:19:12.813Z
"Spider-Rex, Daring Dino",MSC,Marvel Super Heroes Commander,818,normal,common,1,113704,531bad8f-a1e2-43ff-9d76-d702142f50a1,0.17,false,false,false,near_mint,en,false,EUR,2026-09-14T12:19:12.813Z
Spidersilk Armor,DDG,Duel Decks: Knights vs. Dragons,32,normal,common,1,19944,e55202a1-c246-4b5b-94d6-43c86a69d61a,1.73,false,false,false,near_mint,en,false,EUR,2026-09-14T12:19:12.813Z
Spin Out,DFT,Aetherdrift,106,normal,common,1,103617,be722ac5-e8c4-4180-aed0-7c28895afc0d,0.04,false,false,false,near_mint,en,false,EUR,2026-09-14T12:19:12.813Z
Spinal Centipede,GRN,Guilds of Ravnica,86,normal,common,1,397,74d579fb-615a-43a6-a1c1-c535087abf2a,0.04,false,false,false,near_mint,en,false,EUR,2026-09-14T12:19:12.813Z
Spinewoods Paladin,OTJ,Outlaws of Thunder Junction,183,normal,common,1,93075,1b2b432d-9e73-4ab2-a098-546d406df6c0,0.13,false,false,false,near_mint,en,false,EUR,2026-09-14T12:19:12.813Z
Spinneret Sliver,TSR,Time Spiral Remastered,230,normal,common,1,57721,7f86e30d-d9e8-48f7-8bd1-f2645f0ab3f4,0.12,false,false,false,near_mint,en,false,EUR,2026-09-14T12:19:12.813Z
Spinning Darkness,WTH,Weatherlight,81,normal,common,1,37216,58e64a8e-84b1-416c-9fa7-8b10130dc9e9,1.47,false,false,false,near_mint,en,false,EUR,2026-09-14T12:19:12.813Z
Spire Golem,JVC,Duel Decks Anthology: Jace vs. Chandra,16,normal,common,1,12275,b299c599-1a10-4122-ac0b-8f52a9cec7b6,0.32,false,false,false,near_mint,en,false,EUR,2026-09-14T12:19:12.813Z
Spirit en-Kor,STH,Stronghold,19,normal,common,1,36626,f8adc368-ede3-4b1c-af93-a5e0f2e24d83,0.19,false,false,false,near_mint,en,false,EUR,2026-09-14T12:19:12.813Z
Spirit Link,DMR,Dominaria Remastered,29,normal,common,1,78210,fc046a97-4699-438d-8da4-022560a18564,0.17,false,false,false,near_mint,en,false,EUR,2026-09-14T12:19:12.813Z
Spirit Mascot,SOS,Secrets of Strixhaven,230,normal,common,1,111682,123f1fde-d8de-4640-baa1-bb3781713168,0.09,false,false,false,near_mint,en,false,EUR,2026-09-14T12:19:12.813Z
Spirited Companion,BLC,Bloomburrow Commander,155,normal,common,1,96423,ada3dc9c-2f83-4f52-8776-ef23d45cc4eb,0.26,false,false,false,near_mint,en,false,EUR,2026-09-14T12:19:12.813Z
Spiteful Squad,STX,Strixhaven: School of Mages,237,normal,common,1,58298,be88355e-c986-4b69-93b4-0abf04916e86,0.03,false,false,false,near_mint,en,false,EUR,2026-09-14T12:19:12.813Z
Spore Cloud,FEM,Fallen Empires,72c,normal,common,1,40233,17fe098c-c9b5-4bba-92b5-5720d6919073,0.18,false,false,false,near_mint,en,false,EUR,2026-09-14T12:19:12.813Z
Spore Frog,BLC,Bloomburrow Commander,238,normal,common,1,96237,3164ebb4-269a-4be6-a535-a112303f9fe8,0.35,false,false,false,near_mint,en,false,EUR,2026-09-14T12:19:12.813Z
Sporoloth Ancient,TSR,Time Spiral Remastered,232,normal,common,1,57659,57a96041-1b20-464e-9119-93c19675ac46,0.11,false,false,false,near_mint,en,false,EUR,2026-09-14T12:19:12.813Z
Spotcycle Scouter,DFT,Aetherdrift,30,normal,common,1,103346,f0489108-75b7-441c-888d-12987c0c1080,0.03,false,false,false,near_mint,en,false,EUR,2026-09-14T12:19:12.813Z
Spreading Seas,ZEN,Zendikar,70,normal,common,1,22554,37454c1c-4098-4ac2-884e-3f65f1384bdb,0.34,false,false,false,near_mint,en,false,EUR,2026-09-14T12:19:12.813Z
Springleaf Drum,ECL,Lorwyn Eclipsed,260,normal,uncommon,1,110640,e15ab0aa-4059-4923-9816-6f7a9e5b5a18,0.32,false,false,false,near_mint,en,false,EUR,2026-09-14T12:19:12.813Z
Springmane Cervin,STX,Strixhaven: School of Mages,144,normal,common,1,58391,f5b0eac4-0262-4eed-97d4-0f2e6f06c8e1,0.03,false,false,false,near_mint,en,false,EUR,2026-09-14T12:19:12.813Z
Sprout Swarm,FUT,Future Sight,138,normal,common,1,26199,0b915355-4e98-44df-81bd-961a3d3c86b8,1.83,false,false,false,near_mint,en,false,EUR,2026-09-14T12:19:12.813Z
Sprouting Renewal,RVR,Ravnica Remastered,157,normal,common,1,89946,e0b32db8-1c8c-4109-a051-0b61eda1da35,0.15,false,false,false,near_mint,en,false,EUR,2026-09-14T12:19:12.813Z
Spy Network,ONS,Onslaught,115,normal,common,1,31188,8a4bed3f-845c-4822-b8af-8b511dce6fe2,0.14,false,false,false,near_mint,en,false,EUR,2026-09-14T12:19:12.813Z
Squad Rallier,FDN,Foundations,24,normal,common,1,101534,65e1ee86-6f08-4aa0-bf63-ae12028ef080,0.03,false,false,false,near_mint,en,false,EUR,2026-09-14T12:19:12.813Z
Squadron Hawk,A25,Masters 25,34,normal,common,1,2682,9e81806d-5d87-4032-ad94-c2cdeabecdbf,0.29,false,false,false,near_mint,en,false,EUR,2026-09-14T12:19:12.813Z
Square Up,STX,Strixhaven: School of Mages,238,normal,common,1,58066,3d548d5a-1dd7-448a-8483-249572e08c47,0.04,false,false,false,near_mint,en,false,EUR,2026-09-14T12:19:12.813Z
Squire's Devotion,RIX,Rivals of Ixalan,25,normal,common,1,2993,91de07da-564d-42f3-987d-a2321c3216bc,0.13,false,false,false,near_mint,en,false,EUR,2026-09-14T12:19:12.813Z
Squire's Lightblade,EOE,Edge of Eternities,36,normal,common,1,107699,2a0accba-85d4-4aa4-a70c-80fcce48c261,0.05,false,false,false,near_mint,en,false,EUR,2026-09-14T12:19:12.813Z
Stab,FDN,Foundations,71,normal,common,1,101538,6859a5ba-1c1c-4631-bba8-f9900b827178,0.08,false,false,false,near_mint,en,false,EUR,2026-09-14T12:19:12.813Z
Staggering Size,LCI,The Lost Caverns of Ixalan,214,normal,common,1,88974,e34c4946-6c21-4ae1-9595-35933d38da52,0.04,false,false,false,near_mint,en,false,EUR,2026-09-14T12:19:12.813Z
Stalwart Shield-Bearers,ROE,Rise of the Eldrazi,46,normal,common,1,21921,868256bb-d4e2-42eb-a43a-360148aec06f,2.22,false,false,false,near_mint,en,false,EUR,2026-09-14T12:19:12.813Z
Stampeding Elk Herd,DTK,Dragons of Tarkir,208,normal,common,1,11606,7e55e213-6eab-4086-96cd-024de6150fbe,0.1,false,false,false,near_mint,en,false,EUR,2026-09-14T12:19:12.813Z
Standard Bearer,APC,Apocalypse,18,normal,common,1,32438,e0f8e16a-55f0-4147-a01a-dba7938f31c4,1.87,false,false,false,near_mint,en,false,EUR,2026-09-14T12:19:12.813Z
Star Pupil,STX,Strixhaven: School of Mages,30,normal,common,1,58237,99e9318f-2e17-4b6e-895f-c17cd5d0d282,0.06,false,false,false,near_mint,en,false,EUR,2026-09-14T12:19:12.813Z
Stark Industries,MSH,Marvel Super Heroes,272,normal,common,1,114106,fe3609d8-71a2-49d9-a3fa-25e0906a1a0e,0.07,false,false,false,near_mint,en,false,EUR,2026-09-14T12:19:12.813Z
Stasis Field,MOM,March of the Machine,79,normal,common,1,81329,38211d78-ebac-4150-ac11-7613a0e9e1bc,0.06,false,false,false,near_mint,en,false,EUR,2026-09-14T12:19:12.813Z
Staunch Throneguard,CMM,Commander Masters,412,normal,common,1,84927,d60160a6-8786-4488-b373-6599221341e5,0.16,false,false,false,near_mint,en,false,EUR,2026-09-14T12:19:12.813Z
Stave Off,DDN,Duel Decks: Speed vs. Cunning,61,normal,common,1,13469,8257cc36-4886-449a-bb45-51f6abf09e82,0.15,false,false,false,near_mint,en,false,EUR,2026-09-14T12:19:12.813Z
Steadfast Paladin,AFR,Adventures in the Forgotten Realms,38,normal,common,1,60360,a2c06b6e-faf5-467d-bfe1-9ff00be9e2f5,0.07,false,false,false,near_mint,en,false,EUR,2026-09-14T12:19:12.813Z
Steadfast Sentry,M20,Core Set 2020,40,normal,common,1,45421,8d92614e-05da-4b5c-a98b-addf8ab2de7b,0.06,false,false,false,near_mint,en,false,EUR,2026-09-14T12:19:12.813Z
Steadfast Unicorn,CLB,Commander Legends: Battle for Baldur's Gate,44,normal,common,1,68862,13762890-6c5e-44e4-9bd8-998bd054db20,0.14,false,false,false,near_mint,en,false,EUR,2026-09-14T12:19:12.813Z
Steady Progress,MM2,Modern Masters 2015,58,normal,common,1,11159,71106361-b5b9-403c-b3b1-afe3337e9e3d,0.29,false,false,false,near_mint,en,false,EUR,2026-09-14T12:19:12.813Z
Steel of the Godhead,DDI,Duel Decks: Venser vs. Koth,30,normal,common,1,18344,0d3c9145-14d0-4731-bc07-eb4c3f71d7e4,1.95,false,false,false,near_mint,en,false,EUR,2026-09-14T12:19:12.813Z
Steel Sabotage,2XM,Double Masters,70,normal,common,1,52188,c227437d-1fc7-4a00-ace5-80795adc51d3,0.47,false,false,false,near_mint,en,false,EUR,2026-09-14T12:19:12.813Z
Steel Wrecking Ball,SPM,Marvel's Spider-Man,177,normal,common,1,108453,7f2c74f5-1cfe-4918-a86b-0d58ac8b7469,0.06,false,false,false,near_mint,en,false,EUR,2026-09-14T12:19:12.813Z
Steelfin Whale,MH2,Modern Horizons 2,65,normal,common,1,59638,7e7ca8b6-d7e0-4af2-a578-bf45a8731c19,0.1,false,false,false,near_mint,en,false,EUR,2026-09-14T12:19:12.813Z
Step Through,MH2,Modern Horizons 2,66,normal,common,1,59617,716534cb-aa89-4de7-9aa5-8d8aa4422a6a,0.14,false,false,false,near_mint,en,false,EUR,2026-09-14T12:19:12.813Z
Stern Dismissal,THB,Theros Beyond Death,68,normal,common,1,46994,0aec4d0f-ba1e-45f8-9764-9bcc3fa50e51,0.11,false,false,false,near_mint,en,false,EUR,2026-09-14T12:19:12.813Z
Sticky Fingers,SNC,Streets of New Capenna,124,normal,common,1,67696,3678fa3d-d41f-4b7a-b25e-6fc5f78876c7,0.21,false,false,false,near_mint,en,false,EUR,2026-09-14T12:19:12.813Z
Stickytongue Sentinel,BLB,Bloomburrow,193,normal,common,1,96105,b5fa9651-b217-4f93-9c46-9bdb11feedcb,0.08,false,false,false,near_mint,en,false,EUR,2026-09-14T12:19:12.813Z
Stingscourger,TSR,Time Spiral Remastered,192,normal,common,1,57884,d6bcc2bc-75a7-4b01-856b-4e0b8703e302,0.07,false,false,false,near_mint,en,false,EUR,2026-09-14T12:19:12.813Z
Stinkweed Imp,GK1,GRN Guild Kit,53,normal,common,1,93,566be83c-14a8-42ca-b9e5-51b486dc7849,1.61,false,false,false,near_mint,en,false,EUR,2026-09-14T12:19:12.813Z
Stir Up Trouble,HOB,The Hobbit,84,normal,common,1,115266,fd145e3a-c889-4390-accb-863dbcc845ce,0.07,false,false,false,near_mint,en,false,EUR,2026-09-14T12:19:12.813Z
Stoic Grove-Guide,ECL,Lorwyn Eclipsed,243,normal,common,1,110730,3d5a3e25-c17a-47b1-a36d-d24d50e5bab3,0.04,false,false,false,near_mint,en,false,EUR,2026-09-14T12:19:12.813Z
Stoic Rebuttal,MM2,Modern Masters 2015,59,normal,common,1,11158,e9f8146e-ca33-4fa2-8f39-5a44b0db4bd6,0.2,false,false,false,near_mint,en,false,EUR,2026-09-14T12:19:12.813Z
Stomped by the Foot,TMT,Teenage Mutant Ninja Turtles,82,normal,common,1,111566,3fdec16f-77f5-4792-9698-b9099a204028,0.05,false,false,false,near_mint,en,false,EUR,2026-09-14T12:19:12.813Z
Stone Docent,SOS,Secrets of Strixhaven,36,normal,common,1,112682,c2abfffb-bf36-44af-9a27-6e109e4d77dd,0.04,false,false,false,near_mint,en,false,EUR,2026-09-14T12:19:12.813Z
Stone Rain,9ED,Ninth Edition,221,normal,common,1,28142,d2334c10-fa96-4f8e-8187-c7ecc00cbac8,0.2,false,false,false,near_mint,en,false,EUR,2026-09-14T12:19:12.813Z
Stonehorn Dignitary,M12,Magic 2012,37,normal,common,1,19230,c3797f7f-489d-4735-af56-6359e0fa0a6b,0.76,false,false,false,near_mint,en,false,EUR,2026-09-14T12:19:12.813Z
Stonework Packbeast,ZNR,Zendikar Rising,255,normal,common,1,54678,a29e17ba-d584-4296-9f43-17467edaa25f,0.07,false,false,false,near_mint,en,false,EUR,2026-09-14T12:19:12.813Z
Stonybrook Banneret,LCC,The Lost Caverns of Ixalan Commander,173,normal,common,1,88317,1b3bc8fd-97bd-4383-9ce4-8cfe7a6c1e62,0.37,false,false,false,near_mint,en,false,EUR,2026-09-14T12:19:12.813Z
Stonybrook Schoolmaster,MOR,Morningtide,25,normal,common,1,25000,69fa2293-f398-4ad8-895e-c739ddea56d0,0.16,false,false,false,near_mint,en,false,EUR,2026-09-14T12:19:12.813Z
Stormbound Geist,DKA,Dark Ascension,51,normal,common,1,18486,040eddb0-fca2-41eb-ab07-c48d49385973,0.2,false,false,false,near_mint,en,false,EUR,2026-09-14T12:19:12.813Z
Stormscape Familiar,TSB,Time Spiral Timeshifted,32,normal,special,1,26989,865e5cdd-566c-4bed-a392-583b71ec2718,0.71,false,false,false,near_mint,en,false,EUR,2026-09-14T12:19:12.813Z
Stormshriek Feral // Flush Out,TDM,Tarkir: Dragonstorm,124,normal,common,1,104447,0ec92c44-7cf0-48a5-a3ca-bc633496d887,0.07,false,false,false,near_mint,en,false,EUR,2026-09-14T12:19:12.813Z
Strangled Cemetery,DSK,Duskmourn: House of Horror,268,normal,common,1,98666,c1ce9250-bdbe-4c77-9243-6db9ffffe69b,0.11,false,false,false,near_mint,en,false,EUR,2026-09-14T12:19:12.813Z
Strategic Planning,KHM,Kaldheim,77,normal,common,1,56797,29306305-cb71-4fef-bf86-f5deb4e7e561,0.16,false,false,false,near_mint,en,false,EUR,2026-09-14T12:19:12.813Z
Stream of Life,9ED,Ninth Edition,272,normal,uncommon,1,28091,341aa1b2-e600-4580-b0cd-e1582b75dc81,0.14,false,false,false,near_mint,en,false,EUR,2026-09-14T12:19:12.813Z
Stream of Thought,MH1,Modern Horizons,71,normal,common,1,44863,8b75bef5-a039-4edf-8e43-56b8d089605e,0.15,false,false,false,near_mint,en,false,EUR,2026-09-14T12:19:12.813Z
Stream of Unconsciousness,MOR,Morningtide,52,normal,common,1,24973,54ba05db-6b09-4b6a-b7fe-13c1e1058e25,0.16,false,false,false,near_mint,en,false,EUR,2026-09-14T12:19:12.813Z
Street Wraith,DMR,Dominaria Remastered,102,normal,common,1,77925,5d09cc57-2275-4b6b-aaf6-a6d781cd9365,0.25,false,false,false,near_mint,en,false,EUR,2026-09-14T12:19:12.813Z
Strength in Numbers,TSR,Time Spiral Remastered,233,normal,common,1,57644,51d900d0-3f3a-4716-bcc7-b27a0cbbc339,0.05,false,false,false,near_mint,en,false,EUR,2026-09-14T12:19:12.813Z
Strength of Arms,INR,Innistrad Remastered,42,normal,common,1,102698,a08fb8ec-6890-48f9-97db-0584a9a77578,0.05,false,false,false,near_mint,en,false,EUR,2026-09-14T12:19:12.813Z
Striking Sliver,CMM,Commander Masters,882,normal,common,1,84920,d4652793-6f02-4bb6-8f71-eef302a001c6,1.17,false,false,false,near_mint,en,false,EUR,2026-09-14T12:19:12.813Z
Striped Riverwinder,HOU,Hour of Devastation,48,normal,common,1,4627,bbeef9ef-487c-400b-bcee-1c0e8ec94b6a,0.32,false,false,false,near_mint,en,false,EUR,2026-09-14T12:19:12.813Z
Strix Lookout,FDN,Foundations,52,normal,common,1,101627,fbd2422e-8e84-4c39-af29-3b4d38baee63,0.07,false,false,false,near_mint,en,false,EUR,2026-09-14T12:19:12.813Z
Structural Distortion,SOI,Shadows over Innistrad,185,normal,common,1,8811,a7895890-a774-4c7c-9f15-78b8aadfd9ef,0.15,false,false,false,near_mint,en,false,EUR,2026-09-14T12:19:12.813Z
Struggle for Skemfar,KHM,Kaldheim,196,normal,common,1,57024,a67747a9-3299-4b4a-a4e0-e8a269c4f927,0.08,false,false,false,near_mint,en,false,EUR,2026-09-14T12:19:12.813Z
Studious First-Year // Rampant Growth,SOS,Secrets of Strixhaven,162,normal,common,1,111693,24f888dd-785c-4089-a89c-03f9080130ed,0.15,false,false,false,near_mint,en,false,EUR,2026-09-14T12:19:12.813Z
Study Break,STX,Strixhaven: School of Mages,34,normal,common,1,58379,ef7cd813-0781-4fd7-8748-2716e1eeb4b9,0.05,false,false,false,near_mint,en,false,EUR,2026-09-14T12:19:12.813Z
Subtle Strike,ZNR,Zendikar Rising,128,normal,common,1,54442,0d3f531a-ce45-4cba-be24-6db749e38abd,0.03,false,false,false,near_mint,en,false,EUR,2026-09-14T12:19:12.813Z
Suffocating Fumes,IKO,Ikoria: Lair of Behemoths,100,normal,common,1,49977,66b562e4-35df-4aee-848d-ceb4204bbe58,0.57,false,false,false,near_mint,en,false,EUR,2026-09-14T12:19:12.813Z
Sulfur Vent,INV,Invasion,328,normal,common,1,33005,22c66ed6-55fb-4c65-aac4-26d9cc3053b8,0.21,false,false,false,near_mint,en,false,EUR,2026-09-14T12:19:12.813Z
Sulfurous Blast,CMM,Commander Masters,262,normal,common,1,84944,dabae267-54fa-4e6d-8f7d-15152fe37397,0.12,false,false,false,near_mint,en,false,EUR,2026-09-14T12:19:12.813Z
Sulfurous Mire,KHM,Kaldheim,270,normal,common,1,56819,35ebe245-ebb5-493c-b9c1-56fbfda9bd66,0.31,false,false,false,near_mint,en,false,EUR,2026-09-14T12:19:12.813Z
Sultai Scavenger,KTK,Khans of Tarkir,91,normal,common,1,13307,2cb8e423-f7e7-4ac3-acc2-2a3722e409e7,0.07,false,false,false,near_mint,en,false,EUR,2026-09-14T12:19:12.813Z
Summon: Choco/Mog,FIN,Final Fantasy,35,normal,common,1,106493,00546117-018a-4286-bc20-b5446c5be56f,0.09,false,false,false,near_mint,en,false,EUR,2026-09-14T12:19:12.813Z
Summon: Fat Chocobo,FIN,Final Fantasy,202,normal,common,1,106533,32eb192b-de6b-4814-8077-628d343d014e,0.08,false,false,false,near_mint,en,false,EUR,2026-09-14T12:19:12.813Z
Sun's Bounty,CSP,Coldsnap,18,normal,common,1,27223,bde59b0e-c75e-455b-b375-e0dac430a6d1,0.03,false,false,false,near_mint,en,false,EUR,2026-09-14T12:19:12.813Z
Sun-Blessed Peak,TLA,Avatar: The Last Airbender,280,normal,common,1,109515,ae04c862-095f-41d2-8aef-21036d5a0cdc,0.12,false,false,false,near_mint,en,false,EUR,2026-09-14T12:19:12.813Z
Sun-Dappled Celebrant,ECL,Lorwyn Eclipsed,37,normal,common,1,110376,91c715a5-6643-4064-a8a8-3e05dce15979,0.04,false,false,false,near_mint,en,false,EUR,2026-09-14T12:19:12.813Z
Sundering Growth,C19,Commander 2019,203,normal,common,1,45731,96feebe2-0a6b-4df8-8e7d-ee0bb82ac0c1,0.24,false,false,false,near_mint,en,false,EUR,2026-09-14T12:19:12.813Z
Sundering Vitae,MM2,Modern Masters 2015,163,normal,common,1,11054,a491b58f-3c54-41ea-b93b-c32fdc1e5917,0.12,false,false,false,near_mint,en,false,EUR,2026-09-14T12:19:12.813Z
Sunfire Torch,LCI,The Lost Caverns of Ixalan,167,normal,common,1,88846,bb040fc7-f728-4482-92af-9a320c03bb54,0.06,false,false,false,near_mint,en,false,EUR,2026-09-14T12:19:12.813Z
Sungold Barrage,MID,Innistrad: Midnight Hunt,36,normal,common,1,63496,ee507688-9890-47c4-bb04-43c51eb48e22,0.02,false,false,false,near_mint,en,false,EUR,2026-09-14T12:19:12.813Z
Sunken City,4ED,Fourth Edition,106,normal,common,1,40081,226f89b4-cf98-4354-a2f4-3f63fe2dd99e,0.21,false,false,false,near_mint,en,false,EUR,2026-09-14T12:19:12.813Z
Sunlance,TSR,Time Spiral Remastered,47,normal,common,1,57727,82ab72c3-1f76-45ff-84b4-05f403866d44,0.09,false,false,false,near_mint,en,false,EUR,2026-09-14T12:19:12.813Z
Sunlit Marsh,SOC,Secrets of Strixhaven Commander,409,normal,common,1,112198,fa447616-db24-4729-bf66-7f72aba0272d,0.17,false,false,false,near_mint,en,false,EUR,2026-09-14T12:19:12.813Z
Sunscape Familiar,PLS,Planeshift,17,normal,common,1,32935,9621f341-bf85-4b77-bf19-2fb013b4c955,2.16,false,false,false,near_mint,en,false,EUR,2026-09-14T12:19:12.813Z
Sunscorched Desert,AKH,Amonkhet,249,normal,common,1,5436,405434c7-9206-45b7-af0f-d59aae294d39,0.23,false,false,false,near_mint,en,false,EUR,2026-09-14T12:19:12.813Z
Sunshot Militia,LCI,The Lost Caverns of Ixalan,168,normal,common,1,88920,d3114f5c-21e9-43c3-abe3-3cf1da20916f,0.1,false,false,false,near_mint,en,false,EUR,2026-09-14T12:19:12.813Z
Sunshower Druid,BLB,Bloomburrow,195,normal,common,1,95630,7740abc5-54e1-478d-966e-0fa64e727995,0.09,false,false,false,near_mint,en,false,EUR,2026-09-14T12:19:12.813Z
Sunspear Shikari,CMM,Commander Masters,62,normal,common,1,84201,303df3ba-1258-4141-ace2-577f9e89a14c,0.11,false,false,false,near_mint,en,false,EUR,2026-09-14T12:19:12.813Z
Suntail Hawk,M14,Magic 2014,40,normal,common,1,16011,28a1f83c-a9ef-463e-97b5-2ca3b7232f82,0.09,false,false,false,near_mint,en,false,EUR,2026-09-14T12:19:12.813Z
Supernatural Stamina,CMM,Commander Masters,188,normal,common,1,84181,2b349b4b-f08d-45e8-81f6-3467a02e6d23,0.14,false,false,false,near_mint,en,false,EUR,2026-09-14T12:19:12.813Z
Suplex,FIN,Final Fantasy,164,normal,common,1,106376,f61693a2-7042-44e0-85ba-9bf12ab94e7e,0.16,false,false,false,near_mint,en,false,EUR,2026-09-14T12:19:12.813Z
Surveillance Room,MSH,Marvel Super Heroes,274,normal,common,1,113861,8fb51fbb-ab7f-4484-a3c9-dc50cb6f2756,0.1,false,false,false,near_mint,en,false,EUR,2026-09-14T12:19:12.813Z
Survivors' Encampment,HOU,Hour of Devastation,184,normal,common,1,4491,c7b0404e-0f42-456b-91ce-f960195c4951,0.44,false,false,false,near_mint,en,false,EUR,2026-09-14T12:19:12.813Z
Suture Priest,MOC,March of the Machine Commander,210,normal,common,1,81634,430b96aa-7bb0-4d2b-b265-9c4987db28a2,3.43,false,false,false,near_mint,en,false,EUR,2026-09-14T12:19:12.813Z
Swamp,SOS,Secrets of Strixhaven,276,normal,common,1,111936,51fe930f-2b5a-4b1e-9007-6ee74fb44715,0.15,false,false,false,near_mint,en,false,EUR,2026-09-14T12:19:12.813Z
Swarm Surge,BFZ,Battle for Zendikar,100,normal,common,1,10251,837287cc-f3a4-4ba7-8518-9b1e4a53acda,0.08,false,false,false,near_mint,en,false,EUR,2026-09-14T12:19:12.813Z
"Swarm, Being of Bees",MSC,Marvel Super Heroes Commander,799,normal,common,1,113850,8a89d8ca-d084-415a-9247-90902f8bb541,0.14,false,false,false,near_mint,en,false,EUR,2026-09-14T12:19:12.813Z
Sweatworks Brawler,AER,Aether Revolt,100,normal,common,1,6314,b477d12a-9ba5-4302-a3f0-af0afb5d87f4,0.04,false,false,false,near_mint,en,false,EUR,2026-09-14T12:19:12.813Z
Sweettooth Witch,WOE,Wilds of Eldraine,111,normal,common,1,85629,a6bdb984-06f8-4bca-a943-17fe5db97682,0.1,false,false,false,near_mint,en,false,EUR,2026-09-14T12:19:12.813Z
Swift Response,CMM,Commander Masters,64,normal,common,1,84265,3d70dcbe-0b90-40b4-8a54-e5218b7135b1,0.04,false,false,false,near_mint,en,false,EUR,2026-09-14T12:19:12.813Z
Swiftwater Cliffs,TDM,Tarkir: Dragonstorm,268,normal,common,1,104361,ca53fb19-b8ca-485b-af1a-5117ae54bfe3,0.07,false,false,false,near_mint,en,false,EUR,2026-09-14T12:19:12.813Z
Swirling Sandstorm,JUD,Judgment,102,normal,common,1,31496,4d757ec3-c15f-4d6e-8e18-36ebae985448,0.38,false,false,false,near_mint,en,false,EUR,2026-09-14T12:19:12.813Z
Sword Coast Serpent // Capsizing Wave,CLB,Commander Legends: Battle for Baldur's Gate,99,normal,common,1,68838,0bbfb7ae-9a32-428d-903c-99d0d8669b8d,0.23,false,false,false,near_mint,en,false,EUR,2026-09-14T12:19:12.813Z
Swordwise Centaur,BNG,Born of the Gods,142,normal,common,1,14818,1776ebd7-91fc-49e1-a978-f2012162d1cf,0.11,false,false,false,near_mint,en,false,EUR,2026-09-14T12:19:12.813Z
Sylvan Ranger,WOC,Wilds of Eldraine Commander,134,normal,common,1,85763,db9edf66-4a30-4d82-9c46-505ed9b8a3f7,0.15,false,false,false,near_mint,en,false,EUR,2026-09-14T12:19:12.813Z
Sylvok Lifestaff,SOM,Scars of Mirrodin,209,normal,common,1,20823,abbc5ae5-8e8b-4106-844f-2d49d2a51ed9,0.41,false,false,false,near_mint,en,false,EUR,2026-09-14T12:19:12.813Z
Sylvok Replica,SOM,Scars of Mirrodin,210,normal,common,1,20822,7caa3ce3-15a9-40ca-ad45-baff0f276483,0.08,false,false,false,near_mint,en,false,EUR,2026-09-14T12:19:12.813Z
Syncopate,INR,Innistrad Remastered,89,normal,common,1,102690,9aebd769-7ae3-4dac-81ea-458061762cce,0.09,false,false,false,near_mint,en,false,EUR,2026-09-14T12:19:12.813Z
Syndic of Tithes,CLU,Ravnica: Clue Edition,74,normal,common,1,90932,6888f69d-3424-414a-96c2-13851e2e85a4,0.22,false,false,false,near_mint,en,false,EUR,2026-09-14T12:19:12.813Z
Syphon Life,MMA,Modern Masters,100,normal,common,1,16209,b0547b01-aabc-4114-b71c-ae44cb2bb871,0.18,false,false,false,near_mint,en,false,EUR,2026-09-14T12:19:12.813Z
Tackle Artist,SOS,Secrets of Strixhaven,133,normal,common,1,112672,b87e2474-98c1-4c1a-91ed-340b72d31653,0.04,false,false,false,near_mint,en,false,EUR,2026-09-14T12:19:12.813Z
Tainted Strike,SOM,Scars of Mirrodin,80,normal,common,1,20952,d0f82007-99f6-4c6c-8182-ee631c33531f,1.76,false,false,false,near_mint,en,false,EUR,2026-09-14T12:19:12.813Z
Tainted Well,INV,Invasion,126,normal,common,1,33207,2eec00a1-7e12-42d2-8f46-de8ab7323c2c,0.07,false,false,false,near_mint,en,false,EUR,2026-09-14T12:19:12.813Z
Take Up the Shield,OTJ,Outlaws of Thunder Junction,34,normal,common,1,93224,76a31968-ba6d-4c01-838f-4cb8c64e73fb,0.06,false,false,false,near_mint,en,false,EUR,2026-09-14T12:19:12.813Z
Talon Sliver,TMP,Tempest,50,normal,common,1,36949,f186c4b1-b7ec-46eb-a961-257411b401b0,0.45,false,false,false,near_mint,en,false,EUR,2026-09-14T12:19:12.813Z
Talons of Wildwood,M19,Core Set 2019,202,normal,common,1,1110,9ffa2e83-bc78-4bde-9692-e5165c4ef63b,0.09,false,false,false,near_mint,en,false,EUR,2026-09-14T12:19:12.813Z
Tamiyo's Safekeeping,NEO,Kamigawa: Neon Dynasty,211,normal,common,1,66930,fd4b7ee2-de65-4288-872d-486065a4f226,3.86,false,false,false,near_mint,en,false,EUR,2026-09-14T12:19:12.813Z
Tandem Lookout,MM3,Modern Masters 2017,53,normal,common,1,6160,3e44b411-ccb8-44c8-a021-2372c945f0d3,1.08,false,false,false,near_mint,en,false,EUR,2026-09-14T12:19:12.813Z
Tangle,INV,Invasion,213,normal,uncommon,1,33120,6b37e39c-8aa4-4938-a492-7dac5de98dfb,5.13,false,false,false,near_mint,en,false,EUR,2026-09-14T12:19:12.813Z
Tangle Mantis,MBS,Mirrodin Besieged,91,normal,common,1,20050,c0e4d333-78f7-4710-9b26-36e285c0d9f8,0.05,false,false,false,near_mint,en,false,EUR,2026-09-14T12:19:12.813Z
Tangled Islet,SOC,Secrets of Strixhaven Commander,411,normal,common,1,112092,bb1920f1-aab3-4066-8be9-029102886d03,0.18,false,false,false,near_mint,en,false,EUR,2026-09-14T12:19:12.813Z
Tanglepool Bridge,DRC,Aetherdrift Commander,175,normal,common,1,102958,2adf277c-945e-49b4-88d7-ac720863d0d6,0.15,false,false,false,near_mint,en,false,EUR,2026-09-14T12:19:12.813Z
Tangletrap,STX,Strixhaven: School of Mages,145,normal,common,1,58180,80fbf729-00c0-4237-8294-c857f96364d3,0.05,false,false,false,near_mint,en,false,EUR,2026-09-14T12:19:12.813Z
Tapping at the Window,MID,Innistrad: Midnight Hunt,201,normal,common,1,63413,ba75dc52-7ab2-43ec-afac-0a9bcf24cde9,0.03,false,false,false,near_mint,en,false,EUR,2026-09-14T12:19:12.813Z
Tarfire,DDT,Duel Decks: Merfolk vs. Goblins,55,normal,common,1,3656,5841e5dd-2a4a-42b9-a04f-d7c5c4840d74,0.25,false,false,false,near_mint,en,false,EUR,2026-09-14T12:19:12.813Z
Tarkir Duneshaper // Burnished Dunestomper,MOM,March of the Machine,43,normal,common,1,81478,fdc37acc-05ba-4457-8a03-d635497bfb1b,0.04,false,false,false,near_mint,en,false,EUR,2026-09-14T12:19:12.813Z
Tasigur's Cruelty,FRF,Fate Reforged,88,normal,common,1,12038,169748df-10ac-4db4-ba94-192345c6fad3,0.15,false,false,false,near_mint,en,false,EUR,2026-09-14T12:19:12.813Z
Task Force,MMQ,Mercadian Masques,52,normal,common,1,34358,17a58c5b-28c2-4261-992c-2ecadb721880,0.26,false,false,false,near_mint,en,false,EUR,2026-09-14T12:19:12.813Z
Tattered Mummy,M19,Core Set 2019,295,normal,common,1,1017,6a27ce41-69e7-4b86-9b9c-1a724d0728e9,0.18,false,false,false,near_mint,en,false,EUR,2026-09-14T12:19:12.813Z
Taunting Elf,ONS,Onslaught,290,normal,common,1,31013,6b24af94-9632-47da-9bf3-e81bb743cd43,0.29,false,false,false,near_mint,en,false,EUR,2026-09-14T12:19:12.813Z
TCRI Building,TMT,Teenage Mutant Ninja Turtles,189,normal,common,1,111586,8817a1d6-ef39-4e7c-8277-74aea012803b,0.06,false,false,false,near_mint,en,false,EUR,2026-09-14T12:19:12.813Z
Teach by Example,FDN,Foundations,666,normal,uncommon,1,100498,516baae5-f7bf-4a90-a80d-192ff19dbae5,0.15,false,false,false,near_mint,en,false,EUR,2026-09-14T12:19:12.813Z
Tectonic Edge,M3C,Modern Horizons 3 Commander,384,normal,uncommon,1,94902,02174040-f292-468b-9aa6-4bd468b38cf9,0.27,false,false,false,near_mint,en,false,EUR,2026-09-14T12:19:12.813Z
Tectonic Hazard,LCI,The Lost Caverns of Ixalan,169,normal,common,1,88496,5204c781-f568-4c7f-b3f7-ce4dd678689b,0.27,false,false,false,near_mint,en,false,EUR,2026-09-14T12:19:12.813Z
Tectonic Rift,M20,Core Set 2020,161,normal,common,1,45300,abf90bd1-fa00-4af6-aa76-bd6fca7b0ac4,0.04,false,false,false,near_mint,en,false,EUR,2026-09-14T12:19:12.813Z
Teetering Peaks,ZEN,Zendikar,226,normal,common,1,22398,e56aca36-bb51-45e3-9ef9-9f9f2aa1e088,0.12,false,false,false,near_mint,en,false,EUR,2026-09-14T12:19:12.813Z
Teferi's Time Twist,WAR,War of the Spark,72,normal,common,1,44332,c878bdc0-d697-4a2f-bba5-758b27f4247a,0.27,false,false,false,near_mint,en,false,EUR,2026-09-14T12:19:12.813Z
Temple Acolyte,DDF,Duel Decks: Elspeth vs. Tezzeret,9,normal,common,1,21108,e32032f0-74a3-450e-8684-646ac2bda4fb,0.23,false,false,false,near_mint,en,false,EUR,2026-09-14T12:19:12.813Z
Temporal Cleansing,ECL,Lorwyn Eclipsed,78,normal,common,1,110498,50ee7315-ec53-43d2-841e-8ec192b850f1,0.07,false,false,false,near_mint,en,false,EUR,2026-09-14T12:19:12.813Z
Temporal Intervention,EOE,Edge of Eternities,120,normal,common,1,107064,79f9525a-4cb7-411e-b7b5-2113e93bcbc3,0.13,false,false,false,near_mint,en,false,EUR,2026-09-14T12:19:12.813Z
Temporal Isolation,TSR,Time Spiral Remastered,48,normal,common,1,57697,72380757-6344-43e6-a4ed-bd753f2431d5,0.09,false,false,false,near_mint,en,false,EUR,2026-09-14T12:19:12.813Z
Temporal Spring,APC,Apocalypse,125,normal,common,1,32331,b584dfd1-a56c-406e-8504-47ea136dc102,0.18,false,false,false,near_mint,en,false,EUR,2026-09-14T12:19:12.813Z
Tempting Witch,ELD,Throne of Eldraine,108,normal,common,1,46230,8b217e5a-3c18-48b4-8124-b8c4fd7b2df1,0.05,false,false,false,near_mint,en,false,EUR,2026-09-14T12:19:12.813Z
Temur Battle Rage,CMM,Commander Masters,264,normal,common,1,84236,375bc646-942e-4bf5-9c71-2c5471828e35,0.17,false,false,false,near_mint,en,false,EUR,2026-09-14T12:19:12.813Z
Tend the Sprigs,ECL,Lorwyn Eclipsed,197,normal,common,1,110324,388f6d9d-bb9a-4a3d-93c5-701db194863c,0.05,false,false,false,near_mint,en,false,EUR,2026-09-14T12:19:12.813Z
Tendrils of Corruption,TSR,Time Spiral Remastered,145,normal,common,1,57840,c338b459-6bb8-4bc7-a6b5-945a09589c05,0.21,false,false,false,near_mint,en,false,EUR,2026-09-14T12:19:12.813Z
Tendrils of Despair,WTH,Weatherlight,83,normal,common,1,37214,b5d73ddb-bd3c-4625-9f75-ba2079553915,0.21,false,false,false,near_mint,en,false,EUR,2026-09-14T12:19:12.813Z
Tentative Connection,IKO,Ikoria: Lair of Behemoths,138,normal,common,1,49939,5c40fd33-bb95-48f3-a10f-a33eb27c48f1,0.1,false,false,false,near_mint,en,false,EUR,2026-09-14T12:19:12.813Z
Tenth District Legionnaire,2X2,Double Masters 2022,283,normal,common,1,70507,cd0c8d75-fb20-49f2-9a03-35411f06c1a7,0.08,false,false,false,near_mint,en,false,EUR,2026-09-14T12:19:12.813Z
Tenured Concocter,SOS,Secrets of Strixhaven,163,normal,common,1,112592,376c8b7d-1c90-47e1-bd01-e4c67f3fc4fc,0.04,false,false,false,near_mint,en,false,EUR,2026-09-14T12:19:12.813Z
Terminal Agony,MH2,Modern Horizons 2,215,normal,common,1,59481,314e94ad-0e12-48bb-aae1-2c842943114a,0.08,false,false,false,near_mint,en,false,EUR,2026-09-14T12:19:12.813Z
Terminate,ECC,Lorwyn Eclipsed Commander,134,normal,common,1,110455,21f579c9-4b74-4461-8812-dcfd68fd2b97,0.42,false,false,false,near_mint,en,false,EUR,2026-09-14T12:19:12.813Z
Terramorphic Expanse,SOS,Secrets of Strixhaven,265,normal,common,1,112047,9a4c5629-fadd-42b9-850f-9f8586a2ca50,0.08,false,false,false,near_mint,en,false,EUR,2026-09-14T12:19:12.813Z
Terrarion,EMN,Eldritch Moon,201,normal,common,1,8133,72fae696-0db9-4a87-8a88-b4298da01a19,0.09,false,false,false,near_mint,en,false,EUR,2026-09-14T12:19:12.813Z
Territorial Scythecat,ZNR,Zendikar Rising,213,normal,common,1,54568,5e0f725c-8d1f-47ff-ad81-a5007199a5e2,0.08,false,false,false,near_mint,en,false,EUR,2026-09-14T12:19:12.813Z
Terror,DMR,Dominaria Remastered,103,normal,common,1,78062,a3870eba-4e8f-414d-817c-14ec97f6a93c,0.12,false,false,false,near_mint,en,false,EUR,2026-09-14T12:19:12.813Z
Tethmos High Priest,UMA,Ultimate Masters,40,normal,common,1,43459,51baeea2-a922-4e98-8253-f395546c30c8,0.12,false,false,false,near_mint,en,false,EUR,2026-09-14T12:19:12.813Z
Thallid,MMA,Modern Masters,167,normal,common,1,16142,69d20d28-76e9-4e6e-95c3-f88c51dfabfd,0.33,false,false,false,near_mint,en,false,EUR,2026-09-14T12:19:12.813Z
Thallid Germinator,TSR,Time Spiral Remastered,236,normal,common,1,57714,799e835b-98ad-41b2-a8a9-a7c661efd86f,0.11,false,false,false,near_mint,en,false,EUR,2026-09-14T12:19:12.813Z
Thallid Shell-Dweller,TSR,Time Spiral Remastered,237,normal,common,1,57769,9e1fd5ff-79a2-43d9-bd69-94be175d19b4,0.12,false,false,false,near_mint,en,false,EUR,2026-09-14T12:19:12.813Z
Thaumaton Torpedo,EOE,Edge of Eternities,246,normal,common,1,107695,1817f1b5-960a-435c-bdec-8cc8cbcb3358,0.04,false,false,false,near_mint,en,false,EUR,2026-09-14T12:19:12.813Z
The Autonomous Furnace,ONE,Phyrexia: All Will Be One,247,normal,common,1,78824,c16f96f5-a2a6-4ac4-bdae-326cee92bf2e,0.11,false,false,false,near_mint,en,false,EUR,2026-09-14T12:19:12.813Z
The Dross Pits,ONE,Phyrexia: All Will Be One,251,normal,common,1,78429,19d469f1-2219-4466-9f8a-769ee43e28db,0.11,false,false,false,near_mint,en,false,EUR,2026-09-14T12:19:12.813Z
The Hunter Maze,ONE,Phyrexia: All Will Be One,253,normal,common,1,78588,6389c242-2139-4f12-af30-2b080a1c5e83,0.08,false,false,false,near_mint,en,false,EUR,2026-09-14T12:19:12.813Z
The Modern Age // Vector Glider,NEO,Kamigawa: Neon Dynasty,66,normal,common,1,66475,ee60a8e9-3201-4a7e-8aa4-2c5e1042c8a5,0.16,false,false,false,near_mint,en,false,EUR,2026-09-14T12:19:12.813Z
The Surgical Bay,ONE,Phyrexia: All Will Be One,260,normal,common,1,78431,1b49ec35-2c4f-4144-85fe-226f7cb67266,0.08,false,false,false,near_mint,en,false,EUR,2026-09-14T12:19:12.813Z
Thermal Glider,MMQ,Mercadian Masques,53,normal,common,1,34357,fd909c26-930d-4af0-b19a-c899847338b4,0.26,false,false,false,near_mint,en,false,EUR,2026-09-14T12:19:12.813Z
Thermo-Alchemist,INR,Innistrad Remastered,174,normal,uncommon,1,102616,78b194b3-108a-4152-bd37-52c302e25ad6,0.2,false,false,false,near_mint,en,false,EUR,2026-09-14T12:19:12.813Z
Thermokarst,ICE,Ice Age,268,normal,uncommon,1,39541,00ae906b-2c4d-48e9-9f2d-217777e22292,8.39,false,false,false,near_mint,en,false,EUR,2026-09-14T12:19:12.813Z
Think Twice,TDC,Tarkir: Dragonstorm Commander,168,normal,common,1,104967,ce79538b-20a4-42f8-934f-bc4e2723133e,0.09,false,false,false,near_mint,en,false,EUR,2026-09-14T12:19:12.813Z
Third Path Savant,BRO,The Brothers' War,67,normal,common,1,75567,793a51ab-59fb-424f-a315-3f63e8990322,0.06,false,false,false,near_mint,en,false,EUR,2026-09-14T12:19:12.813Z
Thirst for Meaning,DSC,Duskmourn: House of Horror Commander,129,normal,common,1,99315,b91bd773-b36b-4a7a-a9e4-3a07cff90646,0.12,false,false,false,near_mint,en,false,EUR,2026-09-14T12:19:12.813Z
Thirsting Roots,ONE,Phyrexia: All Will Be One,185,normal,common,1,78633,75a4a340-453b-471a-82ba-48ebf20b271a,0.57,false,false,false,near_mint,en,false,EUR,2026-09-14T12:19:12.813Z
Thorn of the Black Rose,CMM,Commander Masters,190,normal,common,1,84777,b4b266e2-1cad-40df-bc0e-3e1464b299b3,0.23,false,false,false,near_mint,en,false,EUR,2026-09-14T12:19:12.813Z
Thorn Thallid,FEM,Fallen Empires,80d,normal,common,1,40219,1e8f50be-1629-40eb-8916-019903d2e6a4,0.2,false,false,false,near_mint,en,false,EUR,2026-09-14T12:19:12.813Z
Thornbow Archer,ORI,Magic Origins,121,normal,common,1,10821,3290c60a-f9a0-464d-a15e-8473a6d50d96,0.1,false,false,false,near_mint,en,false,EUR,2026-09-14T12:19:12.813Z
Thornglint Bridge,MH2,Modern Horizons 2,258,normal,common,1,59702,9d483643-6a11-47f7-a0aa-190e0179525f,0.15,false,false,false,near_mint,en,false,EUR,2026-09-14T12:19:12.813Z
Thornscape Familiar,PLS,Planeshift,95,normal,common,1,32856,76c6e426-6165-4f8e-8766-de768ae13452,0.37,false,false,false,near_mint,en,false,EUR,2026-09-14T12:19:12.813Z
Thornweald Archer,FDN,Foundations,559,normal,common,1,100193,189f6199-f2fe-49a5-89ca-3c4cb39fbf2b,0.17,false,false,false,near_mint,en,false,EUR,2026-09-14T12:19:12.813Z
Thornwood Falls,TDM,Tarkir: Dragonstorm,269,normal,common,1,104376,ebb502c2-5fd0-46a9-b77d-010f4a942056,0.04,false,false,false,near_mint,en,false,EUR,2026-09-14T12:19:12.813Z
Thought Collapse,RNA,Ravnica Allegiance,57,normal,common,1,43807,948b569b-6341-418b-99b5-f79dfb3fe8dd,0.14,false,false,false,near_mint,en,false,EUR,2026-09-14T12:19:12.813Z
Thought Courier,9ED,Ninth Edition,104,normal,uncommon,1,28259,1c9d2542-501d-4dfe-8642-962d0299ca45,0.26,false,false,false,near_mint,en,false,EUR,2026-09-14T12:19:12.813Z
Thought Scour,2X2,Double Masters 2022,65,normal,common,1,70204,4afee6b3-55a4-44e5-b08c-85e0c813cd09,0.61,false,false,false,near_mint,en,false,EUR,2026-09-14T12:19:12.813Z
Thoughtcast,MOC,March of the Machine Commander,242,normal,common,1,81643,466a0be8-31b9-4ea0-9a96-b09a76f4ec69,1.8,false,false,false,near_mint,en,false,EUR,2026-09-14T12:19:12.813Z
Thoughtpicker Witch,RAV,Ravnica: City of Guilds,109,normal,common,1,27901,b6f8df33-a955-403c-aafc-85e5589c5041,0.2,false,false,false,near_mint,en,false,EUR,2026-09-14T12:19:12.813Z
Thraben Charm,MH3,Modern Horizons 3,45,normal,common,1,94646,dd28a646-f38f-4cdf-948c-969cd979e5e6,0.49,false,false,false,near_mint,en,false,EUR,2026-09-14T12:19:12.813Z
Thraben Exorcism,MID,Innistrad: Midnight Hunt,39,normal,common,1,63372,a0700298-30d2-45a6-bd64-4fd7fa4d7d30,0.02,false,false,false,near_mint,en,false,EUR,2026-09-14T12:19:12.813Z
Thraben Inspector,INR,Innistrad Remastered,45,normal,common,1,101844,08a5007f-06a0-40fa-a252-c38baa6b5c6f,0.21,false,false,false,near_mint,en,false,EUR,2026-09-14T12:19:12.813Z
Thraben Standard Bearer,EMN,Eldritch Moon,48,normal,common,1,8288,15b7cd60-e3b9-4dd8-ad3c-a687f642147f,0.06,false,false,false,near_mint,en,false,EUR,2026-09-14T12:19:12.813Z
Three Tree Mascot,FDN,Foundations,682,normal,common,1,100412,40b8bf3a-1cb5-4ce2-ac25-9410f17130de,0.13,false,false,false,near_mint,en,false,EUR,2026-09-14T12:19:12.813Z
Three Visits,SOC,Secrets of Strixhaven Commander,289,normal,uncommon,1,112143,d74f59cd-0b58-4dbc-a4e7-742b012ba749,5.21,false,false,false,near_mint,en,false,EUR,2026-09-14T12:19:12.813Z
Thrill of Possibility,FDN,Foundations,210,normal,common,1,101561,882b348c-076b-41d8-b505-063480636669,0.08,false,false,false,near_mint,en,false,EUR,2026-09-14T12:19:12.813Z
Thrill of the Hunt,TSR,Time Spiral Remastered,241,normal,common,1,57690,6bed96ea-f509-40eb-80b7-71a02d9ac69f,0.09,false,false,false,near_mint,en,false,EUR,2026-09-14T12:19:12.813Z
Thrilling Discovery,OTC,Outlaws of Thunder Junction Commander,245,normal,common,1,93491,1278b2ef-6c11-4892-9388-833f67bcc858,0.32,false,false,false,near_mint,en,false,EUR,2026-09-14T12:19:12.813Z
Thriving Bluff,ECC,Lorwyn Eclipsed Commander,170,normal,common,1,110558,8a6d17e6-c7f3-4433-a3f2-82076fb10031,0.13,false,false,false,near_mint,en,false,EUR,2026-09-14T12:19:12.813Z
Thriving Grove,ECC,Lorwyn Eclipsed Commander,171,normal,common,1,110490,434904b5-3614-4843-9cc0-03da115bdbef,0.12,false,false,false,near_mint,en,false,EUR,2026-09-14T12:19:12.813Z
Thriving Grubs,KLD,Kaladesh,138,normal,common,1,7505,bbc3184a-eeda-4f22-92de-257c20cff6e2,0.09,false,false,false,near_mint,en,false,EUR,2026-09-14T12:19:12.813Z
Thriving Heath,ECC,Lorwyn Eclipsed Commander,172,normal,common,1,110443,13348735-d12e-4858-989f-a74c031ed518,0.2,false,false,false,near_mint,en,false,EUR,2026-09-14T12:19:12.813Z
Thriving Isle,ECC,Lorwyn Eclipsed Commander,173,normal,common,1,110520,68614de9-2b44-4043-94e9-cbd2249d5f75,0.11,false,false,false,near_mint,en,false,EUR,2026-09-14T12:19:12.813Z
Thriving Moor,ECC,Lorwyn Eclipsed Commander,174,normal,common,1,110518,672eed05-1392-40ff-aa6f-2aac74d28ae9,0.14,false,false,false,near_mint,en,false,EUR,2026-09-14T12:19:12.813Z
Thriving Rats,KLD,Kaladesh,102,normal,common,1,7541,52ba911b-6a52-4430-8f61-63bdae25c16a,0.07,false,false,false,near_mint,en,false,EUR,2026-09-14T12:19:12.813Z
Thriving Skyclaw,MH3,Modern Horizons 3,141,normal,common,1,94851,465857f2-df08-4f7b-b4fe-b16831ac0eb1,0.04,false,false,false,near_mint,en,false,EUR,2026-09-14T12:19:12.813Z
Thrull Surgeon,10E,Tenth Edition,183,normal,uncommon,1,25901,2d6fe257-b1bd-4eaf-9941-e8819f3bc89a,0.09,false,false,false,near_mint,en,false,EUR,2026-09-14T12:19:12.813Z
Thrummingbird,EOC,Edge of Eternities Commander,80,normal,uncommon,1,107350,f10db847-6598-49a5-8f10-67afd5187d32,0.17,false,false,false,near_mint,en,false,EUR,2026-09-14T12:19:12.813Z
Thunder Magic,FIN,Final Fantasy,165,normal,common,1,106610,9f2b202c-91da-40ec-8324-6b6be7cb3bc8,0.1,false,false,false,near_mint,en,false,EUR,2026-09-14T12:19:12.813Z
Thunder Salvo,OTJ,Outlaws of Thunder Junction,150,normal,common,1,93289,a0bf0ea9-0929-4d33-815a-6df29c399e7e,0.03,false,false,false,near_mint,en,false,EUR,2026-09-14T12:19:12.813Z
Thunderclap,MMQ,Mercadian Masques,219,normal,common,1,34191,b3f8c5ee-2179-4c05-adc9-0b66d02b59ad,0.2,false,false,false,near_mint,en,false,EUR,2026-09-14T12:19:12.813Z
Thunderhead Gunner,DFT,Aetherdrift,148,normal,common,1,103669,ef537868-b2cb-4bbd-a935-b7f73f19bd06,0.09,false,false,false,near_mint,en,false,EUR,2026-09-14T12:19:12.813Z
Thundering Tanadon,NPH,New Phyrexia,122,normal,common,1,19763,e2fab443-0f4b-45ea-8a6d-435b93803409,0.09,false,false,false,near_mint,en,false,EUR,2026-09-14T12:19:12.813Z
Thunderous Wrath,MM3,Modern Masters 2017,113,normal,common,1,6100,804458a2-5376-462d-a2cd-fa596750c0aa,0.25,false,false,false,near_mint,en,false,EUR,2026-09-14T12:19:12.813Z
Ticket Tortoise,DFT,Aetherdrift,245,normal,common,1,103674,fa178ed7-8f3a-45f0-817d-5fbc7993b04a,0.06,false,false,false,near_mint,en,false,EUR,2026-09-14T12:19:12.813Z
Tidal Warrior,DDT,Duel Decks: Merfolk vs. Goblins,20,normal,common,1,3691,24a16bf4-de91-49b0-bc6e-ab1d38a484e9,0.17,false,false,false,near_mint,en,false,EUR,2026-09-14T12:19:12.813Z
Tidepool Turtle,DMU,Dominaria United,69,normal,common,1,71781,d397fb84-8573-4b2c-be2c-f8fd820342f0,0.09,false,false,false,near_mint,en,false,EUR,2026-09-14T12:19:12.813Z
Tidewater Minion,RAV,Ravnica: City of Guilds,71,normal,common,1,27939,67ffa68f-cc21-41c8-ad3d-d6b60a4ccd36,0.1,false,false,false,near_mint,en,false,EUR,2026-09-14T12:19:12.813Z
Tidings of War,HOB,The Hobbit,115,normal,common,1,115160,38c16a0a-375e-48cb-9720-dbbc08c603ae,0.07,false,false,false,near_mint,en,false,EUR,2026-09-14T12:19:12.813Z
Tilling Treefolk,EVE,Eventide,78,normal,common,1,24473,8e4a10d0-214d-4e7b-9683-c84034f8f6b7,0.24,false,false,false,near_mint,en,false,EUR,2026-09-14T12:19:12.813Z
Timberwatch Elf,KHC,Kaldheim Commander,76,normal,common,1,57209,38807f17-1cf2-4736-ad10-df6c8b1a9f55,2.82,false,false,false,near_mint,en,false,EUR,2026-09-14T12:19:12.813Z
Tin Street Dodger,RVR,Ravnica Remastered,128,normal,common,1,89773,82be3087-0dcb-4236-90a6-b6d4ab4c0bc4,0.07,false,false,false,near_mint,en,false,EUR,2026-09-14T12:19:12.813Z
Tinder Farm,INV,Invasion,329,normal,common,1,33004,989b5901-aeb0-4a48-8c53-3b0ec0e0deba,0.31,false,false,false,near_mint,en,false,EUR,2026-09-14T12:19:12.813Z
Tinder Wall,CST,Coldsnap Theme Decks,270,normal,common,1,27046,d17942f1-46d5-4c0e-904c-226c63f0a343,2.15,false,false,false,near_mint,en,false,EUR,2026-09-14T12:19:12.813Z
Tireless Tribe,ODY,Odyssey,56,normal,common,1,32121,1d23e47a-21d5-4d7e-8aa0-3b3064da5967,5.1,false,false,false,near_mint,en,false,EUR,2026-09-14T12:19:12.813Z
Titan's Grave,SOS,Secrets of Strixhaven,266,normal,common,1,112068,a9ab41c8-3ee2-4676-9b8b-20c34d9f5f21,0.06,false,false,false,near_mint,en,false,EUR,2026-09-14T12:19:12.813Z
Titanic Growth,WOE,Wilds of Eldraine,191,normal,common,1,85371,46917de3-5e98-4dd6-8950-fc10338515df,0.05,false,false,false,near_mint,en,false,EUR,2026-09-14T12:19:12.813Z
Tithing Blade // Consuming Sepulcher,LCI,The Lost Caverns of Ixalan,128,normal,common,1,88947,dbaa9a2d-e9fd-4746-a26c-f99ae731f024,0.81,false,false,false,near_mint,en,false,EUR,2026-09-14T12:19:12.813Z
Toadstool Admirer,WOE,Wilds of Eldraine,192,normal,common,1,85821,f0a6349a-beff-4abd-b005-86d27c1e2957,0.04,false,false,false,near_mint,en,false,EUR,2026-09-14T12:19:12.813Z
Tocasia's Dig Site,MKC,Murders at Karlov Manor Commander,308,normal,common,1,90501,bbb5d40b-f0e1-4e98-b4d3-1ee2cfa5b579,0.14,false,false,false,near_mint,en,false,EUR,2026-09-14T12:19:12.813Z
Toils of Night and Day,BOK,Betrayers of Kamigawa,57,normal,common,1,28652,0881f8bf-5c28-4f54-9080-9612790ffa83,0.12,false,false,false,near_mint,en,false,EUR,2026-09-14T12:19:12.813Z
Tolarian Terror,FDN,Foundations,167,normal,common,1,100270,2569d4f3-55ed-4f99-9592-34c7df0aab72,0.2,false,false,false,near_mint,en,false,EUR,2026-09-14T12:19:12.813Z
Tolarian Winds,7ED,Seventh Edition,105,normal,common,1,32701,3fdd9981-bb5e-450d-90c3-4405a7097939,1.02,false,false,false,near_mint,en,false,EUR,2026-09-14T12:19:12.813Z
Tome Scour,M14,Magic 2014,75,normal,common,1,15976,aed4cfec-5cea-4987-890e-825b2802e9f9,0.19,false,false,false,near_mint,en,false,EUR,2026-09-14T12:19:12.813Z
Tooth of Chiss-Goria,MRD,Mirrodin,264,normal,common,1,29781,db5a91db-1b86-4471-badc-884142c355ca,0.22,false,false,false,near_mint,en,false,EUR,2026-09-14T12:19:12.813Z
Torch the Tower,WOE,Wilds of Eldraine,153,normal,common,1,85665,b3d6027c-813f-46df-95b4-e2e305a67620,0.52,false,false,false,near_mint,en,false,EUR,2026-09-14T12:19:12.813Z
Tormentor's Helm,KHM,Kaldheim,155,normal,common,1,56786,2318d4f8-309e-4645-b6d1-46572edd6996,0.06,false,false,false,near_mint,en,false,EUR,2026-09-14T12:19:12.813Z
Tormod's Crypt,DMR,Dominaria Remastered,235,normal,uncommon,1,77982,752bf493-5839-47e8-95f2-6d8201907428,0.67,false,false,false,near_mint,en,false,EUR,2026-09-14T12:19:12.813Z
Tormod's Cryptkeeper,MH2,Modern Horizons 2,239,normal,common,1,59392,05900f1d-f065-4656-a8a2-2f719d3fdea8,0.1,false,false,false,near_mint,en,false,EUR,2026-09-14T12:19:12.813Z
Tortured Existence,STH,Stronghold,74,normal,common,1,36571,1754b92b-d6f9-4503-af01-dee03f72a048,4.17,false,false,false,near_mint,en,false,EUR,2026-09-14T12:19:12.813Z
Touch of Moonglove,ORI,Magic Origins,123,normal,common,1,10819,bf659f2f-983c-4a62-a969-4176e5fbe193,0.07,false,false,false,near_mint,en,false,EUR,2026-09-14T12:19:12.813Z
Tower Worker,BRO,The Brothers' War,255,normal,common,1,75885,f31bd134-22c8-4031-8f85-ac0855914d11,0.15,false,false,false,near_mint,en,false,EUR,2026-09-14T12:19:12.813Z
Town Greeter,FIN,Final Fantasy,209,normal,common,1,105610,49cd4efa-4df4-4257-9a42-60330f7781e2,0.1,false,false,false,near_mint,en,false,EUR,2026-09-14T12:19:12.813Z
Toxic Stench,JUD,Judgment,74,normal,common,1,31524,8c4d1f59-0dba-4b83-8386-ae564fb4b771,0.07,false,false,false,near_mint,en,false,EUR,2026-09-14T12:19:12.813Z
Toxin Analysis,MKM,Murders at Karlov Manor,107,normal,common,1,90660,0eda1aff-c1f4-4171-a800-605396cc8168,0.32,false,false,false,near_mint,en,false,EUR,2026-09-14T12:19:12.813Z
Trace of Abundance,ARB,Alara Reborn,142,normal,common,1,23366,6151001a-cf4b-4f95-a986-7181313e2224,0.77,false,false,false,near_mint,en,false,EUR,2026-09-14T12:19:12.813Z
Tragic Fall,MH2,Modern Horizons 2,104,normal,common,1,59746,affc1d27-55f6-46e9-a67c-f15b6832813d,0.11,false,false,false,near_mint,en,false,EUR,2026-09-14T12:19:12.813Z
Tragic Lesson,HOU,Hour of Devastation,51,normal,common,1,4624,a0f0353c-f1e0-49db-9edc-eea9090de872,0.13,false,false,false,near_mint,en,false,EUR,2026-09-14T12:19:12.813Z
Tragic Slip,INR,Innistrad Remastered,134,normal,common,1,102428,132ccc20-cb42-4474-b747-7e41a661060e,0.19,false,false,false,near_mint,en,false,EUR,2026-09-14T12:19:12.813Z
Trailblazer's Torch,CLB,Commander Legends: Battle for Baldur's Gate,340,normal,common,1,68842,0c4f76ae-e93b-4ca1-ac62-753707f6319e,0.17,false,false,false,near_mint,en,false,EUR,2026-09-14T12:19:12.813Z
Traitorous Blood,ISD,Innistrad,166,normal,common,1,18732,8220f18a-f23f-4fe6-bb58-58b6c5f36c79,0.21,false,false,false,near_mint,en,false,EUR,2026-09-14T12:19:12.813Z
Tramway Station,SNC,Streets of New Capenna,258,normal,common,1,68045,e0532304-da6d-45cd-b1e6-4779d3f3b2bc,0.11,false,false,false,near_mint,en,false,EUR,2026-09-14T12:19:12.813Z
Tranquil Cove,TDM,Tarkir: Dragonstorm,270,normal,common,1,104249,1c4efa6c-4f29-41cd-a728-bf0e479ace05,0.06,false,false,false,near_mint,en,false,EUR,2026-09-14T12:19:12.813Z
Tranquil Domain,MIR,Mirage,245,normal,common,1,38345,801f34a6-9f22-43c2-b1e5-194395cc7da1,2.73,false,false,false,near_mint,en,false,EUR,2026-09-14T12:19:12.813Z
Tranquil Landscape,MH3,Modern Horizons 3,231,normal,common,1,94709,113f48b9-a972-4e2c-af95-05ab078e01f2,0.1,false,false,false,near_mint,en,false,EUR,2026-09-14T12:19:12.813Z
Tranquil Thicket,DSC,Duskmourn: House of Horror Commander,318,normal,common,1,99221,7aed7d9d-d796-493e-98fd-c5b1a26621ed,0.13,false,false,false,near_mint,en,false,EUR,2026-09-14T12:19:12.813Z
Tranquility,7ED,Seventh Edition,276,normal,common,1,32530,22b3f289-7999-4e47-82c6-a7c96293d4f8,0.1,false,false,false,near_mint,en,false,EUR,2026-09-14T12:19:12.813Z
Transmutation,CHR,Chronicles,40,normal,common,1,39386,e2d90519-68f8-43ab-902a-0fed0f526488,0.13,false,false,false,near_mint,en,false,EUR,2026-09-14T12:19:12.813Z
Trapfinder's Trick,ZEN,Zendikar,73,normal,common,1,22551,0c9dfda7-c034-478e-a52a-e4a272c7d160,0.04,false,false,false,near_mint,en,false,EUR,2026-09-14T12:19:12.813Z
Trapped in the Screen,DSK,Duskmourn: House of Horror,36,normal,common,1,98790,1fe95bfb-8ca7-434f-a2e7-a6b2e699584e,0.08,false,false,false,near_mint,en,false,EUR,2026-09-14T12:19:12.813Z
Travel Preparations,INR,Innistrad Remastered,220,normal,uncommon,1,102515,41190fb8-f5d5-4a8b-bdc8-a4516e7075b5,0.07,false,false,false,near_mint,en,false,EUR,2026-09-14T12:19:12.813Z
Traveler's Amulet,INR,Innistrad Remastered,273,normal,common,1,102467,26a7e5f0-0d60-4118-ad10-b27c7382511a,0.07,false,false,false,near_mint,en,false,EUR,2026-09-14T12:19:12.813Z
Traveling Minister,VOW,Innistrad: Crimson Vow,39,normal,common,1,64449,e672a05c-5f1a-4aa6-9398-e33df01c7c96,0.03,false,false,false,near_mint,en,false,EUR,2026-09-14T12:19:12.813Z
Treasure Hunt,C18,Commander 2018,109,normal,common,1,734,76a2cb0e-3630-4307-ac80-bd850c1c256f,0.24,false,false,false,near_mint,en,false,EUR,2026-09-14T12:19:12.813Z
Tree of Tales,DSC,Duskmourn: House of Horror Commander,319,normal,common,1,99109,3b3134b3-1bad-4b41-9e56-700125ff31fa,1.36,false,false,false,near_mint,en,false,EUR,2026-09-14T12:19:12.813Z
Treefolk Mystic,ULG,Urza's Legacy,114,normal,common,1,35406,9697acf5-9bc5-411d-8574-fe6185f18672,0.1,false,false,false,near_mint,en,false,EUR,2026-09-14T12:19:12.813Z
Treefolk Umbra,MH1,Modern Horizons,185,normal,common,1,44749,677166cf-4e1e-43ac-a67b-afaf33c0d14e,0.14,false,false,false,near_mint,en,false,EUR,2026-09-14T12:19:12.813Z
Treetop Scout,SCG,Scourge,130,normal,common,1,30558,2fa39646-a609-4b37-b8de-97893ae43c49,0.15,false,false,false,near_mint,en,false,EUR,2026-09-14T12:19:12.813Z
Treetop Snarespinner,FDN,Foundations,114,normal,common,1,101562,88e68fa3-159d-49a6-8ac6-afc9bd6f1718,0.08,false,false,false,near_mint,en,false,EUR,2026-09-14T12:19:12.813Z
Tremble,ODY,Odyssey,225,normal,common,1,31952,7e1dc36f-3fdd-42cf-9d3a-695f4bf60c68,0.19,false,false,false,near_mint,en,false,EUR,2026-09-14T12:19:12.813Z
Trespasser il-Vec,TSR,Time Spiral Remastered,147,normal,common,1,57564,278421ff-5324-44e5-b24f-dfbf9aa9b604,0.05,false,false,false,near_mint,en,false,EUR,2026-09-14T12:19:12.813Z
Trespasser's Curse,AKH,Amonkhet,112,normal,common,1,5573,f6ef4c59-ab84-4d84-b795-015b21ae3fe0,0.67,false,false,false,near_mint,en,false,EUR,2026-09-14T12:19:12.813Z
Tribal Flames,MM2,Modern Masters 2015,132,normal,common,1,11085,d22418cd-4c49-4754-aa75-17f6eaf1639a,0.17,false,false,false,near_mint,en,false,EUR,2026-09-14T12:19:12.813Z
Triclopean Sight,LRW,Lorwyn,45,normal,common,1,25397,444b5d72-ac5b-43d2-b5dc-0cc4bf63e43d,0.25,false,false,false,near_mint,en,false,EUR,2026-09-14T12:19:12.813Z
Trinket Mage,DDU,Duel Decks: Elves vs. Inventors,41,normal,common,1,2426,9a7800f7-95cd-4f5c-b054-4afad8924367,0.53,false,false,false,near_mint,en,false,EUR,2026-09-14T12:19:12.813Z
Triplicate Spirits,M15,Magic 2015,40,normal,common,1,13812,3d6498d3-bf1f-4bf1-a602-7c21fb44c106,0.11,false,false,false,near_mint,en,false,EUR,2026-09-14T12:19:12.813Z
Triton Shorestalker,OTC,Outlaws of Thunder Junction Commander,121,normal,common,1,93626,511bff25-3213-42c4-8abd-9eda49f8dc96,0.45,false,false,false,near_mint,en,false,EUR,2026-09-14T12:19:12.813Z
Troll of Khazad-dûm,HOC,The Hobbit Eternal,191,normal,common,1,115181,5edb0c1d-be6a-42b1-829c-ffbea3647ad8,1.05,false,false,false,near_mint,en,false,EUR,2026-09-14T12:19:12.813Z
Troublemaker Ouphe,WOE,Wilds of Eldraine,194,normal,common,1,85518,7f7b2fc0-d3f6-4c4d-a163-986a372e5b12,0.63,false,false,false,near_mint,en,false,EUR,2026-09-14T12:19:12.813Z
Trufflesnout,M21,Core Set 2021,212,normal,common,1,50890,8bba47c1-a874-456e-bea3-e99e2d61cfba,0.06,false,false,false,near_mint,en,false,EUR,2026-09-14T12:19:12.813Z
Tuktuk Grunts,ZEN,Zendikar,152,normal,common,1,22472,e6f37982-d2ae-4ff1-b5da-3936733f8108,0.05,false,false,false,near_mint,en,false,EUR,2026-09-14T12:19:12.813Z
Tuktuk Rubblefort,ZNR,Zendikar Rising,173,normal,common,1,54411,02eedf9d-e26c-405c-aee5-1b3493dc5e9b,0.11,false,false,false,near_mint,en,false,EUR,2026-09-14T12:19:12.813Z
Tumbleweed Rising,OTJ,Outlaws of Thunder Junction,187,normal,common,1,93096,275d2d2a-ef85-48c9-919d-bc62cdad8a10,0.05,false,false,false,near_mint,en,false,EUR,2026-09-14T12:19:12.813Z
Tune the Narrative,MH3,Modern Horizons 3,75,normal,common,1,94418,40b13321-98f1-4e8c-802d-65498e43ec24,0.14,false,false,false,near_mint,en,false,EUR,2026-09-14T12:19:12.813Z
Turf Wound,INV,Invasion,177,normal,common,1,33156,91392e9f-f96a-4ac5-b1f1-c73540cf249e,0.18,false,false,false,near_mint,en,false,EUR,2026-09-14T12:19:12.813Z
Turn Aside,EMN,Eldritch Moon,78,normal,common,1,8258,3b7573c2-484c-4b4e-9c26-0f005bd1daee,0.14,false,false,false,near_mint,en,false,EUR,2026-09-14T12:19:12.813Z
Turn Inside Out,DSK,Duskmourn: House of Horror,160,normal,common,1,98707,57e2a92c-06d3-4cb5-883d-cba428a7e98e,0.1,false,false,false,near_mint,en,false,EUR,2026-09-14T12:19:12.813Z
Twin Bolt,TDM,Tarkir: Dragonstorm,128,normal,common,1,105137,688d8e93-d071-4089-9ef9-565ac4ae9ae0,0.06,false,false,false,near_mint,en,false,EUR,2026-09-14T12:19:12.813Z
Twin-Silk Spider,MH1,Modern Horizons,188,normal,common,1,44746,7cf3188c-879b-4b18-88b4-6237d7162271,0.07,false,false,false,near_mint,en,false,EUR,2026-09-14T12:19:12.813Z
Twist Reality,DSK,Duskmourn: House of Horror,77,normal,common,1,98834,644714dd-7a0b-4d4b-9a61-8f6e505b1d22,0.07,false,false,false,near_mint,en,false,EUR,2026-09-14T12:19:12.813Z
Twisted Experiment,DMR,Dominaria Remastered,104,normal,common,1,77945,655c26af-2b73-48fd-b7e3-ba217c9853d3,0.04,false,false,false,near_mint,en,false,EUR,2026-09-14T12:19:12.813Z
Twisted Landscape,MH3,Modern Horizons 3,232,normal,common,1,94815,d0e3e7b3-7ba9-47a2-b46c-a40bffb445e2,0.18,false,false,false,near_mint,en,false,EUR,2026-09-14T12:19:12.813Z
Two-Headed Sliver,CMM,Commander Masters,883,normal,common,1,84132,1fd73d00-feb0-4ec6-8031-6af5b334bba3,0.23,false,false,false,near_mint,en,false,EUR,2026-09-14T12:19:12.813Z
Typhoid Rats,FRF,Fate Reforged,89,normal,common,1,12037,d13cb90b-50c3-46ef-83f8-812dfb7ff881,0.12,false,false,false,near_mint,en,false,EUR,2026-09-14T12:19:12.813Z
Tyrant's Choice,CNS,Conspiracy,30,normal,common,1,14390,533fd990-d3f9-41c6-b979-7f1211da8004,0.71,false,false,false,near_mint,en,false,EUR,2026-09-14T12:19:12.813Z
Ulamog's Crusher,M3C,Modern Horizons 3 Commander,161,normal,common,1,95006,ac896541-b271-4bbb-a45c-753869361df6,0.26,false,false,false,near_mint,en,false,EUR,2026-09-14T12:19:12.813Z
Ulna Alley Shopkeep,SOS,Secrets of Strixhaven,103,normal,common,1,112681,c25e1ae5-f17c-4eee-98f1-5681981af31c,0.04,false,false,false,near_mint,en,false,EUR,2026-09-14T12:19:12.813Z
Ultimate Alliance,MSC,Marvel Super Heroes Commander,611,normal,common,1,113755,6b328224-fa09-41b0-aa55-8ebc841f8f7e,0.2,false,false,false,near_mint,en,false,EUR,2026-09-14T12:19:12.813Z
Ulvenwald Captive // Ulvenwald Abomination,EMN,Eldritch Moon,175,normal,common,1,8159,0dbaef61-fa39-4ea7-bc21-445401c373e7,0.12,false,false,false,near_mint,en,false,EUR,2026-09-14T12:19:12.813Z
Umara Raptor,ZEN,Zendikar,75,normal,common,1,22549,6049cc80-1faa-48bf-897e-fefe5a8e7ab2,0.13,false,false,false,near_mint,en,false,EUR,2026-09-14T12:19:12.813Z
Unable to Scream,DSK,Duskmourn: House of Horror,78,normal,common,1,98853,7c59e0cd-10a8-4a32-9c0a-a2c6ef1ed9a6,0.2,false,false,false,near_mint,en,false,EUR,2026-09-14T12:19:12.813Z
Unauthorized Exit,MKM,Murders at Karlov Manor,74,normal,common,1,91033,8a458474-d721-46d7-b487-6a47dc063cfd,0.07,false,false,false,near_mint,en,false,EUR,2026-09-14T12:19:12.813Z
Unbounded Potential,CMM,Commander Masters,67,normal,common,1,84493,732c3b63-5e15-4510-813c-58e20cd9833f,0.06,false,false,false,near_mint,en,false,EUR,2026-09-14T12:19:12.813Z
Unbridled Growth,AER,Aether Revolt,126,normal,common,1,6288,393fc419-a6ce-447d-9994-744cf41f9a27,0.14,false,false,false,near_mint,en,false,EUR,2026-09-14T12:19:12.813Z
Uncaged Fury,INR,Innistrad Remastered,177,normal,uncommon,1,102807,de8f4d5b-ea3c-4d01-b163-2fcfb1bcca8e,0.07,false,false,false,near_mint,en,false,EUR,2026-09-14T12:19:12.813Z
Undercover Skrull,MSH,Marvel Super Heroes,194,normal,common,1,113863,90b9a3c0-3fd6-403e-9d6c-201342fea0ad,0.07,false,false,false,near_mint,en,false,EUR,2026-09-14T12:19:12.813Z
Undergrowth Leopard,TDM,Tarkir: Dragonstorm,165,normal,common,1,104307,67ab8f9a-b17c-452f-b4ef-a3f91909e3de,0.11,false,false,false,near_mint,en,false,EUR,2026-09-14T12:19:12.813Z
Underworld Charger,THB,Theros Beyond Death,120,normal,common,1,46942,f2dd847f-0db2-4f6a-bdfb-5c88ce7802f9,0.06,false,false,false,near_mint,en,false,EUR,2026-09-14T12:19:12.813Z
Underworld Rage-Hound,THB,Theros Beyond Death,163,normal,common,1,46899,a04eef82-fd53-41f4-9c7e-28b9ac039032,0.1,false,false,false,near_mint,en,false,EUR,2026-09-14T12:19:12.813Z
Undo,S99,Starter 1999,58,normal,uncommon,1,34644,12b944ea-add5-4806-a33e-264cc96a4a0e,0.53,false,false,false,near_mint,en,false,EUR,2026-09-14T12:19:12.813Z
Undying Evil,DKA,Dark Ascension,77,normal,common,1,18460,325f2243-54fd-484b-a742-166cea7ec179,1.03,false,false,false,near_mint,en,false,EUR,2026-09-14T12:19:12.813Z
Undying Malice,FDN,Foundations,528,normal,common,1,100858,97b3cf11-e352-4ee1-8c03-13898f576ef9,0.55,false,false,false,near_mint,en,false,EUR,2026-09-14T12:19:12.813Z
Unearth,2X2,Double Masters 2022,96,normal,common,1,70442,b1f73271-b70f-40ae-be64-f8de7805923a,0.5,false,false,false,near_mint,en,false,EUR,2026-09-14T12:19:12.813Z
Unending Whisper,TDM,Tarkir: Dragonstorm,62,normal,common,1,105070,fc48180a-ccac-469f-938d-c050821d0160,0.06,false,false,false,near_mint,en,false,EUR,2026-09-14T12:19:12.813Z
Unexpected Fangs,IKO,Ikoria: Lair of Behemoths,102,normal,common,1,49975,aa6494ad-a35e-4b09-8623-7740f3c20b0b,0.71,false,false,false,near_mint,en,false,EUR,2026-09-14T12:19:12.813Z
Unexpected Windfall,AFR,Adventures in the Forgotten Realms,164,normal,common,1,60406,bae6a5fb-39f5-4cf8-85f7-661cb4570507,3.3,false,false,false,near_mint,en,false,EUR,2026-09-14T12:19:12.813Z
Unexplained Disappearance,GRN,Guilds of Ravnica,56,normal,common,1,427,9c99b239-50d2-4393-80ec-94dbfaa6ae70,0.08,false,false,false,near_mint,en,false,EUR,2026-09-14T12:19:12.813Z
Unfathomable Truths,MH3,Modern Horizons 3,77,normal,common,1,94896,f95b8eb1-4dbb-4bb9-aa31-b7a12e3b4618,0.13,false,false,false,near_mint,en,false,EUR,2026-09-14T12:19:12.813Z
Unholy Heat,H2R,Modern Horizons 2 Timeshifts,13,normal,common,1,94541,909bb097-1f7c-4d5b-be83-426d84e382c3,0.53,false,false,false,near_mint,en,false,EUR,2026-09-14T12:19:12.813Z
Unholy Indenture,M20,Core Set 2020,119,normal,common,1,45342,31e22edb-a815-413d-b62d-f32f8932b6e6,0.17,false,false,false,near_mint,en,false,EUR,2026-09-14T12:19:12.813Z
Unholy Strength,DVD,Duel Decks Anthology: Divine vs. Demonic,47,normal,common,1,12431,f42c9574-2f09-4cb0-80cb-10fb8c592e6f,0.11,false,false,false,near_mint,en,false,EUR,2026-09-14T12:19:12.813Z
Union of the Third Path,BRO,The Brothers' War,31,normal,common,1,75430,486a0745-7360-4cc9-9cc2-30c0eda6e00c,0.2,false,false,false,near_mint,en,false,EUR,2026-09-14T12:19:12.813Z
Universal Automaton,MH1,Modern Horizons,235,normal,common,1,44699,53c682e2-c90f-4f4b-9010-00b099e85518,0.37,false,false,false,near_mint,en,false,EUR,2026-09-14T12:19:12.813Z
University Campus,SPM,Marvel's Spider-Man,186,normal,common,1,108624,2752f21c-f535-4772-a8b3-e97e1339e9c9,0.09,false,false,false,near_mint,en,false,EUR,2026-09-14T12:19:12.813Z
Unliving Legionnaire,MSH,Marvel Super Heroes,119,normal,common,1,113998,ce08f4bb-7da3-4199-8b90-fcdb29e84e98,0.03,false,false,false,near_mint,en,false,EUR,2026-09-14T12:19:12.813Z
Unmake,DDK,Duel Decks: Sorin vs. Tibalt,27,normal,common,1,16546,6d0dea1b-43dc-4e76-aabd-f12e121a78af,0.53,false,false,false,near_mint,en,false,EUR,2026-09-14T12:19:12.813Z
Unnatural Predation,MBS,Mirrodin Besieged,93,normal,common,1,20048,2798fdff-0b39-41b6-b0ec-c4f449ca3314,0.09,false,false,false,near_mint,en,false,EUR,2026-09-14T12:19:12.813Z
Unquenchable Thirst,HOU,Hour of Devastation,53,normal,common,1,4622,a418b2aa-dbc2-409b-9f19-e16a0ad8cbac,0.05,false,false,false,near_mint,en,false,EUR,2026-09-14T12:19:12.813Z
Unscrupulous Agent,MKM,Murders at Karlov Manor,109,normal,common,1,90789,37692f9a-3825-43aa-aacb-1bb92cb5bd07,0.04,false,false,false,near_mint,en,false,EUR,2026-09-14T12:19:12.813Z
Unstable Experiment,MSC,Marvel Super Heroes Commander,789,normal,common,1,113678,4972517e-3d3f-40aa-84c5-5481c54b6f81,0.16,false,false,false,near_mint,en,false,EUR,2026-09-14T12:19:12.813Z
Unstable Mutation,UMA,Ultimate Masters,80,normal,uncommon,1,43421,da66b93a-11a6-4861-a775-d309b7adc461,0.12,false,false,false,near_mint,en,false,EUR,2026-09-14T12:19:12.813Z
Unsummon,FDN,Foundations,599,normal,common,1,101013,b378d319-ab98-422a-8f72-121a9d26f5c6,0.17,false,false,false,near_mint,en,false,EUR,2026-09-14T12:19:12.813Z
Unwilling Ingredient,STX,Strixhaven: School of Mages,90,normal,common,1,58048,30448144-639a-43c7-a408-bd6ed543c231,0.07,false,false,false,near_mint,en,false,EUR,2026-09-14T12:19:12.813Z
Unwind,DOM,Dominaria,72,normal,common,1,2204,97da6607-9131-4f8b-8af3-63439a59b78b,1.23,false,false,false,near_mint,en,false,EUR,2026-09-14T12:19:12.813Z
Urborg Repossession,DMU,Dominaria United,114,normal,common,1,71834,ecb8dab0-ecce-4321-b382-c58b296c2fd3,0.12,false,false,false,near_mint,en,false,EUR,2026-09-14T12:19:12.813Z
Urn of Godfire,MOM,March of the Machine,266,normal,common,1,81480,ff5f302e-d884-4995-ba3c-8c22f9045318,0.07,false,false,false,near_mint,en,false,EUR,2026-09-14T12:19:12.813Z
Urza's Mine,M3C,Modern Horizons 3 Commander,401,normal,common,1,94927,32dbc719-d8aa-47ff-b7ea-20adadc99ec7,0.74,false,false,false,near_mint,en,false,EUR,2026-09-14T12:19:12.813Z
Urza's Power Plant,M3C,Modern Horizons 3 Commander,402,normal,common,1,94959,5e5786d5-355d-454c-b09b-e307a7a324d4,0.77,false,false,false,near_mint,en,false,EUR,2026-09-14T12:19:12.813Z
Urza's Tower,M3C,Modern Horizons 3 Commander,403,normal,common,1,94973,7693a698-65be-4d85-8b9d-c02c1596b99d,0.75,false,false,false,near_mint,en,false,EUR,2026-09-14T12:19:12.813Z
Utopia Sprawl,RVR,Ravnica Remastered,159,normal,uncommon,1,89706,5ea568df-04a1-4012-98ec-ba75e189e0ca,1.64,false,false,false,near_mint,en,false,EUR,2026-09-14T12:19:12.813Z
Utrom Monitor,TMC,Teenage Mutant Ninja Turtles Eternal,113,normal,common,1,111492,8ce6647c-343a-45e8-9b6e-0292ae01ec81,7.22,false,false,false,near_mint,en,false,EUR,2026-09-14T12:19:12.813Z
Utrom Scientists,TMT,Teenage Mutant Ninja Turtles,56,normal,common,1,111478,6da89625-5278-49d4-813b-a1a631f114f5,0.04,false,false,false,near_mint,en,false,EUR,2026-09-14T12:19:12.813Z
Utter Insignificance,MH3,Modern Horizons 3,78,normal,common,1,94398,3050ac06-4c16-4155-a97f-f6bc92709ee4,0.07,false,false,false,near_mint,en,false,EUR,2026-09-14T12:19:12.813Z
Valakut Invoker,CMR,Commander Legends,206,normal,common,1,55849,b8000d86-60e7-4edd-b685-14ade08b76f2,0.07,false,false,false,near_mint,en,false,EUR,2026-09-14T12:19:12.813Z
Valley Dasher,KTK,Khans of Tarkir,125,normal,common,1,13273,8543adbd-0dd1-47d3-ac41-2ec72d6a5d35,0.06,false,false,false,near_mint,en,false,EUR,2026-09-14T12:19:12.813Z
Valor of the Worthy,KHM,Kaldheim,37,normal,common,1,56959,83632e73-be3f-43fc-932f-45cb1af4f8fb,0.09,false,false,false,near_mint,en,false,EUR,2026-09-14T12:19:12.813Z
Vampire Bats,GVL,Duel Decks Anthology: Garruk vs. Liliana,35,normal,common,1,12319,573c35a4-543b-47fe-80b4-d6462abfb82f,0.07,false,false,false,near_mint,en,false,EUR,2026-09-14T12:19:12.813Z
Vampire Hounds,EXO,Exodus,77,normal,common,1,36259,746bc301-9f08-4d9b-819e-690f6fce6bc8,0.2,false,false,false,near_mint,en,false,EUR,2026-09-14T12:19:12.813Z
Vampire Lacerator,A25,Masters 25,114,normal,common,1,2602,0c947c96-b4a5-4c3b-aacb-85ee0bf3afda,0.08,false,false,false,near_mint,en,false,EUR,2026-09-14T12:19:12.813Z
Vampire Sovereign,2X2,Double Masters 2022,97,normal,common,1,70302,6f7f0f05-fe4e-4827-bedf-a54352f95967,0.08,false,false,false,near_mint,en,false,EUR,2026-09-14T12:19:12.813Z
Vampire Spawn,FDN,Foundations,532,normal,common,1,97187,b6fc8d2e-ad63-498d-83b6-5f72b5ae0e67,0.23,false,false,false,near_mint,en,false,EUR,2026-09-14T12:19:12.813Z
Vampire's Bite,DDK,Duel Decks: Sorin vs. Tibalt,19,normal,common,1,16554,57003079-3d0f-48fe-8fc1-94d38a94d1a8,0.11,false,false,false,near_mint,en,false,EUR,2026-09-14T12:19:12.813Z
Vampire's Kiss,VOW,Innistrad: Crimson Vow,136,normal,common,1,64328,974bf8cc-4259-48cc-8e7f-1580bb010d3f,1.16,false,false,false,near_mint,en,false,EUR,2026-09-14T12:19:12.813Z
Vampiric Fury,ISD,Innistrad,167,normal,common,1,18731,de4fd254-0ae9-498d-b9da-4fb3d6a1a55c,0.09,false,false,false,near_mint,en,false,EUR,2026-09-14T12:19:12.813Z
Vampiric Link,PLC,Planar Chaos,92,normal,common,1,26442,a9be1058-0668-4938-8801-e9a98464651c,1.52,false,false,false,near_mint,en,false,EUR,2026-09-14T12:19:12.813Z
Vandalblast,OTC,Outlaws of Thunder Junction Commander,183,normal,uncommon,1,93908,e781b55f-6388-4ab8-be74-7c56eaba1c4d,2.84,false,false,false,near_mint,en,false,EUR,2026-09-14T12:19:12.813Z
Vandalize,DTK,Dragons of Tarkir,165,normal,common,1,11649,48b04f7a-4fd6-47d2-b378-99c7fb0c1809,0.11,false,false,false,near_mint,en,false,EUR,2026-09-14T12:19:12.813Z
Vapor Snag,MM2,Modern Masters 2015,66,normal,common,1,11151,59f26d0a-e9f3-442f-b5c6-8016cf736432,0.31,false,false,false,near_mint,en,false,EUR,2026-09-14T12:19:12.813Z
Vault of Whispers,DSC,Duskmourn: House of Horror Commander,322,normal,common,1,99391,e85e4098-f872-4aa4-a71a-208b6090be28,4.12,false,false,false,near_mint,en,false,EUR,2026-09-14T12:19:12.813Z
Vault Skirge,NPH,New Phyrexia,76,normal,common,1,19809,f254239c-c07a-4c41-98f7-8f4de539c73e,0.52,false,false,false,near_mint,en,false,EUR,2026-09-14T12:19:12.813Z
Vedalken Aethermage,FUT,Future Sight,61,normal,common,1,26276,496eb37d-5c8f-4dd7-a0a7-3ed1bd2210d6,0.35,false,false,false,near_mint,en,false,EUR,2026-09-14T12:19:12.813Z
Vedalken Certarch,SOM,Scars of Mirrodin,52,normal,common,1,20980,ffbc2a26-32f1-4d9c-8ee7-74698f64dce0,0.12,false,false,false,near_mint,en,false,EUR,2026-09-14T12:19:12.813Z
Vedalken Engineer,NEC,Neon Dynasty Commander,100,normal,common,1,66991,2c3bbbe9-91a3-4da5-a1b4-6aed4bd684de,0.18,false,false,false,near_mint,en,false,EUR,2026-09-14T12:19:12.813Z
Vendetta,ROE,Rise of the Eldrazi,130,normal,common,1,21837,039fc76d-3b7e-4329-a997-07c25509e421,0.3,false,false,false,near_mint,en,false,EUR,2026-09-14T12:19:12.813Z
Vengeant Earth,MOM,March of the Machine,212,normal,common,1,81313,16e20076-5d24-4c59-b707-6d20e121032f,0.07,false,false,false,near_mint,en,false,EUR,2026-09-14T12:19:12.813Z
Venom's Hunger,SPM,Marvel's Spider-Man,73,normal,common,1,107611,01d276cd-e4ad-488f-8447-004aefad1ebb,0.06,false,false,false,near_mint,en,false,EUR,2026-09-14T12:19:12.813Z
"Venom, Evil Unleashed",MSC,Marvel Super Heroes Commander,800,normal,common,1,113800,78fcfdd0-7744-4fed-83dc-6b9a3235ab6f,0.14,false,false,false,near_mint,en,false,EUR,2026-09-14T12:19:12.813Z
Venomized Cat,MSC,Marvel Super Heroes Commander,801,normal,common,1,113550,149cbb84-c0d0-4636-a440-2b2898f95ec7,0.16,false,false,false,near_mint,en,false,EUR,2026-09-14T12:19:12.813Z
Venomous Changeling,MH1,Modern Horizons,114,normal,common,1,44820,4c5a1d73-d102-469b-82ca-ec18f616375e,0.05,false,false,false,near_mint,en,false,EUR,2026-09-14T12:19:12.813Z
Venomous Dragonfly,MMQ,Mercadian Masques,282,normal,common,1,34128,479fc902-ce94-4a6b-af87-4645387a46c6,0.1,false,false,false,near_mint,en,false,EUR,2026-09-14T12:19:12.813Z
Vent Sentinel,IMA,Iconic Masters,153,normal,common,1,3472,6b6f563e-4f94-4caf-83b9-bfc64e18bc9c,0.04,false,false,false,near_mint,en,false,EUR,2026-09-14T12:19:12.813Z
Verdant Eidolon,UMA,Ultimate Masters,190,normal,common,1,43326,0878d18d-aff7-4b49-b849-9dab0e4949ca,0.05,false,false,false,near_mint,en,false,EUR,2026-09-14T12:19:12.813Z
Vessel of Nascency,A25,Masters 25,193,normal,common,1,2523,9d502ecf-b3a5-4657-8718-104e8f0ab9af,0.12,false,false,false,near_mint,en,false,EUR,2026-09-14T12:19:12.813Z
Veteran Armorer,MMA,Modern Masters,34,normal,common,1,16275,026aaea6-ed4f-4505-9779-7c28ff6c2284,0.16,false,false,false,near_mint,en,false,EUR,2026-09-14T12:19:12.813Z
Veteran Armorsmith,DDO,Duel Decks: Elspeth vs. Kiora,27,normal,common,1,11903,565c750e-47f9-4878-abff-ec973ec6d8a4,0.18,false,false,false,near_mint,en,false,EUR,2026-09-14T12:19:12.813Z
Veteran Swordsmith,DDO,Duel Decks: Elspeth vs. Kiora,28,normal,common,1,11902,e6ac8dd2-f7af-44b6-841a-f0b6a4961e26,0.11,false,false,false,near_mint,en,false,EUR,2026-09-14T12:19:12.813Z
Viashino Pyromancer,FDN,Foundations,634,normal,common,1,100905,9f52ada2-cabc-46a3-99df-271833a86909,0.14,false,false,false,near_mint,en,false,EUR,2026-09-14T12:19:12.813Z
Viashino Sandsprinter,MH1,Modern Horizons,153,normal,common,1,44781,f7d1def0-1450-44ec-b7c4-0fa50fe12c15,0.12,false,false,false,near_mint,en,false,EUR,2026-09-14T12:19:12.813Z
Victim of Night,DDQ,Duel Decks: Blessed vs. Cursed,67,normal,common,1,9116,c128272d-4611-477c-84b9-081bddcc7188,0.36,false,false,false,near_mint,en,false,EUR,2026-09-14T12:19:12.813Z
Village Rites,INR,Innistrad Remastered,137,normal,common,1,102519,42ed35e9-51cd-468a-86a9-9412553cf50d,0.33,false,false,false,near_mint,en,false,EUR,2026-09-14T12:19:12.813Z
Vincent's Limit Break,FIN,Final Fantasy,126,normal,common,1,106499,0502c426-5271-4989-8598-5bc159afe79c,0.08,false,false,false,near_mint,en,false,EUR,2026-09-14T12:19:12.813Z
Vine Trellis,GVL,Duel Decks Anthology: Garruk vs. Liliana,4,normal,common,1,12350,4683fa31-da33-4313-82b5-0ed91f33e8d3,0.74,false,false,false,near_mint,en,false,EUR,2026-09-14T12:19:12.813Z
Vines of Vastwood,MM2,Modern Masters 2015,168,normal,common,1,11049,6203e3d4-8998-41d6-9f7e-b68af0f1f8b5,1.37,false,false,false,near_mint,en,false,EUR,2026-09-14T12:19:12.813Z
Vineshaper Prodigy,DMU,Dominaria United,187,normal,common,1,71445,545cddde-8018-4fdd-874d-b5193b73b414,0.07,false,false,false,near_mint,en,false,EUR,2026-09-14T12:19:12.813Z
Violent Impact,AKH,Amonkhet,154,normal,common,1,5531,49b8673a-ce93-4881-b712-8db82446d83c,0.11,false,false,false,near_mint,en,false,EUR,2026-09-14T12:19:12.813Z
Violent Outburst,ARB,Alara Reborn,63,normal,common,1,23445,1b58856a-f88e-4625-8636-62b5c717b956,1.97,false,false,false,near_mint,en,false,EUR,2026-09-14T12:19:12.813Z
Viridian Longbow,AFC,Forgotten Realms Commander,221,normal,common,1,60914,f4607634-6206-4c6c-b389-abcbfe969b65,1.07,false,false,false,near_mint,en,false,EUR,2026-09-14T12:19:12.813Z
Virulent Sliver,TSR,Time Spiral Remastered,246,normal,common,1,57879,d5082a2a-e8b1-4799-ad29-a632d95ae1da,0.22,false,false,false,near_mint,en,false,EUR,2026-09-14T12:19:12.813Z
Virulent Wound,MBS,Mirrodin Besieged,57,normal,common,1,20084,7ae09e1a-c257-45e9-88c8-7b1a7a6d714b,0.25,false,false,false,near_mint,en,false,EUR,2026-09-14T12:19:12.813Z
Virus Beetle,EOE,Edge of Eternities,124,normal,common,1,107570,e96c986c-684c-4546-a9c9-b6b903bda101,0.08,false,false,false,near_mint,en,false,EUR,2026-09-14T12:19:12.813Z
Viscera Dragger,ALA,Shards of Alara,92,normal,common,1,24007,6d6d2d84-7141-4485-8379-b3c71af47cd1,0.14,false,false,false,near_mint,en,false,EUR,2026-09-14T12:19:12.813Z
Viscera Seer,SOC,Secrets of Strixhaven Commander,229,normal,common,1,112185,f511830b-1c1f-4d30-aa5d-4314726d142e,0.59,false,false,false,near_mint,en,false,EUR,2026-09-14T12:19:12.813Z
Vision Charm,VIS,Visions,49,normal,common,1,38124,78b384d3-3adf-493a-8b89-bfe68fd1c3e2,1.62,false,false,false,near_mint,en,false,EUR,2026-09-14T12:19:12.813Z
Vision of Love,MSH,Marvel Super Heroes,158,normal,common,1,113713,5604cee1-a2ea-48ed-88f4-6878bd053fc8,0.14,false,false,false,near_mint,en,false,EUR,2026-09-14T12:19:12.813Z
Visionary's Dance,SOS,Secrets of Strixhaven,242,normal,common,1,112638,846a0e79-a530-429e-8f7f-4b87f1b0156e,0.12,false,false,false,near_mint,en,false,EUR,2026-09-14T12:19:12.813Z
Vitality Charm,ONS,Onslaught,296,normal,common,1,31007,e1abae21-ed8f-4e21-b227-f721b840c11f,0.14,false,false,false,near_mint,en,false,EUR,2026-09-14T12:19:12.813Z
Vitalize,6ED,Classic Sixth Edition,265,normal,common,1,35112,435a4569-fa62-4e1a-b837-f68159cb270d,1.02,false,false,false,near_mint,en,false,EUR,2026-09-14T12:19:12.813Z
Vitaspore Thallid,PLC,Planar Chaos,143,normal,common,1,26391,cad14bc9-b90e-48e0-9e72-173874dab6bc,0.22,false,false,false,near_mint,en,false,EUR,2026-09-14T12:19:12.813Z
Vitu-Ghazi Inspector,MKM,Murders at Karlov Manor,183,normal,common,1,90927,664d15d7-2724-4a9b-b5a7-8042d4b7da7b,0.13,false,false,false,near_mint,en,false,EUR,2026-09-14T12:19:12.813Z
Vivien's Grizzly,WAR,War of the Spark,182,normal,common,1,44222,37f2571b-6756-462c-9e71-3121fa458160,0.13,false,false,false,near_mint,en,false,EUR,2026-09-14T12:19:12.813Z
Vivisurgeon's Insight,ONE,Phyrexia: All Will Be One,77,normal,common,1,78855,cd244359-781e-4e1d-946d-243664f40c7c,0.14,false,false,false,near_mint,en,false,EUR,2026-09-14T12:19:12.813Z
Voidpouncer,MH3,Modern Horizons 3,143,normal,common,1,94841,1f9b8532-4f1a-4653-9cbb-befba8169e5a,0.05,false,false,false,near_mint,en,false,EUR,2026-09-14T12:19:12.813Z
Volatile Claws,MH1,Modern Horizons,154,normal,common,1,44780,36cb119b-dd15-40d2-8f75-c92f5d41d1e1,0.14,false,false,false,near_mint,en,false,EUR,2026-09-14T12:19:12.813Z
Volatile Fjord,KHM,Kaldheim,273,normal,common,1,57146,f2392fbb-d9c4-4688-b99c-4e7614c60c12,1.59,false,false,false,near_mint,en,false,EUR,2026-09-14T12:19:12.813Z
Volcanic Spite,MOM,March of the Machine,170,normal,common,1,81377,69490262-afc2-4692-8fac-b771a972c8f8,0.16,false,false,false,near_mint,en,false,EUR,2026-09-14T12:19:12.813Z
Voldaren Duelist,INR,Innistrad Remastered,181,normal,common,1,102629,7e2df669-a996-4692-9c04-7ba236595076,0.06,false,false,false,near_mint,en,false,EUR,2026-09-14T12:19:12.813Z
Voldaren Epicure,INR,Innistrad Remastered,182,normal,common,1,102824,e8fe855c-fe94-4de7-a033-9892a9d6ee0e,0.3,false,false,false,near_mint,en,false,EUR,2026-09-14T12:19:12.813Z
Voldaren Stinger,MID,Innistrad: Midnight Hunt,167,normal,common,1,63504,f27a7c78-3a64-42fc-8808-15b1f41976a1,0.04,false,false,false,near_mint,en,false,EUR,2026-09-14T12:19:12.813Z
Volt Charge,ONE,Phyrexia: All Will Be One,155,normal,common,1,78630,73d74045-cc9b-4b01-bc5f-0f2eb4b01580,0.09,false,false,false,near_mint,en,false,EUR,2026-09-14T12:19:12.813Z
Voltaic Whip,MSC,Marvel Super Heroes Commander,675,normal,common,1,114062,ebf68e1c-64d5-413b-84d8-8e0337108dcf,0.19,false,false,false,near_mint,en,false,EUR,2026-09-14T12:19:12.813Z
Voracious Varmint,OTJ,Outlaws of Thunder Junction,188,normal,common,1,93279,99b74fa3-c1d7-4780-977d-f2d6663a529a,0.09,false,false,false,near_mint,en,false,EUR,2026-09-14T12:19:12.813Z
Vorrac Battlehorns,MRD,Mirrodin,271,normal,common,1,29774,b1b19949-90c9-46f1-85d4-d6eda0b7977e,0.41,false,false,false,near_mint,en,false,EUR,2026-09-14T12:19:12.813Z
Voyaging Satyr,CN2,Conspiracy: Take the Crown,195,normal,common,1,7902,180773da-dadc-414a-92c6-f4e13c753718,0.16,false,false,false,near_mint,en,false,EUR,2026-09-14T12:19:12.813Z
Vraska's Fall,ONE,Phyrexia: All Will Be One,116,normal,common,1,78369,0173b7b4-2832-4943-ba45-8ba498d7a056,0.22,false,false,false,near_mint,en,false,EUR,2026-09-14T12:19:12.813Z
Vulpikeet,IKO,Ikoria: Lair of Behemoths,37,normal,common,1,50040,07bce816-3d18-4ca1-b88f-7307ec7c345d,0.07,false,false,false,near_mint,en,false,EUR,2026-09-14T12:19:12.813Z
Vulshok Sorcerer,DDI,Duel Decks: Venser vs. Koth,50,normal,common,1,18324,b7153854-c548-48de-b9e2-72b7d9397563,0.21,false,false,false,near_mint,en,false,EUR,2026-09-14T12:19:12.813Z
Wail of the Nim,MRD,Mirrodin,81,normal,common,1,29964,a8c32faa-c6d1-418a-aed6-ccc5849daa1f,0.22,false,false,false,near_mint,en,false,EUR,2026-09-14T12:19:12.813Z
Walk with the Ancestors,LCI,The Lost Caverns of Ixalan,218,normal,common,1,88590,71a6f85b-5ef8-4526-9c86-7cb71508b4c0,0.06,false,false,false,near_mint,en,false,EUR,2026-09-14T12:19:12.813Z
Walking Atlas,WWK,Worldwake,131,normal,common,1,22060,53515042-e729-4a7c-ac3b-36ef70dbbe8d,1.04,false,false,false,near_mint,en,false,EUR,2026-09-14T12:19:12.813Z
Wall of Forgotten Pharaohs,HOU,Hour of Devastation,168,normal,common,1,4507,d3f8f211-79f9-4d34-8e23-c0835703cd91,0.09,false,false,false,near_mint,en,false,EUR,2026-09-14T12:19:12.813Z
Wall of Hope,LGN,Legions,24,normal,common,1,30810,b463b3e1-e314-4a65-a89e-0712f630b016,0.33,false,false,false,near_mint,en,false,EUR,2026-09-14T12:19:12.813Z
Wall of Roots,TDC,Tarkir: Dragonstorm Commander,278,normal,common,1,105016,e4e7d3b7-9b0c-463d-975c-ef81d7fd8dad,0.35,false,false,false,near_mint,en,false,EUR,2026-09-14T12:19:12.813Z
Wall of Runes,M21,Core Set 2021,85,normal,common,1,50841,6ac0f66a-213f-463e-8ebb-35ff5940ea06,0.08,false,false,false,near_mint,en,false,EUR,2026-09-14T12:19:12.813Z
Wall of Tanglecord,SOM,Scars of Mirrodin,222,normal,common,1,20810,792e2aed-ce6e-4fa1-a31c-a4574e5cf1f5,0.43,false,false,false,near_mint,en,false,EUR,2026-09-14T12:19:12.813Z
Wall Off,MSC,Marvel Super Heroes Commander,614,normal,common,1,113831,858182cb-060c-429f-86e9-3d88d2a3b205,0.29,false,false,false,near_mint,en,false,EUR,2026-09-14T12:19:12.813Z
Wanderbrine Preacher,ECL,Lorwyn Eclipsed,41,normal,common,1,110485,3fc3f5f2-5a83-4358-8f23-42f26f345140,0.08,false,false,false,near_mint,en,false,EUR,2026-09-14T12:19:12.813Z
Wandering Stream,INV,Invasion,224,normal,common,1,33109,6da5cb6c-253b-44f0-98f9-d75f42c6e14b,0.13,false,false,false,near_mint,en,false,EUR,2026-09-14T12:19:12.813Z
War Falcon,M13,Magic 2013,38,normal,common,1,17785,7e092a0d-c031-4a76-86c1-7f83878a06e8,0.14,false,false,false,near_mint,en,false,EUR,2026-09-14T12:19:12.813Z
War Squeak,BLB,Bloomburrow,160,normal,common,1,95999,105964a7-88b7-4340-aa66-e908189a3638,0.06,false,false,false,near_mint,en,false,EUR,2026-09-14T12:19:12.813Z
Warbriar Blessing,WOC,Wilds of Eldraine Commander,137,normal,common,1,85497,76fd958e-bcc6-4f6d-9566-b6cd875fa6c4,0.11,false,false,false,near_mint,en,false,EUR,2026-09-14T12:19:12.813Z
Ward of Lights,MIR,Mirage,47,normal,common,1,38543,6d389daf-c7d8-4bd1-b4ea-5082f5d280c0,0.15,false,false,false,near_mint,en,false,EUR,2026-09-14T12:19:12.813Z
Warehouse Tabby,WOE,Wilds of Eldraine,117,normal,common,1,85743,d500ad81-9659-4a00-8f99-8be7c23587e8,0.09,false,false,false,near_mint,en,false,EUR,2026-09-14T12:19:12.813Z
Warlord's Fury,DOM,Dominaria,151,normal,common,1,2125,0ebd63cf-7e8c-4c8d-844d-98535d5f3039,0.14,false,false,false,near_mint,en,false,EUR,2026-09-14T12:19:12.813Z
Warped Landscape,C18,Commander 2018,291,normal,common,1,552,3d313741-af67-47fd-9beb-8abc7d554715,0.25,false,false,false,near_mint,en,false,EUR,2026-09-14T12:19:12.813Z
Warped Tusker,MH3,Modern Horizons 3,16,normal,common,1,94845,2b5f3a1a-8514-4598-be3d-c3be719f6951,0.09,false,false,false,near_mint,en,false,EUR,2026-09-14T12:19:12.813Z
Warren Elder,BLB,Bloomburrow,37,normal,common,1,96030,4bf20069-5a20-4f95-976b-6af2b69f3ad0,0.05,false,false,false,near_mint,en,false,EUR,2026-09-14T12:19:12.813Z
Wary Watchdog,DSK,Duskmourn: House of Horror,206,normal,common,1,98796,25ed97f2-b47e-49b7-9b1a-694c4bbeca3b,0.06,false,false,false,near_mint,en,false,EUR,2026-09-14T12:19:12.813Z
Wastes,EOC,Edge of Eternities Commander,191,normal,common,1,107141,baf8f4f2-9f25-4cd2-8d78-1041e134aeac,0.38,false,false,false,near_mint,en,false,EUR,2026-09-14T12:19:12.813Z
Watcher in the Web,SOI,Shadows over Innistrad,239,normal,common,1,8757,be1ee2d4-5992-4081-9907-4bc26750aff0,0.09,false,false,false,near_mint,en,false,EUR,2026-09-14T12:19:12.813Z
Watcher of the Wayside,TDM,Tarkir: Dragonstorm,249,normal,common,1,104262,2dcafdac-a293-4adc-a540-3b3f469cf6f3,0.05,false,false,false,near_mint,en,false,EUR,2026-09-14T12:19:12.813Z
Water Tribe Captain,TLA,Avatar: The Last Airbender,41,normal,common,1,109632,0a0cdf97-1927-47c6-8ef1-29969e3567ee,0.03,false,false,false,near_mint,en,false,EUR,2026-09-14T12:19:12.813Z
Water Wings,WOE,Wilds of Eldraine,77,normal,common,1,85390,4ea4993c-d1ba-4b33-955b-e0874fd2132f,0.08,false,false,false,near_mint,en,false,EUR,2026-09-14T12:19:12.813Z
Waterbending Lesson,TLA,Avatar: The Last Airbender,80,normal,common,1,108207,4f81e3b5-a0a9-4764-8c2d-b499ce1740b4,0.07,false,false,false,near_mint,en,false,EUR,2026-09-14T12:19:12.813Z
Waterfront Bouncer,MMQ,Mercadian Masques,114,normal,common,1,34296,8dbdce9e-94fa-4ed5-9b97-d2026cffe7cb,0.52,false,false,false,near_mint,en,false,EUR,2026-09-14T12:19:12.813Z
Waterfront District,SNC,Streets of New Capenna,259,normal,common,1,68043,debf7aac-4d31-49b4-955b-79036258df69,0.07,false,false,false,near_mint,en,false,EUR,2026-09-14T12:19:12.813Z
Weakness,M10,Magic 2010,121,normal,common,1,23232,ceb8322c-63e1-4618-8ee3-7e635cc8bf5e,0.07,false,false,false,near_mint,en,false,EUR,2026-09-14T12:19:12.813Z
Weakstone's Subjugation,BRO,The Brothers' War,72,normal,common,1,75880,ef93ac79-8575-40f8-a222-63c2ffb30f60,0.08,false,false,false,near_mint,en,false,EUR,2026-09-14T12:19:12.813Z
Weapon Surge,2XM,Double Masters,150,normal,common,1,52098,19330317-0c5e-44fc-bb87-89b3f6dd3704,0.09,false,false,false,near_mint,en,false,EUR,2026-09-14T12:19:12.813Z
Weather the Storm,MH1,Modern Horizons,191,normal,common,1,44743,f6a9fa51-78c3-42e6-8c2e-39658f59ed87,1.55,false,false,false,near_mint,en,false,EUR,2026-09-14T12:19:12.813Z
Weatherseed Elf,ULG,Urza's Legacy,115,normal,common,1,35405,4e74f8ae-992b-40a6-87e3-7b321dba4ffa,0.12,false,false,false,near_mint,en,false,EUR,2026-09-14T12:19:12.813Z
Weatherseed Faeries,ULG,Urza's Legacy,48,normal,common,1,35472,8c7ebec7-7375-4362-9489-437ff9305f19,0.13,false,false,false,near_mint,en,false,EUR,2026-09-14T12:19:12.813Z
Webweaver Changeling,2X2,Double Masters 2022,164,normal,common,1,70236,576807eb-47fa-4f08-8982-1c0b3526fdd2,0.09,false,false,false,near_mint,en,false,EUR,2026-09-14T12:19:12.813Z
Wedding Invitation,VOW,Innistrad: Crimson Vow,260,normal,common,1,64438,ddc22ff6-4081-47ce-bc8a-e063f5f4d044,0.19,false,false,false,near_mint,en,false,EUR,2026-09-14T12:19:12.813Z
Wee Dragonauts,GRN,Guilds of Ravnica,214,normal,uncommon,1,269,37ee17a1-76ce-4ae8-9109-ba32457cbeec,0.09,false,false,false,near_mint,en,false,EUR,2026-09-14T12:19:12.813Z
Welding Jar,2XM,Double Masters,307,normal,uncommon,1,52106,275ec0c4-1c59-4818-9999-b2389d17c2e7,0.78,false,false,false,near_mint,en,false,EUR,2026-09-14T12:19:12.813Z
Wellwisher,CMA,Commander Anthology,166,normal,common,1,5120,19dbbecb-b4d0-49d2-b36e-58279e051c5c,2.13,false,false,false,near_mint,en,false,EUR,2026-09-14T12:19:12.813Z
Werebear,DMR,Dominaria Remastered,182,normal,common,1,78044,973310bb-ab32-46dc-8f59-8a5d3e1c58cc,0.13,false,false,false,near_mint,en,false,EUR,2026-09-14T12:19:12.813Z
Westfold Rider,HOC,The Hobbit Eternal,172,normal,common,1,115264,fa7d2ec1-b6b7-4f37-a749-750e52c92e87,0.14,false,false,false,near_mint,en,false,EUR,2026-09-14T12:19:12.813Z
Whiplash Trap,C20,Commander 2020,127,normal,common,1,50291,0d828c7c-4e55-40be-a96f-48101e407aef,0.2,false,false,false,near_mint,en,false,EUR,2026-09-14T12:19:12.813Z
Whirlpool Rider,APC,Apocalypse,35,normal,common,1,32421,0de47f44-8c5e-4114-9064-145d2d8813c6,0.31,false,false,false,near_mint,en,false,EUR,2026-09-14T12:19:12.813Z
Whisper Agent,CLU,Ravnica: Clue Edition,218,normal,common,1,90863,521d1016-6f80-49a2-a76b-59e86d3fae3e,0.08,false,false,false,near_mint,en,false,EUR,2026-09-14T12:19:12.813Z
Whisper of the Dross,ONE,Phyrexia: All Will Be One,117,normal,common,1,78561,58d287e8-5297-415a-97d5-02002470c52b,0.18,false,false,false,near_mint,en,false,EUR,2026-09-14T12:19:12.813Z
Whispersilk Cloak,DSC,Duskmourn: House of Horror Commander,257,normal,uncommon,1,99165,5a12bfaf-7481-4e6a-98c8-6308d075382b,2.35,false,false,false,near_mint,en,false,EUR,2026-09-14T12:19:12.813Z
White Auracite,FIN,Final Fantasy,41,normal,common,1,105873,2df6f515-9d21-4769-b1c4-c219611bccbb,0.07,false,false,false,near_mint,en,false,EUR,2026-09-14T12:19:12.813Z
Whitemane Lion,DMR,Dominaria Remastered,35,normal,common,1,78061,a358def9-65a0-4741-896c-b2a8c8947768,0.12,false,false,false,near_mint,en,false,EUR,2026-09-14T12:19:12.813Z
Whiteout,ICE,Ice Age,275,normal,uncommon,1,39534,a8645e4f-eaa8-4420-a6a3-eb53c311fab1,0.48,false,false,false,near_mint,en,false,EUR,2026-09-14T12:19:12.813Z
Wicked Visitor,WOE,Wilds of Eldraine,118,normal,common,1,85785,e26ec4b8-0012-48c4-9ccb-0f062df0c250,0.11,false,false,false,near_mint,en,false,EUR,2026-09-14T12:19:12.813Z
Wickerbough Elder,ECC,Lorwyn Eclipsed Commander,118,normal,common,1,110551,83e0b855-0259-4229-a6b9-d0faaf225355,0.14,false,false,false,near_mint,en,false,EUR,2026-09-14T12:19:12.813Z
Wight of Precinct Six,IMA,Iconic Masters,114,normal,common,1,3511,d8698868-2aff-4973-8fc6-e2ac7202384d,0.13,false,false,false,near_mint,en,false,EUR,2026-09-14T12:19:12.813Z
Wild Cantor,RVR,Ravnica Remastered,239,normal,common,1,89963,e6b56946-a368-4cd7-9d35-be14afca935b,0.17,false,false,false,near_mint,en,false,EUR,2026-09-14T12:19:12.813Z
Wild Dogs,DMR,Dominaria Remastered,183,normal,common,1,78205,faa526aa-f569-486a-8712-47c972481cd4,0.05,false,false,false,near_mint,en,false,EUR,2026-09-14T12:19:12.813Z
Wild Growth,MKC,Murders at Karlov Manor Commander,195,normal,common,1,90342,47260e7c-29bf-46f1-a029-9da7bbb418b5,0.55,false,false,false,near_mint,en,false,EUR,2026-09-14T12:19:12.813Z
Wild Might,PCY,Prophecy,134,normal,common,1,33546,7a8c0be2-ba90-4e7a-b1a6-c68be550e33d,0.13,false,false,false,near_mint,en,false,EUR,2026-09-14T12:19:12.813Z
Wild Mongrel,UMA,Ultimate Masters,194,normal,common,1,43322,4d5be4ab-f85a-4272-ac08-99cb0105eb11,0.16,false,false,false,near_mint,en,false,EUR,2026-09-14T12:19:12.813Z
Wild Nacatl,DDH,Duel Decks: Ajani vs. Nicol Bolas,4,normal,common,1,18988,5a3bb291-11d1-45e0-a60a-e75c7dc94b94,0.35,false,false,false,near_mint,en,false,EUR,2026-09-14T12:19:12.813Z
Wild Ride,TDM,Tarkir: Dragonstorm,132,normal,common,1,105154,abc8c6f5-6135-428e-8476-1751f82623f9,0.14,false,false,false,near_mint,en,false,EUR,2026-09-14T12:19:12.813Z
Wildheart Invoker,FDN,Foundations,561,normal,common,1,100581,60f42969-bb5c-4183-8bd3-ba87f008391d,0.13,false,false,false,near_mint,en,false,EUR,2026-09-14T12:19:12.813Z
Wildvine Pummeler,ECL,Lorwyn Eclipsed,203,normal,common,1,110689,11bad5c7-fe9a-4d89-a531-8d4f03d5a0e4,0.04,false,false,false,near_mint,en,false,EUR,2026-09-14T12:19:12.813Z
Wildwood Tracker,ELD,Throne of Eldraine,183,normal,common,1,46155,3538eba1-475a-4388-8a72-55ab7cd1027e,0.03,false,false,false,near_mint,en,false,EUR,2026-09-14T12:19:12.813Z
Wilt,IKO,Ikoria: Lair of Behemoths,176,normal,common,1,49901,55987bab-c24f-4261-b97e-f0ad4474b0a0,0.09,false,false,false,near_mint,en,false,EUR,2026-09-14T12:19:12.813Z
Wilt in the Heat,SOS,Secrets of Strixhaven,243,normal,common,1,112715,f63f7209-fc0f-400c-8076-125f3131cb32,0.03,false,false,false,near_mint,en,false,EUR,2026-09-14T12:19:12.813Z
Wind Zendikon,WWK,Worldwake,46,normal,common,1,22145,bbaae63e-6269-4aca-aa45-956f6bf4e112,0.1,false,false,false,near_mint,en,false,EUR,2026-09-14T12:19:12.813Z
Wind-Scarred Crag,TDM,Tarkir: Dragonstorm,271,normal,common,1,104286,4912e4d0-b16a-4aa6-a583-3430d26bd591,0.05,false,false,false,near_mint,en,false,EUR,2026-09-14T12:19:12.813Z
Winding Way,OTC,Outlaws of Thunder Junction Commander,213,normal,common,1,93874,d3340062-3071-4d8e-98f8-fd3343a011ad,1.53,false,false,false,near_mint,en,false,EUR,2026-09-14T12:19:12.813Z
Winds of Rebuke,AKH,Amonkhet,76,normal,common,1,5609,f2718457-1e3b-48bc-99fe-2300277ee1e0,0.11,false,false,false,near_mint,en,false,EUR,2026-09-14T12:19:12.813Z
"Windurst, Federation Center",FIN,Final Fantasy,292,normal,common,1,106649,c74024bd-b383-468d-9cf5-d112a29f6457,0.08,false,false,false,near_mint,en,false,EUR,2026-09-14T12:19:12.813Z
Wing It,MH3,Modern Horizons 3,48,normal,common,1,94890,e23abf47-22fa-4dca-bd42-fafa1c8b592f,0.06,false,false,false,near_mint,en,false,EUR,2026-09-14T12:19:12.813Z
Wingcrafter,MM3,Modern Masters 2017,58,normal,common,1,6155,0b79a71b-568f-4700-9b1d-e7965159da0a,0.24,false,false,false,near_mint,en,false,EUR,2026-09-14T12:19:12.813Z
Winged Sliver,CMM,Commander Masters,860,normal,common,1,85017,eb1fcaf2-fee3-4088-83e1-bcb72e8c0e88,0.51,false,false,false,near_mint,en,false,EUR,2026-09-14T12:19:12.813Z
Winged Words,M20,Core Set 2020,80,normal,common,1,45381,ff765065-b160-49b6-99ac-cd695bd0d903,0.12,false,false,false,near_mint,en,false,EUR,2026-09-14T12:19:12.813Z
Wings of the Cosmos,KHM,Kaldheim,39,normal,common,1,57101,d6b26c95-f90d-43fb-8c99-2a3aa13ac2c6,0.06,false,false,false,near_mint,en,false,EUR,2026-09-14T12:19:12.813Z
Wings of Velis Vel,MM2,Modern Masters 2015,70,normal,common,1,11147,cc5f287b-beaa-4b51-8db7-91982e2c0bb0,0.11,false,false,false,near_mint,en,false,EUR,2026-09-14T12:19:12.813Z
Winter's Rest,MH1,Modern Horizons,78,normal,common,1,44856,1fdaf6b6-aca7-49e5-a4da-bf8c08b4a055,0.13,false,false,false,near_mint,en,false,EUR,2026-09-14T12:19:12.813Z
Wirewood Guardian,SCG,Scourge,132,normal,common,1,30556,e8676b1f-e37c-4ae1-9dbe-d000369fa422,0.12,false,false,false,near_mint,en,false,EUR,2026-09-14T12:19:12.813Z
Wirewood Herald,EVG,Duel Decks Anthology: Elves vs. Goblins,16,normal,common,1,12400,bcc492f5-d86d-473c-a316-855588a979bd,1.56,false,false,false,near_mint,en,false,EUR,2026-09-14T12:19:12.813Z
Wirewood Pride,ONS,Onslaught,303,normal,common,1,31000,a559e844-06c9-4953-bc2c-a58e4170fe47,0.28,false,false,false,near_mint,en,false,EUR,2026-09-14T12:19:12.813Z
Witch's Cauldron,CMM,Commander Masters,199,normal,common,1,84361,51c15046-dd24-41aa-96f3-fb008a6988dd,0.11,false,false,false,near_mint,en,false,EUR,2026-09-14T12:19:12.813Z
Witch's Cottage,ELD,Throne of Eldraine,249,normal,common,1,46089,b87891cd-b457-4dff-8d18-a7eaf6748fc6,0.75,false,false,false,near_mint,en,false,EUR,2026-09-14T12:19:12.813Z
Witch's Familiar,M15,Magic 2015,123,normal,common,1,13729,8c9f3b3b-de16-4ae5-844e-1373e0f84469,0.1,false,false,false,near_mint,en,false,EUR,2026-09-14T12:19:12.813Z
Witch's Mark,WOE,Wilds of Eldraine,158,normal,common,1,85235,0685afcb-06f6-4d18-b8c2-510764558dc1,0.15,false,false,false,near_mint,en,false,EUR,2026-09-14T12:19:12.813Z
Witching Well,CMM,Commander Masters,135,normal,common,1,84913,d2f028cd-1cb4-4a5b-b989-4acd8777ac5c,0.06,false,false,false,near_mint,en,false,EUR,2026-09-14T12:19:12.813Z
Wither and Bloom,MH3,Modern Horizons 3,111,normal,common,1,94871,95c2390f-71f1-4e42-83da-d603ca86a8d0,0.05,false,false,false,near_mint,en,false,EUR,2026-09-14T12:19:12.813Z
Witherbloom Campus,SOC,Secrets of Strixhaven Commander,423,normal,common,1,112165,e5af06c8-86ab-4731-aa4a-2eec2c664488,0.14,false,false,false,near_mint,en,false,EUR,2026-09-14T12:19:12.813Z
Withstand Death,SOM,Scars of Mirrodin,134,normal,common,1,20898,b059cca0-2373-428b-a3a6-c8be5523c96f,0.32,false,false,false,near_mint,en,false,EUR,2026-09-14T12:19:12.813Z
Witness Protection,FDN,Foundations,168,normal,common,1,101621,f231e981-0069-43ce-ac1c-c85ced613e93,0.12,false,false,false,near_mint,en,false,EUR,2026-09-14T12:19:12.813Z
Witty Roastmaster,SNC,Streets of New Capenna,131,normal,common,1,67822,71d13f19-482b-4a2e-9692-b7d7caf2f9f5,1.13,false,false,false,near_mint,en,false,EUR,2026-09-14T12:19:12.813Z
Wizard's Rockets,LTR,The Lord of the Rings: Tales of Middle-earth,252,normal,common,1,82906,1c6ed742-dfb1-41e2-8f19-184555109e34,0.08,false,false,false,near_mint,en,false,EUR,2026-09-14T12:19:12.813Z
Wojek Bodyguard,CLU,Ravnica: Clue Edition,154,normal,common,1,90639,08e3015b-9c76-484e-9d28-0fbdeb982605,0.08,false,false,false,near_mint,en,false,EUR,2026-09-14T12:19:12.813Z
Wood Elves,MOC,March of the Machine Commander,316,normal,common,1,81671,527cf39d-29d1-4c19-9c49-ebf611ca15d5,0.41,false,false,false,near_mint,en,false,EUR,2026-09-14T12:19:12.813Z
Wooded Ridgeline,BLC,Bloomburrow Commander,353,normal,common,1,96416,aabe97cd-b627-4620-8051-8f54a5d97328,0.23,false,false,false,near_mint,en,false,EUR,2026-09-14T12:19:12.813Z
Woodland Chasm,KHM,Kaldheim,274,normal,common,1,57049,b2dd0b71-5a60-418c-82fc-f13d1b5075d0,0.67,false,false,false,near_mint,en,false,EUR,2026-09-14T12:19:12.813Z
Words of Wisdom,ODY,Odyssey,114,normal,common,1,32063,c0199cfb-5e44-40f0-b9cf-71473155eb94,0.77,false,false,false,near_mint,en,false,EUR,2026-09-14T12:19:12.813Z
World Map,FIN,Final Fantasy,270,normal,common,1,106572,70d9ab99-ec8a-402e-ba1d-ffa6c4c84a3f,0.11,false,false,false,near_mint,en,false,EUR,2026-09-14T12:19:12.813Z
Worldly Counsel,CON,Conflux,39,normal,common,1,23690,b454cbdc-b2ff-4b6a-acaf-b7cf52359f0b,0.13,false,false,false,near_mint,en,false,EUR,2026-09-14T12:19:12.813Z
Worthy Cost,TDM,Tarkir: Dragonstorm,99,normal,common,1,104883,adc18edc-01d8-4a7e-a87b-a854e50aa75e,0.12,false,false,false,near_mint,en,false,EUR,2026-09-14T12:19:12.813Z
Wrangle,AER,Aether Revolt,101,normal,common,1,6313,5ea93a49-5a7c-4d15-8548-a57c9460e0f0,0.12,false,false,false,near_mint,en,false,EUR,2026-09-14T12:19:12.813Z
Wrap in Vigor,CNS,Conspiracy,183,normal,common,1,14237,92d53533-b10e-430a-a6f6-58ecb508be77,1.16,false,false,false,near_mint,en,false,EUR,2026-09-14T12:19:12.813Z
Wreckage Wickerfolk,DFT,Aetherdrift,110,normal,common,1,103602,aeff3db7-81ac-4c51-9954-bc1dbcb8c4e3,0.07,false,false,false,near_mint,en,false,EUR,2026-09-14T12:19:12.813Z
Wrecking Ball,GK2,RNA Guild Kit,74,normal,common,1,43953,cc5c6ebb-098f-4632-a18e-da50464e20c4,0.14,false,false,false,near_mint,en,false,EUR,2026-09-14T12:19:12.813Z
Wrench Mind,IMA,Iconic Masters,115,normal,common,1,3510,360a6ada-b257-44b8-b830-aaa122474bce,0.17,false,false,false,near_mint,en,false,EUR,2026-09-14T12:19:12.813Z
Wrenn's Resolve,MOM,March of the Machine,173,normal,common,1,81419,9a47999c-12d5-4e1a-a9c1-40a1757007f1,1.71,false,false,false,near_mint,en,false,EUR,2026-09-14T12:19:12.813Z
Wretched Banquet,CON,Conflux,56,normal,common,1,23673,3bdaf55b-2de3-4c8a-90ae-9c88c9d00fd7,0.11,false,false,false,near_mint,en,false,EUR,2026-09-14T12:19:12.813Z
Wretched Gryff,INR,Innistrad Remastered,7,normal,common,1,102602,722b519a-715d-4393-9d3c-97f329896ef4,0.17,false,false,false,near_mint,en,false,EUR,2026-09-14T12:19:12.813Z
Writ of Passage,DIS,Dissension,37,normal,common,1,27388,abd58eee-1108-49be-9ae7-da179fb081c2,0.11,false,false,false,near_mint,en,false,EUR,2026-09-14T12:19:12.813Z
Write into Being,FRF,Fate Reforged,59,normal,common,1,12067,a85e6fbe-cda0-4fbf-853c-c03c567a7de9,0.07,false,false,false,near_mint,en,false,EUR,2026-09-14T12:19:12.813Z
Writhing Chrysalis,MH3,Modern Horizons 3,208,normal,common,1,94680,f54dbeb1-51f8-40e2-912a-ec25457de5a2,0.4,false,false,false,near_mint,en,false,EUR,2026-09-14T12:19:12.813Z
Writhing Necromass,DMU,Dominaria United,115,normal,common,1,71655,a166abef-f068-47e9-8a65-43ebf4b015bd,0.1,false,false,false,near_mint,en,false,EUR,2026-09-14T12:19:12.813Z
Yamabushi's Storm,CHK,Champions of Kamigawa,199,normal,common,1,29026,0a5a930d-ae59-47e2-9b98-f703e308b5c0,0.09,false,false,false,near_mint,en,false,EUR,2026-09-14T12:19:12.813Z
Yavimaya Barbarian,INV,Invasion,290,normal,common,1,33043,8e17377d-4dad-4144-b0ce-c849636096a2,0.19,false,false,false,near_mint,en,false,EUR,2026-09-14T12:19:12.813Z
Yavimaya Enchantress,C18,Commander 2018,167,normal,common,1,676,e7255a92-12eb-4506-a3fa-996cd38ca836,0.15,false,false,false,near_mint,en,false,EUR,2026-09-14T12:19:12.813Z
Yavimaya Scion,ULG,Urza's Legacy,119,normal,common,1,35401,a2f80036-1058-4513-8549-0557df9b5d61,0.11,false,false,false,near_mint,en,false,EUR,2026-09-14T12:19:12.813Z
Yip Yip!,TLA,Avatar: The Last Airbender,43,normal,common,1,109420,43f4b10e-165b-4100-82f3-728e1b0c78ed,0.07,false,false,false,near_mint,en,false,EUR,2026-09-14T12:19:12.813Z
Yoked Ox,M20,Core Set 2020,41,normal,common,1,45420,a73f186b-c897-4a98-bc25-8e4aa348d8c9,0.03,false,false,false,near_mint,en,false,EUR,2026-09-14T12:19:12.813Z
You Are Already Dead,NEO,Kamigawa: Neon Dynasty,129,normal,common,1,66554,768727ce-4f84-4527-8d69-3c9b7877b748,0.11,false,false,false,near_mint,en,false,EUR,2026-09-14T12:19:12.813Z
You Hear Something on Watch,AFR,Adventures in the Forgotten Realms,42,normal,common,1,60296,76e939ab-9d0c-4685-805c-c8bc4e6af163,0.07,false,false,false,near_mint,en,false,EUR,2026-09-14T12:19:12.813Z
You Meet in a Tavern,CLB,Commander Legends: Battle for Baldur's Gate,263,normal,common,1,69189,9fddbd7a-799c-4432-810c-d839c5c354b9,0.14,false,false,false,near_mint,en,false,EUR,2026-09-14T12:19:12.813Z
You're Ambushed on the Road,AFR,Adventures in the Forgotten Realms,43,normal,common,1,60287,726da84a-fdd4-46df-8ba4-f94d582bcce4,0.09,false,false,false,near_mint,en,false,EUR,2026-09-14T12:19:12.813Z
You're Not Alone,FIN,Final Fantasy,44,normal,common,1,106327,1867b5cb-2bb0-4f49-b302-036fdffa2344,0.04,false,false,false,near_mint,en,false,EUR,2026-09-14T12:19:12.813Z
Young Blue Dragon // Sand Augury,CLB,Commander Legends: Battle for Baldur's Gate,106,normal,common,1,69034,56b0f66b-dca9-4a01-9394-20a513c2b225,0.13,false,false,false,near_mint,en,false,EUR,2026-09-14T12:19:12.813Z
Young Wolf,INR,Innistrad Remastered,227,normal,common,1,101891,ed2ca825-b029-495f-83fc-54366229d417,0.25,false,false,false,near_mint,en,false,EUR,2026-09-14T12:19:12.813Z
Your Temple Is Under Attack,CLB,Commander Legends: Battle for Baldur's Gate,52,normal,common,1,69117,7ad8aa76-b643-4bd2-aaeb-036c1d50db54,0.54,false,false,false,near_mint,en,false,EUR,2026-09-14T12:19:12.813Z
Zealot il-Vec,TSP,Time Spiral,47,normal,common,1,26853,3a2a2740-68cb-48c9-9716-081d369075e0,0.08,false,false,false,near_mint,en,false,EUR,2026-09-14T12:19:12.813Z
Zealot's Conviction,ONE,Phyrexia: All Will Be One,39,normal,common,1,78504,3a419ba1-7bd3-48e3-8f88-d9f833b25d6d,0.07,false,false,false,near_mint,en,false,EUR,2026-09-14T12:19:12.813Z
Zealous Display,EOE,Edge of Eternities,45,normal,common,1,107787,f5973fd3-d6bc-48f1-8a44-57d2a6dda228,0.04,false,false,false,near_mint,en,false,EUR,2026-09-14T12:19:12.813Z
Zealous Lorecaster,SOS,Secrets of Strixhaven,137,normal,common,1,112590,36ab2130-9f21-4d30-873a-aa72d3d15fa8,0.05,false,false,false,near_mint,en,false,EUR,2026-09-14T12:19:12.813Z
Zektar Shrine Expedition,ZEN,Zendikar,155,normal,common,1,22469,f12d2c01-0ef2-40e6-8c7d-8512e2c8c074,0.1,false,false,false,near_mint,en,false,EUR,2026-09-14T12:19:12.813Z
Zhalfirin Shapecraft,MOM,March of the Machine,87,normal,common,1,81463,e446a380-0316-46f7-8ac9-22bce773b35f,0.11,false,false,false,near_mint,en,false,EUR,2026-09-14T12:19:12.813Z
Zoo Escapees,TMT,Teenage Mutant Ninja Turtles,138,normal,common,1,111542,f57ba8ff-2f8c-4ca1-9b13-42a7cc213e99,0.04,false,false,false,near_mint,en,false,EUR,2026-09-14T12:19:12.813Z
Zookeeper Mechan,EOE,Edge of Eternities,170,normal,common,1,107744,8d5cd0be-4337-4aba-a4f6-5adab7735a73,0.1,false,false,false,near_mint,en,false,EUR,2026-09-14T12:19:12.813Z
Zuko's Exile,TLA,Avatar: The Last Airbender,3,normal,common,1,109489,9090b055-3406-4fed-a8c6-3f6353a9600e,0.1,false,false,false,near_mint,en,false,EUR,2026-09-14T12:19:12.813Z
Zulaport Duelist,ZNR,Zendikar Rising,88,normal,common,1,54434,0b4c7268-60c6-4038-8ce9-d9d51bed4577,0.05,false,false,false,near_mint,en,false,EUR,2026-09-14T12:19:12.813Z